id,khasi,english,part_of_speech,notes,page
1,A,first letter of the Khasi alphabet; oh!; ah!,interjection,alphabet entry,1
2,Ab,imitation of the cry of a crow,interjection,—,1
3,Abir,red powder used in the Holi festival,noun,Hindi loanword,1
4,Ak,ah!; exclamation of disgust at an unpleasant smell,interjection,—,1
5,Aku,expression of disgust at a bad smell,interjection,—,1
6,Akher-ka-sngi,Domesday,noun,—,1
7,Akhia,earnest man,noun,colloquial,1
8,Akor,behaviour; conduct,noun,Hindi loanword,1
9,Adda,stage for changing horses and dak runners,noun,Hindi loanword,1
10,Ade,perhaps; maybe,adverb,also used as an interjection expressing surprise or approval,1
12,Adkar,thoughtfully; economically; moderately,adverb,—,1
13,Ang,to open; to crack,verb,—,1
14,Angel,angel,noun,English loanword,1
15,Ahor,marshy place; swamp,noun,—,1
16,Ai,to give; to bestow,verb,—,1
17,Aia,ayah,Noun,Hindi loanword,
18,Ai-bai-siew,to give money for buying things at a time,Verb,Payment in advance,
19,Ai-baibat,to pay ready money,Verb,Cash payment,
20,Ai-bainong,to give wages; to reward,Verb,,
21,Ai-baishun,to give or pay a paltry sum of money,Verb,,
22,Ai-bat,to give one to hold; to entrust,Verb,,
23,Ai-bor,to authorize; to strengthen; to empower,Verb,,
24,Ai-bud-nam,to slander; to defame,Verb,,
25,Ai-kai,to lend temporarily; to pretend to give,Verb,,
26,Ai-kaiphod,to give an explanation,Verb,Legal usage,
27,Ai-kam,to give employment,Verb,,
28,Ai-khawduh,to leave uncared for; to outcast,Verb,,
29,Ai-khusnam,to confer honour for meritorious conduct,Verb,,
30,Ai-ksew,to put a dog on the scent,Verb,,
31,Ai-ksuid,to bring disease or death through evil spirits,Verb,Traditional belief,
32,Ai-kum,Synteng ceremony before living with wife and children,Noun,Cultural term,
33,Ai-kylliang,to lend,Verb,,
34,Ai-daw,to give an excuse; to give a reason,Verb,,
35,Ai-ei,to give freely; to give gratis,Verb,,
36,Ai-nguh,to give thanks,Verb,,
37,Ai-huspai,to indulge,Verb,,
38,Ai-lad,to give an opportunity; to help,Verb,,
39,Ai-lait-lan,to let loose; to allow complete freedom,Verb,,
40,Ai-li,to let someone have their own way,Verb,,
41,Ai-mon,to allow one's own will,Verb,,
42,Aiu,law; statute,Noun,,
43,Ai-nishan,to name; to identify; to point out,Verb,,
44,Ai-nong,to give out work or a load to be done for hire,Verb,,
45,Aiom,season; time,Noun,,
46,Ai-pop,to accuse; to blame,Verb,,
47,Ai-reng,to confront; to oppose; to present the horn (bull-fighting),Verb,,
48,Ai-rong,to paint,Verb,,
49,Ai-sakhi,to give evidence,Verb,Legal usage,
50,Ai-sboh,to manure,Verb,Agriculture,
51,Ai-shah,to give on credit,Verb,,
52,Ai-siew,to sell at cost price,Verb,Commerce,
53,Ai-sniew,to poison,Verb,,
54,Ai-sut,to lend money on interest,Verb,Finance,
55,Ai-ti,to hand over; to deliver; to surrender,Verb,,
56,A-iu,what?,Pronoun,Interrogative,
57,A-iu-re-aiu,something,Pronoun,,
59,Alhia,lazy; idle,Adjective,,
60,Along,lock-up; jail,Noun,,
61,Am,to bite; to sink the teeth into,Verb,"Also used imperatively as ""give me""",
62,Ama / Amai,oh!,Interjection,Used after a narrow escape,
63,Amduh,wisdom tooth,Noun,,
64,Amrang,harsh tone; empty words,Noun,,
65,Ana,anna (¹⁄₁₆ of a rupee),Noun,Historical currency,
66,Ani,oh!,Interjection,Pain or surprise,
67,Anipot,misfortune,Noun,,
68,An-na,idiotic,Adjective,,
69,Antad,to guess; to conjecture,Verb,"Also used as an adverb: ""by conjecture"", ""moderately""",
70,Antra,chorus,Noun,,
71,Ap,to wait; to stay for,Verb,,
72,Ap-dien,to guard or watch from behind,Verb,,
73,"Aphing (Aphim, Aphin)",opium,Noun,Variant spellings listed,
74,Ap-phira,to guard as a sentinel,Verb,,
75,Apod,trouble; calamity,Noun,,
76,Ap-thap,to lie in wait for,Verb,,
77,Ap-tuh,to waylay; to wait stealthily,Verb,,
78,Ar,two,Numeral,,
79,Arban,twofold; double,Adjective,,
80,Arbriew,two shares; two votes,Noun,,
81,Arbaliang,both sides (of a dispute),Adjective,,
82,Arbud,two folds (of twisted thread),Noun,,
83,Arbyteng (Arbteng),two generations; two successive things,Noun,Variant spelling listed,
84,Arkhap,cleft; gorge; narrow place between two rising mounds,Noun,,
85,Arkhep,two occasions,Noun,,
86,Arklur,two crores,Numeral,,
87,Arkup,two suits of clothes,Noun,Usually wrappers or shawls,
88,Ardeng,two pairs of ornaments,Noun,,
89,Arhajar,two thousand,Numeral,,
90,Ari,exclamation expressing a sensation of cold,Interjection,,
91,Arlud-um,junction of two rivers,Noun,,
92,Arlak,two lakhs,Numeral,,
94,Arliang niamla,two opposing parties,Noun,,
95,Armet,"pregnant (literally ""two bodies"")",Adjective,Idiomatic expression,
96,Arpateng,two generations; two steps,Noun,,
97,Arphew,twenty,Numeral,,
98,Arpiah,Rs. 2 and 8 annas,Noun,Historical currency,
99,Aro,there you are!,Interjection,Colloquial,
100,Arsap,twofold; hypocritical,Adjective,,
101,Arshah,doubly; twice as much,Adverb,,
102,Arshing,two pice,Noun,Historical currency,
103,Arsien,twice,Adverb,,
104,Arsut,downwards,Adverb,,
105,Artat,besides; at the same time; on the way,Adverb,,
106,Artatien,doubtful,Adjective,,
107,Arteng,two occasions,Adverb,,
108,Artet,upwards; northwards,Adverb,,
109,Arwat,twice; twofold,Adverb,,
110,Asbab,luggage,Noun,,
111,Ashar,preserved fruits or vegetables; chutney,Noun,,
112,Asir,toll collected at Lakhat Bazaar,Noun,,
113,Astor,lime plastering,Noun,,
114,At,to swell; to bulge; to harbour ill feelings,Verb,,
115,Ata,flour,Noun,,
116,Atad,compound of a house,Noun,,
117,At-byllei,to swell as if affected by nettle rash,Verb,,
118,Atbylliang,swelling as if caused by a whip lash,Noun,,
119,At-khu,to envy,Verb,,
120,At-kpoh,to have flatulence,Verb,,
121,Atiar,instrument; weapon,Noun,Loanword,
122,Atjalyngkhiang,glandular swelling,Noun,,
123,Atling,to swell all over,Verb,,
124,Atlyngkding,to swell (especially of the abdomen),Verb,,
125,Atmiang,to have the mumps,Verb,Disease,
126,Atmytung,to swell prominently,Verb,,
127,Atnud,to feel revengeful; to envy,Verb,,
128,At-pateng-pateng,to form swellings here and there,Verb,,
129,At-phyllung,to roll in waves,Verb,,
130,Atsohkhliang,to have an excrescence on the body,Verb,,
131,Ator,sweet scent; perfume,Noun,,
132,Atoskhana,chimney,Noun,,
133,At-top,to be dropsical,Verb,Medical,
134,Awal,voice; sound,Noun,,
135,Awat,voice; sound,Noun,Variant form,
136,Aw-aw,to cry or beg importunately,Adverb,Usually used with crying or pleading,
137,Awria,licentious; immoral,Adjective,,
138,Ba,that; for; since,Conjunction,Also functions as a prefix and suffix in Khasi grammar,
139,Ba,to flash; to give light,Verb,,
140,'ba,paddy (abbreviation of kba),Noun,,
141,Babe,to repent; to regret,Verb,,
142,Babha,good,Adjective,,
143,Baborshi,cook,Noun,,
144,Babu,native gentleman; writer; schoolmaster,Noun,Historical usage,
145,Bak,away; sharply,Adverb,,
146,Bak-bak,heedlessly,Adverb,,
147,Bakha,son or daughter of a maternal uncle or paternal aunt,Noun,Kinship term,
148,Bakhor,gunpowder,Noun,,
150,Bakhraw-batri,noble person; person of high family,Noun,,
151,Bak-jingbak,persistently; in spite of opposition,Adverb,,
152,Bakla,to err; to make a mistake,Verb,,
154,Bad,to exclude; to make an exception,Verb,,
155,Baden,irrigated rice field,Noun,Agriculture,
156,Ba-ding,to light with a torch or lamp,Verb,,
157,Badon-ba-em,well-to-do person,Noun,,
158,Bang,tasty; savoury; palatable,Adjective,,
159,Bang,bamboo carrying pole,Noun,Used for carrying loads across the shoulder,
160,Bah,to carry on one's back; to bear,Verb,,
161,Bah,elder brother (vocative); respectful title,Noun,,
162,Bah,great; large,Adjective,Used as a prefix in compounds,
163,Bah-bah,one who compels by force,Noun,,
164,Bah-bang,to carry loads with a shoulder pole,Verb,,
165,Bahkhala,to be answerable for; to be responsible for,Verb,,
166,Bahkyndong,to keep carrying continually,Verb,,
167,Bahryndang,to act on behalf of another; to be vicarious,Verb,,
168,Bahtympha,wall plate,Noun,Building term,
169,'Bai,cowry shell,Noun,Historical currency,
170,'Bai,price; value,Noun,,
171,Ba-iai,always; steadfast,Adjective,,
172,'Baibam,allowance; diet expenses; stipend,Noun,,
173,'Baibat,ready money; cash,Noun,,
174,'Baikhrong,toll; tax,Noun,,
175,'Baikharwait,redemption money; war indemnity,Noun,,
176,'Bailut,expenditure; cost,Noun,,
177,'Baimynraiukhmat,"compensation for breach of contract, especially a marriage contract",Noun,,
178,'Bainong,wages; salary,Noun,,
179,Baiong,to become giddy; to suffer from a headache,Verb,,
180,Ba ioh,lest; for fear,Phrase,,
181,Ba-ioh-ba-kot,well-to-do person,Noun,,
182,'Bai-seng,capital; business capital,Noun,,
183,'Baisngi,daily wages,Noun,,
184,'Baisiew,money for immediate necessary expenses,Noun,,
185,Bait,to sharpen (a stick),Verb,,
186,'Baiwai,rent,Noun,,
187,Bajawalla,military band,Noun,,
188,Bajawalla,bandsman,Noun,Person belonging to a military band,
189,Baje,clock; watch; gong,Noun,,
191,Bajuhon,kind of bracelet,Noun,,
193,Balia,to interfere; to meddle,Verb,,
194,'Ba-lum,highland rice,Noun,,
195,Bam,to eat,Verb,,
196,Bam-bnai,to board; to live at another's table for payment,Verb,,
197,Bambriew,cannibal; man-eating,Adjective,,
198,Bam-khuti,to take bribes,Verb,,
199,Bam-krang,to undermine,Verb,,
200,Bam kwai ha ing U Blei,"literally ""to eat betel nut in the house of God""; expression used when referring respectfully to a deceased person",Phrase,Cultural expression,
201,Ba-met,full (said of tubers and fruits),Adjective,,
202,Bam-ngem,one who secretly commits faults,Adjective,,
203,Bam-hynroh-u-bnai,eclipse of the moon,Noun,,
204,Bam-hynroh-ka-sngi,eclipse of the sun,Noun,,
206,Bam-jajah,to eat cold rice; to take a midday meal,Verb,,
207,Bam-jasngi,to take tiffin; midday meal,Verb,,
208,Bam-niang-iap,disease affecting the toes,Noun,Traditional medical term,
209,Bam-niang-riej,to be worm-eaten (of fruit),Verb,,
210,Bamon,Brahmin,Noun,,
211,Bampong,cancer; scrofula,Noun,,
212,Bamplan,to live from hand to mouth,Verb,,
213,Bamram,to live in debt; to incur debt,Verb,,
214,Bamrwing,to eat fruit or food while travelling for immediate need,Verb,Cultural usage,
215,Bamsap,to take bribes; to commit secret faults,Verb,,
216,Bam-sbiteng-kpoh,to eat only half a meal,Verb,,
217,Bamsih,to eat unclean food (e.g. flesh of dead animals or dogs),Verb,,
218,Bamtyngka,to accept bribes,Verb,Similar to Bam-khuti,
219,Bam-tyllan,to devour completely; eat everything,Verb,,
220,Ban,to oppress; to press upon; to treat cruelly,Verb,,
221,Ban,magical charm; mantra,Noun,,
222,Ban,dam; embankment,Noun,,
224,Ba'n la,rather than,Phrase,,
225,Banat,woollen cloth,Noun,,
226,Ban budkhia,to stitch,Verb,,
227,Bandari,revenue official (Jaintia Hills),Noun,Historical term,
228,Bandobos,to arrange; to settle,Verb,,
229,Bania,goldsmith,Noun,,
230,Banse,to be obliged; to have no alternative,Verb,Usually appears in negative constructions,
231,Ban-snaiap,incubus,Noun,Traditional belief,
232,Baniun,bog; marsh,Noun,,
233,Baphoi,vindictive; easily offended,Adjective,,
234,Bapli,pitiable; poor,Adjective,,
235,'Ba-pynthor,lowland rice,Noun,,
237,Baranda,verandah,Noun,Loanword,
238,Barandi,long cloak; brandy,Noun,Historical entry,
239,Barobakhor,spices,Noun,,
240,Barobor,always; continually,Adverb,,
242,Basa,village deity,Noun,,
243,Basa,market stall; lodging,Noun,Multiple meanings,
244,Basan,state official in the Khasi Hills; petty village official in the Jaintia Hills,Noun,Historical,
245,Bashala,crooked; not straight (of planks),Adjective,,
246,Bashia,fastidious; particular about food,Adjective,,
247,Bashla,to be dazzled,Verb,,
248,Bashi,flute,Noun,,
249,Bat,to hold; to grasp; to catch,Verb,,
250,'Bat,weed; medicinal plant,Noun,,
251,'Bat-iambait,sensitive plant,Noun,Botanical,
252,Batabak,leaf umbrella,Noun,,
253,Batai,to explain; to make clear,Verb,,
254,Bate,to distribute,Verb,,
255,Batip,knowingly,Adverb,Often used ironically,
256,Batip sngi,good; well-behaved,Adjective,,
257,Beng,large frog,Noun,,
258,Beh,to send away; expel; pursue; seek,Verb,,
259,Behbein,to persecute unjustly,Verb,,
260,Behkha-behman,helpful to neighbours in times of need,Adjective,,
261,Behdiengkhlam,annual Synteng festival to drive away pestilence,Noun,Cultural festival,
262,Behmrad,to hunt wild animals,Verb,,
263,Behnongshohnoh,to pursue for ritual murder associated with u Thlen,Verb,Traditional belief,
264,Behshai,to collect debts,Verb,,
265,Behshnong,to excommunicate from a village,Verb,,
266,Behshoh,to threaten to beat,Verb,,
267,Bei,to help with money,Verb,,
268,Bei,mother (Synteng dialect),Noun,Dialect,
269,Be-ijot,to dishonour,Verb,,
270,Bei-man,falsely; untrustworthily,Adverb,,
271,Bein,to scorn; to despise; to challenge,Verb,,
272,Bein,scornfully; contemptuously; cruelly,Adverb,,
273,Bein-shyntur,to make faces; to pout,Verb,"Literally ""to make a mouth""",
274,Beit,straight; right,Adjective,,
275,Beit,uprightly,Adverb,,
276,Beit,to agree; to settle,Verb,,
277,Bela,violin,Noun,,
278,Ben,bench,Noun,English loanword,
279,Ben,a kind of fruit whose kernel is edible,Noun,Botanical,
280,Ber,to sprinkle powder,Verb,,
281,Ber,like a flash,Adverb,,
282,Bet,to sow,Verb,Agriculture,
283,Bet,sedge,Noun,Plant,
284,Bet,"particle meaning ""let me see""",Particle,Used at sentence end,
285,Bet-dier,to sow late in the season,Verb,Agriculture,
286,Bet-lap,to sow early in the season,Verb,Agriculture,
287,Bha,well; good; better,Adverb,,
288,Bhabriew,beautiful; pretty,Adjective,,
289,Bhang,Indian hemp (cannabis),Noun,,
290,Bhang,to become intoxicated or mad from bhang,Verb,,
291,Bhah,share; portion,Noun,,
292,Bhai,friend,Noun,,
293,Bhamet,healthy; of good constitution,Adjective,,
294,Bhar,group of thirty-two (used in counting fruits),Noun,Traditional measure,
295,Bha-sngi,lucky,Adjective,,
296,Bhek,heavily,Adverb,,
297,Bhoh,to desire shamelessly,Verb,,
298,Bhoi,inhabitant of the northern Khasi and Jaintia lowlands,Noun,Ethnographic term,
299,Bhoi,ignorant person,Noun,Secondary meaning,
300,Bhuk-bhak,confusedly,Adverb,,
301,Bhum-bham,confused noise; loud mixed sounds,Adverb,,
302,Bhur,epilepsy,Noun,Medical,
303,Bhur,one of a herd (wild boars),Noun,Zoological,
304,Bhut,ghost; evil spirit,Noun,,
305,Bhut-bhat,instantly; immediately,Adverb,,
306,Bia,to marry,Verb,,
307,Biang,enough; sufficient,Adjective,,
308,Biang,again; a second time,Adverb,,
309,Biang,peacefully; safely,Adverb,Context-dependent,
310,Biangbiang,carefully; properly,Adverb,,
311,Biah,to spit,Verb,,
312,Biah,to exchange,Verb,,
313,Biah,to return excess money after barter,Verb,Commerce,
314,Biah,bundle of sixty betel leaves,Noun,Traditional measure,
315,Biahphongrai,to infect; to taint; to lay eggs on flesh (of flies),Verb,,
316,Biah-tynipew,to apply a small quantity of lime to folded betel leaf,Verb,Cultural usage,
317,Biar,wall,Noun,,
318,Biar,girth,Noun,,
319,Biat,to eat little by little,Verb,Usually small seeds or pulses,
320,Bikrompukhiah,gigantic eagle (legendary),Noun,Mythological bird,
321,Bidesi,to a foreign country,Adverb,,
322,Bidong,to be strict,Verb,,
323,Bidong,strictly; without indulgence,Adverb,,
324,Bieit,foolish,Adjective,,
325,Bieit,disabled,Adjective,,
326,Bieit,dumb; unable to speak,Adjective,,
327,Bih,poison,Noun,,
328,Bijai,to become worthless,Verb,,
329,Bijai,uselessly; in vain,Adverb,,
330,Bijar,sorrowful,Adjective,,
331,Bijar,grievous,Adjective,,
332,Bilat,England,Noun,Historical usage,
333,Bilat,Europe,Noun,Historical usage,
334,Bill,iron lifting hook for cooking pots,Noun,Household tool,
335,Bill,iron leg-chain used to restrain criminals,Noun,Historical,
336,Bim,beam,Noun,Building term,
337,Bim,heavily (of large timbers or stones falling),Adverb,,
338,Bin,carefully,Adverb,,
339,Bin-bin,atom,Noun,,
340,Bin-bin,extremely small,Adjective,,
341,Binong-bishon,good; noble,Adjective,,
342,Bir,marsh,Noun,,
343,Bir,lake,Noun,,
344,Bira-biri,confusion; disorder,Noun,,
345,Biria,jokingly,Adverb,,
346,Biskit,biscuit,Noun,English loanword,
347,Biskurom,god of arts; Khasi Vulcan,Noun,Mythological,
348,Bishar,to judge,Verb,,
349,Bishar,legal proceedings; judgment,Noun,,
350,Bishni,to envy,Verb,,
351,Bisti,water-carrying servant; bhisti,Noun,Historical occupation,
352,Bit,fit; proper,Adjective,,
353,Bit,to stick,Verb,,
354,Bit,to resemble,Verb,,
355,Bitar,angry,Adjective,,
357,Blad,tasteless; insipid,Adjective,,
358,Blait,through; across,Adverb,,
359,Blait-blait,bloodless; pale white,Adjective,,
360,Blang,goat,Noun,Animal,
361,Blang-u-bhed,collective sacrificial offerings brought by villagers,Noun,Cultural / Religious,
362,Blar-blar,pale; colourless,Adjective,,
363,Blaw,to feel lonely,Verb,Usually used as sngew-blaw,
364,Blei,God; deity,Noun,Religion,
365,Blei-thaw,idol; image,Noun,Religion,
366,Bliat-bliat,completely; altogether,Adverb,,
367,Blir-blir,pale,Adjective,,
368,Bloit,to fall off,Verb,,
369,Bloit,suddenly; unexpectedly,Adverb,,
370,Blom-blom,muttering; murmuring,Adverb,,
371,Bluit,suddenly,Adverb,,
372,Blur,through; from side to side,Adverb,,
373,Bna,to hear,Verb,,
374,Bnai,moon,Noun,Astronomy,
375,Bnai,month,Noun,Time,
376,Bneng,sky; heaven,Noun,,
377,Bniah,careful; exact; detailed,Adjective,,
378,Bniap,to kill,Verb,,
379,Bniat,tooth,Noun,Body,
380,Bniej,tiny; small,Adjective,,
381,Bnoh,purlin; stick with a crooked head,Noun,Building,
382,Bok,luck; fortune,Noun,,
383,Bok-bok,to bother; annoy,Verb,,
384,Bong-ang,to stand or sit astride,Verb,,
385,Bong-knang,very thin; lean,Adjective,,
386,Boh,to tie behind,Verb,,
387,Bohkhaila,loincloth; dhoti,Noun,Traditional clothing,
388,Boi,to swarm; to be plentiful,Verb,,
389,Boi-boi,soft; easily detached,Adjective,,
390,Boina,earnest money; pledge money,Noun,Commerce,
391,Boiñ-boiñ,soft; yielding,Adjective,,
392,Bok paidbah,public welfare,Noun,Compound expression,
393,Bol,strength; force,Noun,Loanword,
394,Bom,to strike violently,Verb,,
395,Bom,explosion; blast,Noun,,
396,Bor,power; authority; strength,Noun,,
397,Bor,to be able; to have the power,Verb,,
398,Bor shnong,village authority,Noun,Administrative term,
399,Bot,completely; entirely,Adverb,,
400,Bot,to become full,Verb,,
401,Bri,earth; soil,Noun,,
402,Bri jylla,country; state,Noun,Geographic term,
403,Briew,person; human being,Noun,,
404,Briew paidbah,ordinary people; the public,Noun,,
405,Briew shnong,villager,Noun,,
406,Briewrangbah,elder; respected person,Noun,Social title,
407,Broh,to break apart,Verb,,
408,Broi,to become rotten,Verb,,
409,Brong,brown,Adjective,Colour,
410,Bteng,to continue,Verb,,
411,Bthah,to order; to command,Verb,,
412,Bthuh,to understand; to know,Verb,,
413,Boit,fabulous fairy of only a cubit in stature; Lilliputian; small boy in the War districts,Noun,Folklore,
414,Boitha,rudder,Noun,,
415,Bol,ball; bowl,Noun,English loanword,
416,Bor,power; influence; authority,Noun,,
417,Borkapor,coarse cotton cloth,Noun,Assamese loanword,
418,Borkyndat,guard for prisoners,Noun,Historical,
419,Borma,auger; native of Burma,Noun,Two meanings,
420,Borti,bucket,Noun,,
421,Borti,to enlist,Verb,,
422,Brah,upas tree,Noun,Botanical,
423,Brai,to like; to be fond of,Verb,,
424,Brai,white mongoose,Noun,Animal,
425,Brai,snapped apart (of a string),Adverb,,
426,Bram,poisonous (of fungi or fruits),Adjective,,
427,Bran,quickly; briskly; in haste,Adverb,,
428,Bred,to throw away,Verb,,
429,Bred-ei,to throw away as worthless,Verb,,
430,Breiñ-breiñ,falling softly like a drizzle,Adverb,,
431,Bri,grove; estate; farm,Noun,,
432,Bria,slightly; indistinctly,Adverb,,
433,Bri-kwai,betel-nut grove,Noun,,
434,Brin,in a row,Adverb,,
435,Brisoh,orange grove; fruit grove,Noun,,
436,Briw / Briew,man; woman; person,Noun,Plural: ki briew,
437,Briew,apple of the eye,Noun,Figurative meaning,
438,Broh,pitted (usually describing fruit),Adjective,,
439,Broi,kind of sour fruit,Noun,Usually appears as soh broi,
440,Buiñ,to suck,Verb,,
441,Buiñ-bañn,with grimaces; contortively,Adverb,Used of facial expressions,
442,Buit,cleverness; cunning; skill; scheme,Noun,,
443,Buit-ti,inclined to stealing,Adjective,,
444,Bujai,to explain,Verb,,
445,Bula,mask,Noun,,
446,Bula,masquerader,Noun,,
447,Bulor (Bilor),bottle,Noun,Variant spelling given,
448,Bun,many; much,Adjective,,
449,Bun,burnt turf used as manure,Noun,Agriculture,
450,Bun-ktien,talkative; loquacious,Adjective,,
451,Bunshah,many times as much,Adverb,,
452,Bunsien,often; many times,Adverb,,
453,Bur,to creep or spread (as fire),Verb,,
454,Bur,raft,Noun,,
455,Buria,to give compensation for,Verb,,
456,Burom,honour; glory,Noun,,
457,Burom,to honour,Verb,,
458,Buskit,gift; present,Noun,,
459,Bydi,"twenty (used in counting firewood, etc.)",Numeral,Traditional counting term,
460,Bylla,to work as a day labourer,Verb,,
461,Bylla,pierced right through,Adverb,,
462,Byllai,in great numbers,Adverb,,
463,Bylliang,marked with stripes,Adjective,,
464,Bylliat,kind of hardwood,Noun,Tree/wood,
465,Byllien,very numerously,Adverb,,
466,Byllud,to graze; to rub gently; to pass just touching,Verb,,
467,Byllun,bulgingly; swollen like a cramp,Adverb,,
468,B'ym,that...not; because...not,Phrase,Contraction of ba + ym,
469,B'ymdei,improper; not right,Adjective,,
470,B'ymjukut,eternal,Adjective,,
471,B'ymler,good for nothing,Adjective,,
473,Ka,she; it,Pronoun,Feminine/Neuter,
474,Ka,sentence-final particle for euphony,Particle,,
475,K'a,Simul tree,Noun,,
476,Kaba,who; which; what,Pronoun,Relative pronoun,
478,Kabab,roasted flesh,Noun,,
479,Kaba-kai,plaything; sport; sham; not real,Noun,,
480,Kaba-khluid,warmth; heat,Noun,,
481,Kaba-kyrhai,abundance; plenty,Noun,,
482,Kaba-long,condition; state,Noun,,
483,Kaba-mut,meaning; intention,Noun,,
484,Kaba-sawa,sound; noise,Noun,,
485,Kaba-saw,greenness,Noun,,
486,Kaba-shai,brightness; light,Noun,,
487,Kaba-sniew,evil; wickedness,Noun,,
488,Kaba-suk,comfort; peace,Noun,,
489,Kaba-thiang,sweetness,Noun,,
490,Kaba-um,moisture; wetness,Noun,,
491,Kabo,to refuse,Verb,,
492,Kabu,opportunity; advantage,Noun,,
493,Kabu,to take advantage of,Verb,,
494,Kad,to flee suddenly,Verb,,
495,Kada,banana,Noun,,
496,Kadai,shop,Noun,,
497,Kadit,to diminish; decrease,Verb,,
498,Kadit,little; small,Adjective,,
499,Kad jingïakren,conversation,Noun,,
500,Kad jingïaleh,struggle; contest,Noun,,
501,Kabo,to request; to solicit importunately,Verb,Synteng origin,
502,Kabu,good luck; opportunity,Noun,,
503,Kak,cork,Noun,,
504,Kad,to tear; to rend,Verb,,
505,Kad,place of meeting; harbour,Noun,,
506,Kada,ass (donkey),Noun,,
507,Kadiang,left hand; left-hand side,Noun,,
508,Kadjatdoh,cracks on the underside of the toes,Noun,,
509,Kadlongbneng,to shoot upward (as with an arrow),Verb,,
510,Kad-shyntur,hare-lip,Noun,,
511,Kaei?,who?; what?,Pronoun,,
512,Kaei-kaei,a thing; anything,Noun,,
513,Kaei-kaei-ruh-em,nothing at all,Phrase,,
514,Kaei-re-kaei,something or other,Phrase,,
515,Kang,to jut out; to project,Verb,,
516,K'ang,to cry; to scream,Verb,Another form of kyang,
517,Kangar,gluttonous,Adjective,,
518,Kah,to shade; to darken; to screen,Verb,,
519,Kahait,to attempt to bite; to snap at,Verb,,
520,Kahiap,to attempt to bite; to snap at,Verb,Variant form,
521,Kai,for pleasure; for fun,Adverb,,
522,Kaia,Marwari,Noun,,
523,Kaibri,motions; stools; evacuations,Noun,,
524,Kai-khlaw,to conduct guerrilla warfare,Verb,,
525,Kai-kynthei,licentious,Adjective,,
526,Kain,tree whose bark causes skin eruptions,Noun,,
527,'Kain,fly,Noun,Abbrev. of skain,
528,'Kain-dait,mosquito,Noun,,
529,'Kain-iong,meat-fly,Noun,,
530,Kait,plantain; banana,Noun,,
531,Kait,scissors,Noun,Synteng usage,
532,Kalai,matikalai,Noun,,
533,Kalai,to tin,Verb,,
534,Kalaiñ,to whirl round (as with a torch); to wield; to wag,Verb,,
535,Kaw,to work in vain; without success,Verb,,
536,Kara,to earth up,Verb,,
537,Karai,iron cooking vessel (for curry),Noun,,
538,Karo,Garo,Noun,,
539,Karod,garrison; guard; guard-house,Noun,,
540,Karta,age,Noun,More correctly ka rta,
541,Kartus,cartridge,Noun,,
542,Kashari,court-house; kutcherry,Noun,,
544,Katba,while; as much as,Adverb,,
545,Katba long,be as it may; come what may,Phrase,,
548,Katne,this much,Adverb,,
549,Katne-katne,as much as this; so much,Adverb,,
551,Katno-katno,however much,Adverb,,
552,Katta,so much,Adverb,,
553,Katta-katta,to such an extent,Adverb,,
554,Kattei,so much (up there),Adverb,,
555,Kattai,that much (at some distance),Adverb,,
556,Katthie,so much (down there),Adverb,,
557,Katto,that much (near you),Adverb,,
558,Katto-katne,some; more or less; a certain amount,Phrase,,
559,Kaw,"number = 1,280",Noun,Traditional counting unit,
560,Kaw,I say!; Ho!; hear me!,Interjection,Form of address,
561,Kawang,to throw,Verb,,
562,Kaw-kaw,to make a noise; to clamour,Verb,,
564,Kaweh,to fan; to wave,Verb,,
566,Kawei ka-ar,some other,Phrase,,
567,Kawei-pat,another; other,Pronoun,,
568,Kawiat,to beat with something small; to lash,Verb,,
569,Kaw-shiliang-kaw-arliang,fine; penalty,Noun,,
570,Kawut,same as kawiat,Verb,Onomatopoetic form,
571,Kba,paddy; unhusked rice,Noun,,
572,Kbain,to scatter; to besmear,Verb,,
573,Kbeit,a kind of hawk,Noun,Bird,
574,Kber,winged white ant,Noun,Insect,
575,Kbon,to clutch; to claw,Verb,,
576,Kbin-kbin,small and well-cut,Adjective,,
577,Kboh,to scratch,Verb,,
578,Kbum,to close up the lips; to shut up; to keep something in the mouth,Verb,,
579,Kdang,to have enough (of food); to feel satisfied; to be replete,Verb,,
580,Kdait,reed; ekra,Noun,,
581,Kdam,violently; with a slam,Adverb,,
582,Kdar,brightly; brilliantly,Adverb,,
583,Kdat,to turn sharply in another direction,Verb,,
584,Kdew,to point out; to direct with the hand,Verb,,
585,Kdiah,to break; to snap (with the hand),Verb,,
586,Kdiap,to walk cautiously; to stalk game,Verb,,
587,Kdier,to straddle (in a bad sense),Verb,,
588,Kdiar,transparently; uncloudedly,Adverb,Used of water or weather,
589,Kdik-kdik,throbbingly; longingly,Adverb,,
590,Kding-kdang,at all; sincerely (used negatively),Adverb,,
591,Kdong,corner; opportunity,Noun,,
592,Kdor,to bend; to curl,Verb,,
593,Kdup,to embrace; to defend,Verb,,
594,Keh-keh,stammeringly,Adverb,,
595,'Kei,barking deer,Noun,Abbrev. of skei,
596,'Kei-sop,roe-buck,Noun,,
597,Kein,"intensifying particle (""that's it"")",Particle,,
600,Kem,to arrest; to seize,Verb,,
601,Kem,to wrestle,Verb,,
602,Kem,to resemble (when preceded by ia),Verb,,
603,Kem,tending to; showing signs of,Verb,"e.g. kem-synrai, kem-tlang",
604,Kem-bikar,to impress coolies; to arrest indiscriminately,Verb,,
605,Kem-ka-lar,broken egg-shells lying beside the central shell in a poojah,Noun,Ritual term,
606,Kem-khap,kimkhap cloth,Noun,,
607,Kem-ksuid,to be affected by evil spirits,Verb,,
608,Kem-ktien,to interrupt; to rejoin,Verb,,
609,Kem-iong-rein,dusk,Noun,,
610,Kem-pang,to become ill,Verb,,
611,Kem-puri,to become ill through the influence of a fairy,Verb,,
612,Ker,to surround; to enclose,Verb,,
613,Ker-kut,to surround completely; to erect a fort or stockade,Verb,,
614,Ker-dam,to hedge round leaving no opening,Verb,,
615,Kew,wheat,Noun,,
616,Kew,husband's sister or brother's wife (vocative),Noun,,
617,Kha,to give birth,Verb,,
618,Kha,relation on the father's side,Noun,,
619,'Kha,paternal aunt (form of address),Noun,,
620,'Kha,fish (abbreviation of doh-kha),Noun,,
621,Khabniang,pipe-fish,Noun,,
622,Khabysein,small eel,Noun,,
623,Khak,tightly; firmly,Adverb,,
624,Kha-ki-man,neighbours not belonging to one's clan,Noun,,
625,Khad,to shovel,Verb,,
626,Khad,to perform a sacrifice for repelling an evil spirit,Verb,,
627,Khad-ar,twelve,Numeral,,
630,Khad-ar-kur,the twelve electoral clans of the Cherra State,Noun,,
631,Kha-dki,preserved fried fish kept in closed jars,Noun,,
632,Khadduh,lastly,Adverb,,
633,Khadduh,youngest; last,Adjective,,
634,Khad-ei,but; I see (digressive expression),Adverb,,
635,Khad-ja,to serve out boiled rice,Verb,,
636,Khadlai,thirteen,Numeral,,
637,Khad-tyr-ut,"to drive away the evil spirit ""Tyr-ut"" by sacrifice; to shun; to dislike",Verb,,
638,Khadu,bracelet,Noun,,
639,Khang,to shut,Verb,,
640,Khang,to hinder,Verb,,
641,Khang,to forbid,Verb,,
642,Khang,to prohibit,Verb,,
643,'Khang,fern,Noun,Abbrev. of tyrkhang,
644,Khangai,yolk of an egg,Noun,,
645,Khangkdong,to corner; to surround,Verb,,
646,Khangkhñi,to scan; to scrutinize; to keep an eye on,Verb,,
647,Khangkhnam,to prevent an arrow from hitting the target by invoking deities,Verb,Archery term,
648,'Khangksiar,golden fern,Noun,,
649,'Khangnar,tree fern,Noun,,
650,Kbah,reed,Noun,,
651,Kbah,close; thickly set,Adjective,,
652,Kbah,"tainted with blood, dust, etc.",Adjective,,
653,Kbah,very often,Adverb,,
654,Khai,to pluck with the nail,Verb,,
655,Kha-ñi,to trade; to buy and sell,Verb,,
656,Khain,rough; coarse,Adjective,,
657,Khain,stunted,Adjective,,
658,Khainshi,scissors,Noun,,
659,Khainshi,truss,Noun,,
661,Khdit,ringworm,Noun,Disease,
662,Khdit,equal; match ending in a draw,Adjective,,
663,Khait,entirely; at once,Adverb,,
664,Khait-khait,very poor,Adjective,,
665,Khait-khait,leaving no margin,Adjective,,
666,Kham,to close the fist,Verb,,
667,Kham,more; comparative degree (-er),Adjective,,
668,Khamakha,without reason; for nothing,Adverb,,
669,Khambynriew,better off,Adjective,,
670,Kham katto-katne,"considerable (number, quantity, time)",Adjective,,
671,Kham-kynrei,more abundant,Adjective,,
672,Khamtam,more especially,Adverb,,
673,Khamti,measurement from the elbow to the end of the little finger (about 13 inches),Noun,Traditional measure,
674,Kha-mukur,small fish,Noun,,
675,Khan,to think out,Verb,,
676,Khan,"to consult spirits by means of an egg, rice, stone, etc.",Verb,Divination,
677,Khanasamari,house-tax list; census,Noun,,
678,Khanatang,to relate one's personal experiences; to recount; to rehearse,Verb,,
679,Khan-ktem,to divine the track of hunted game,Verb,,
680,Khania,stingy; unwilling to pay debts,Adjective,,
681,Khanpylleng,to divine by breaking an egg with a grain of rice,Verb,,
682,Khanryntieh,to divine by the swing of a bow,Verb,,
683,Khan-shanam,to divine by the swing of the lime-case,Verb,,
684,Khajanshi,treasurer,Noun,,
685,Khala-khala,immediately; at once,Adverb,,
686,Khalah,to throw up with a shovel,Verb,,
687,Khalai,to gamble; to play,Verb,,
688,Khalai-wait,to display skill in sword-wielding,Verb,,
689,Khalas,to let loose; to dismiss; to be discharged,Verb,,
690,Khalasi,"coolies sent to a distance, especially for expeditions",Noun,,
691,Khalki,window,Noun,,
692,Khalek,to dance round a group of dancing maidens (men only),Verb,,
693,Khali,vacant,Adjective,,
694,Khalisha,carpet,Noun,,
695,Khalor,to give birth prematurely; to have an abortion,Verb,,
696,Kham,to close the fist,Verb,,
697,Kham,more; comparative degree (-er),Adjective,,
698,Khamakha,without reason; for nothing,Adverb,,
699,Khambynriew,better off,Adjective,,
700,Kham katto-katne,"considerable (number, quantity, time)",Adjective,,
701,Kham-kynrei,more abundant,Adjective,,
702,Khamtam,more especially,Adverb,,
703,Khamti,traditional measurement from the elbow to the tip of the little finger (about 13 inches),Noun,Traditional measure,
704,Kha-mukur,small fish,Noun,,
705,Khan,to think out,Verb,,
706,Khan,"to consult the spirits by means of an egg, rice, stone, etc.",Verb,Divination,
707,Khanasamari,house-tax list; census,Noun,,
708,Khanatang,to relate one's personal experiences; to recount; to rehearse,Verb,,
709,Khan-ktem,to divine the track of hunted game,Verb,,
710,Khania,stingy; hard to pay one's dues,Adjective,,
711,Khanpylleng,to divine by breaking an egg with a grain of rice,Verb,,
712,Khanryntieh,to divine by the swing of a bow,Verb,,
713,Khan-shanam,to divine by the swing of the lime-case,Verb,,
714,Khajanshi,treasurer,Noun,,
715,Khala-khala,immediately; at once,Adverb,,
716,Khalah,to throw up with a shovel,Verb,,
717,Khalai,to gamble; to play; to throw the dice,Verb,,
718,Khalai-wait,to display one's skill in wielding a sword,Verb,,
719,Khalas,to let loose; to dismiss; to get discharged,Verb,,
720,Khalasi,"coolies sent to a distance, especially for expeditions",Noun,,
721,Khalki,window,Noun,,
722,Khalek,to dance round a group of dancing maidens (by men only),Verb,,
723,Khali,vacant,Adjective,,
724,Khalisha,carpet,Noun,,
725,Khalor,to give birth prematurely; to have an abortion,Verb,,
726,Kham,to close the fist,Verb,,
727,Kham,more; comparative degree corresponding to English “-er”,Adjective,,
728,Khamakha,without reason; for nothing,Adverb,,
729,Khambynriew,better off,Adjective,,
730,Kham katto-katne,"considerable (number, quantity, time)",Adjective,,
731,Kham-kynrei,more abundant,Adjective,,
732,Khamtam,more especially,Adverb,,
733,Khamti,measurement from the elbow to the end of the little finger of the closed hand (about 13 inches),Noun,Traditional measure,
734,Kha-mukur,small fish,Noun,,
735,Khan,to think out,Verb,,
736,Khan,"to consult spirits by means of an egg, rice, stone, etc.",Verb,Divination,
737,Khanasamari,house-tax list; census,Noun,,
738,Khanatang,to relate one's personal experiences; to recount; to rehearse,Verb,,
739,Khan-ktem,to divine the track of hunted game,Verb,,
740,Khania,stingy; hard to pay one's dues,Adjective,,
741,Khanpylleng,to divine by breaking an egg with a grain of rice,Verb,,
742,Khanryntieh,to divine by the swing of a bow,Verb,,
743,Khan-shanam,to divine by the swing of the lime-case,Verb,,
744,Khajanshi,treasurer,Noun,,
745,Khala-khala,immediately; at once,Adverb,,
746,Khalah,to throw up as with a shovel,Verb,,
747,Khalai,to gamble; to play,Verb,,
748,Khalai-wait,to display one's skill in wielding a sword,Verb,,
749,Khalas,to let loose; to dismiss; to get discharged,Verb,,
750,Khalasi,"coolies sent to a distance, especially for expeditions",Noun,,
751,Khalki,window,Noun,,
752,Khalek,to dance round and round a group of dancing maidens (by men only),Verb,,
753,Khali,vacant,Adjective,,
754,Khalisha,carpet,Noun,,
755,Khalor,to give birth prematurely; to have an abortion,Verb,,
756,Kham,to close the fist,Verb,,
757,Kham,more; comparative degree corresponding to English “-er”,Adjective,,
758,Khamakha,without reason; for nothing,Adverb,,
759,Khambynriew,better off,Adjective,,
760,Kham katto-katne,"considerable (number, quantity, time)",Adjective,,
761,Kham-kynrei,more abundant,Adjective,,
762,Khamtam,more especially,Adverb,,
763,Khamti,measurement from the elbow to the end of the little finger of the closed hand (about 13 inches),Noun,Traditional measure,
764,Kha-mukur,small fish,Noun,,
765,Khan,to think out,Verb,,
766,Khan,"to consult the spirits by means of an egg, rice, stone, etc.",Verb,Divination,
767,Khanasamari,house-tax list; census,Noun,,
768,Khanatang,to relate one's personal experiences; to recount; to rehearse,Verb,,
769,Khan-ktem,to divine the track of hunted game,Verb,,
770,Khania,stingy; hard to pay off one's dues,Adjective,,
771,Khanpylleug,to divine by breaking an egg with a grain of rice,Verb,,
772,Khanryntieh,to divine by the swing of a bow,Verb,,
773,Khan-shanam,to divine by the swing of the lime-case,Verb,,
774,Khap,to cover; to shut over,Verb,,
775,Khap,to match; to fit,Verb,,
776,Khap,cover; lid,Noun,,
777,Khap-burom,to receive respectfully,Verb,,
778,Khap-bri,to fence a field,Verb,,
779,Khap-ktien,to interrupt another while speaking,Verb,,
780,Khap-lieh,to cover completely,Verb,,
781,Khap-mat,to shut the eyes,Verb,,
782,Khap-ngiah,to take a short sleep; to doze,Verb,,
783,Khap-shyntur,to shut the mouth; to keep silent,Verb,,
784,Khar,lime,Noun,,
785,Khar,foreigner; non-Khasi,Noun,,
786,Kharai,earthen pot,Noun,,
787,Kharoi,basket,Noun,,
788,Khat,but,Conjunction,,
789,Khat,to drive away evil spirits by divination,Verb,,
790,Khat-ei,but; however,Conjunction,,
791,Khat-um,to massage using water and oil,Verb,,
792,Kha-u-man,relation by marriage,Noun,,
793,Khaw,rice (unboiled); unhusked rice,Noun,,
794,Khawa,to ferry across,Verb,,
795,Khawai,to feast; to entertain,Verb,,
796,Khawait (Khwait),to paddle while swimming,Verb,,
797,Khaw-khaw-daw-daw,penniless; very poor,Adjective,,
798,Khawduh,to outcast,Verb,,
799,Khaw-eit,to be afraid of,Verb,,
800,Khaw-iang,plant used in fermentation,Noun,,
801,Khaw-iang,fermented liquor,Noun,,
802,Khawiah,to reach and pull an object with a long stick,Verb,,
803,Khawoh,to bale out water; to drag down with a hooked instrument,Verb,,
804,Khawoit,to beckon with the hand; to paddle,Verb,,
805,Khaw-ot,improperly boiled rice,Noun,,
806,Khow,to call; to summon,Verb,,
807,Khow,invitation,Noun,,
808,Khow-ai,to invite to eat,Verb,,
809,Khow-bam,feast invitation,Noun,,
810,Khow-briew,to assemble people,Verb,,
811,Khow-iarap,to call for help,Verb,,
812,Khow-kur,to summon members of the clan,Verb,,
813,Khow-shnong,to call a village meeting,Verb,,
814,Khri,thorn,Noun,,
815,Khriat,fever,Noun,,
816,Khriat,hot,Adjective,,
817,Khring,to bind tightly,Verb,,
818,Khrit,to cut off,Verb,,
819,Khrong,tax; toll,Noun,,
820,Khrong,to collect tax,Verb,,
821,Khrui,stream,Noun,,
822,Khrum,to gather together,Verb,,
823,Khrung,box; chest,Noun,,
824,Khrung-ksiar,treasure chest,Noun,,
825,Khrung-tyngka,money chest,Noun,,
826,Khublei,blessing,Noun,,
827,Khublei,thanks; gratitude,Noun,,
828,Khublei,thank you; greetings,Interjection,,
829,Khuid,clean,Adjective,,
830,Khuid,holy; pure,Adjective,,
831,Khuid,to cleanse,Verb,,
832,Khulom,complete destruction,Noun,,
833,Khun,child,Noun,,
834,Khun kynthei,daughter,Noun,,
835,Khun shynrang,son,Noun,,
836,Khunlung,infant,Noun,,
837,Khun paidbah,children in general,Noun,,
838,Khun shnong,native-born villager,Noun,,
839,Khuslai,anxiety,Noun,,
840,Khuslai,anxious; worried,Adjective,,
841,Khuslai,to worry,Verb,,
842,Khusnam,honour,Noun,,
843,Khusnam,reward; prize,Noun,,
844,Khyrdop,gate,Noun,,
845,Khyrdop shnong,village gate,Noun,,
806,Khaw-pet,"rice purchased with money, as distinguished from field-grown rice",Noun,,
807,Khawpud,cowardly; timid,Adjective,,
808,Khawpyrsit,fine particles of rice left after crushing and sifting; broken rice,Noun,,
809,Khaw-rneng,rice carried for use on a journey,Noun,,
810,Khawshira,parched rice,Noun,Hindi loanword,
811,Khawtyndep,yellowish rice believed to stupefy people when thrown by Nongshohnoh or Thlen keepers,Noun,Traditional belief,
812,Khek,abruptly; suddenly,Adverb,,
813,Khengkheng,resistingly; stubbornly,Adverb,,
814,Khein,to break,Verb,,
815,Khein,to reckon,Verb,,
816,Khein,to value,Verb,,
817,Khein,to have regard for,Verb,,
818,Khein,to care for,Verb,,
819,Khein-ba'n khai,to propitiate evil spirits,Verb,,
820,Khein-briew,to have regard for a person,Verb,,
821,Khein-burom,to be dishonoured; to be put to shame,Verb,,
822,Khein-kor,to value highly; to prize; to esteem,Verb,,
823,Kheinksuid,to discover by divination the evil spirit causing disease or misfortune and remove it by propitiation,Verb,Traditional belief,
824,Khein-kylluid,to make a liberal estimate of,Verb,,
825,Khein-dewthala,to reckon as worthless,Verb,,
826,Khein-doh-ksew,to become obstinate; to become desperate,Verb,,
827,Khein-dohiap,to become desperate,Verb,,
828,Khein-duh,to become reckless; to give oneself up as lost,Verb,,
829,Khein-poh,to undervalue; to underrate; to look down upon,Verb,,
830,Khein-shai,to give an account of expenditure; to take into consideration,Verb,,
831,Khein-snep,to care for (used with negative expressions),Verb,,
832,Kheit,to pluck,Verb,,
833,Kheit,to gather,Verb,,
834,Khejur,date (fruit),Noun,Bengali loanword,
835,Khi,to arise; to get up,Verb,,
836,Khie,to rise; to stand up,Verb,,
837,Khie,to awake,Verb,,
838,Khie-bit,to rise in good health,Verb,,
839,Khie-im,to revive; to come to life again,Verb,,
840,Khie-krad,to rise suddenly,Verb,,
841,Khie-lait,to recover from illness,Verb,,
842,Khie-noh,to get up at once,Verb,,
843,Khih,to move,Verb,,
844,Khih,to shake,Verb,,
845,Khihwin,earthquake,Noun,,
846,Khim,to seize,Verb,,
847,Khim,to catch,Verb,,
848,Khim-dien,to pursue and seize,Verb,,
849,Khin,to be small; little,Adjective,,
850,Khin-khin,very small,Adjective,,
851,Khip,to shut tightly,Verb,,
852,Khip,to close,Verb,,
853,Khir,basket,Noun,,
854,Khit,to pinch,Verb,,
855,Khit,to squeeze,Verb,,
856,Khit-khit,tightly; closely,Adverb,,
857,Khlai,tiger,Noun,,
858,Khlam,pestilence,Noun,,
859,Khlam,epidemic disease,Noun,,
860,Khlaw,forest,Noun,,
861,Khlaw,jungle,Noun,,
862,Khlieh,head,Noun,,
863,Khlieh shnong,village headman,Noun,,
864,Khlieh briew,chief; leader,Noun,,
865,Khlieh-doh,skull,Noun,,
866,Khlieng,boat,Noun,,
867,Khlieng liengsuiñ,steamboat,Noun,,
868,Khlit,exhausted,Adjective,,
869,Khluid,hot,Adjective,,
870,Khluid,warm,Adjective,,
871,Khlur,star,Noun,,
872,Khnang,thin; lean,Adjective,,
873,Khnat,hand,Noun,,
874,Khniang,insect,Noun,,
875,Khniang,worm,Noun,,
876,Khniang,eruptions,Noun,Secondary meaning,
877,Khniang,parasite,Noun,Secondary meaning,
878,Khniot,to squeeze,Verb,,
879,Khniot,to gripe,Verb,,
880,Khniot,to rape,Verb,,
881,Khnium,to grumble,Verb,,
882,Khnium,to murmur,Verb,,
883,Khnium,to mumble,Verb,,
884,Khnok-khnok,to walk limpingly,Adverb,,
885,Khnong,beam supporting the planks of a floor,Noun,,
886,Khnoit-khnoit,slowly,Adverb,,
887,Khong,resembling,Adjective,,
888,Khong,taking the likeness of,Adjective,,
889,Khongkhong,irritable,Adjective,,
890,Khongkhong,hot-tempered,Adjective,,
891,Khongdong,turn,Noun,,
892,Khongdong,corner,Noun,,
893,Khongdong,zigzag,Adjective,,
894,Khongdong-jat,heel,Noun,,
895,Khong-ieng,to open by means of a lever,Verb,,
896,Khongpong,contrariwise,Adverb,,
897,Khongpong,topsy-turvy,Adverb,,
898,Khongpong,bundle containing sixty pan leaves,Noun,,
899,Khong-shi,twenty pan leaves,Noun,,
900,Khongtoi,buttock,Noun,,
901,Khongweng,like part of the circumference,Adjective,,
902,Khoh,conical native basket,Noun,,
903,Khoh,to skin,Verb,,
904,Khoh,to peel,Verb,,
905,Khohluh,big and round,Adjective,,
906,Khohruhram,rugged,Adjective,,
907,Khohruhram,full of stones,Adjective,,
908,Khohshain,to come off through rubbing,Verb,,
909,Khohsiew,knee,Noun,,
910,Khohwah,calf of the leg,Noun,,
911,Khoi,parched rice mixed with molasses,Noun,,
912,Khoi-khoi,easily provoked,Adjective,,
913,Khoit,wholly,Adverb,,
914,Khoit,entirely,Adverb,,
915,Khoit,cartilage,Noun,,
916,Khoitkait,inner part of the banana tree used for curry,Noun,,
917,Khor,hard (of a mixture),Adjective,,
918,Khor,strong (of a mixture),Adjective,,
919,Khor,silk,Noun,Assamese silk,
920,Khorsha,expenditure,Noun,,
921,Khorsha,cost of a lawsuit,Noun,,
922,Khot,to call,Verb,,
923,Khot,to admit,Verb,,
924,Khot,to accept as a lodger,Verb,,
925,Khot,to accept as a husband,Verb,,
926,Khra,pitcher; earthen water vessel,Noun,,
927,Khrai,to cut across; to sever,Verb,,
928,Khrai,many and small,Adverb,Used with rit,
929,Khrai khlieh,to behead,Verb,,
930,Khram,with a crash; violently,Adverb,,
931,Khran,completely; thoroughly,Adverb,Used of full recovery,
932,Khraw,great; big; large,Adjective,,
933,Khraw,proudly; arrogantly,Adverb,,
934,Khraw-batri,the great; nobles,Noun,,
935,Khreh,to prepare,Verb,,
936,Khreh,to be ready,Verb,,
937,Khrei,evil spirit,Noun,Usually in u ksuid-u khrei,
938,Khrew,sickly,Adjective,,
939,Khrew,to be in a chronic state of illness,Verb,,
940,Khria-khria,many and small,Adverb,Used with rit,
941,Khriang,rapid; shallow current,Noun,,
942,Khrit,to become narrow,Verb,,
943,Khring,to wind round,Verb,,
944,Khring,to twist,Verb,,
945,Khring,to coil,Verb,,
946,Khring-khring,windingly,Adverb,,
947,Khrip,to squeeze together,Verb,,
948,Khrip,to compress,Verb,,
949,Khrih,to scratch,Verb,,
950,Khrih,to scrape,Verb,,
951,Khroh,basket for carrying loads,Noun,,
952,Khroh,to gather together,Verb,,
953,Khrong,to collect,Verb,,
954,Khrung,chest; box,Noun,,
955,Khrut,to pull out,Verb,,
956,Khrut,to uproot,Verb,,
957,Khrut,to extract,Verb,,
958,Khow,to invite,Verb,,
959,Khow-ai,to invite to eat,Verb,,
960,Khow-bam,invitation to a feast,Noun,,
961,Khow-briew,to summon people,Verb,,
962,Khow-iarap,to call for help,Verb,,
963,Khow-kur,to summon members of a clan,Verb,,
964,Khow-shnong,to call together the inhabitants of a village,Verb,,
965,Khraw,large; great,Adjective,,
966,Khraw,noble; eminent,Adjective,,
967,Khraw-batri,nobleman; person of high rank,Noun,,
968,Khreh,to prepare,Verb,,
969,Khreh,to make ready,Verb,,
970,Khreh,to arrange beforehand,Verb,,
971,Khri,thorn,Noun,,
972,Khriat,fever,Noun,,
973,Khriat,hot,Adjective,,
974,Khring,to bind tightly,Verb,,
975,Khring,to tie firmly,Verb,,
976,Khrit,to cut off,Verb,,
977,Khrong,tax,Noun,,
978,Khrong,toll,Noun,,
979,Khrong,to levy tax,Verb,,
980,Khrui,stream,Noun,,
981,Khrum,to gather together,Verb,,
982,Khrung,box,Noun,,
983,Khrung,chest,Noun,,
984,Khrung-ksiar,treasure chest,Noun,,
985,Khrung-tyngka,money chest,Noun,,
986,Khublei,blessing,Noun,,
987,Khublei,thanks,Noun,,
988,Khublei,greeting; thank you,Interjection,,
989,Khuid,clean,Adjective,,
990,Khuid,pure,Adjective,,
991,Khuid,holy,Adjective,,
992,Khuid,to cleanse,Verb,,
993,Khulom,complete destruction,Noun,,
994,Khun,child,Noun,,
995,Khun kynthei,daughter,Noun,,
996,Khun shynrang,son,Noun,,
997,Khunlung,infant,Noun,,
998,Khuslai,anxiety,Noun,,
999,Khuslai,anxious,Adjective,,
1000,Khuslai,to worry,Verb,,
1001,Khubor,news,Noun,,
1002,Khubor,tidings,Noun,,
1003,Khuk,suddenly,Adverb,,
1004,Khud,to scrape off with a sharp instrument,Verb,,
1005,Khung,cross-beam in a house,Noun,,
1006,Khung,to wrap up in a cloth,Verb,,
1007,Khung,to tie up in a cloth,Verb,,
1008,Khur,to collect,Verb,,
1009,Khur,to gather,Verb,,
1010,Khur,to reap,Verb,,
1011,Khur-khur,repeatedly,Adverb,,
1012,Khuslai,anxiety,Noun,,
1013,Khuslai,anxious,Adjective,,
1014,Khuslai,to worry,Verb,,
1015,Khusnam,honour,Noun,,
1016,Khusnam,distinction,Noun,,
1017,Khusnam,reward,Noun,,
1018,Khut,to call,Verb,,
1019,Khut,to invite,Verb,,
1020,Khutia,trifles,Noun,,
1021,Khutia,odds and ends,Noun,,
1022,Khutia-khutai,trifles; odds and ends,Phrase,,
1023,Khwai,fish-hook,Noun,,
1024,Khwai,to fish,Verb,,
1025,Khwai,to wind up (a path),Verb,,
1026,Khwain,straight and long,Adjective,,
1027,Khwan,to covet,Verb,,
1028,Khwan,to hanker after,Verb,,
1029,Khwar,to clean the inside of a hole,Verb,,
1030,Khub,width of four fingers joined together,Noun,Traditional measure,
1031,Khyrdep,to shut a door without fastening it,Verb,,
1032,Khyrdong,residue after grain has been sifted,Noun,,
1033,Khyrdop,gate,Noun,,
1034,Khyrdop,portal,Noun,,
1035,Khyrnit,mantelpiece,Noun,,
1036,Khyrnit,cornice,Noun,,
1037,Khyrwang,eri cloth with red and white stripes,Noun,,
1039,Khylliap,to fold,Verb,,
1040,Khylliap,to wrap,Verb,,
1041,Khylliap,fold,Noun,,
1042,Khylliat,"instrument for pounding a mixture of betel-nut, pan and lime",Noun,Used by older Khasi and Jaintia people,
1043,Khyllie,to raise up,Verb,,
1044,Khyllie,to turn out (stone),Verb,,
1045,Khyllieng,inner soft part of a bamboo or cane after the bark is peeled off,Noun,,
1046,Khyllong,to dress the hair into a knot,Verb,,
1047,Khyndai,nine,Numeral,,
1048,Khyndai-pateng-ñamra,infernal abyss,Noun,,
1049,Khyndai-pateng-ñamra,hell,Noun,,
1050,Khyndat,to throw,Verb,Same as kyndat,
1051,Khyndat,to jostle,Verb,,
1052,Khyndat,to push,Verb,,
1053,Khyndew,dust,Noun,,
1054,Khyndew,earth,Noun,,
1055,Khyndiat,a little,Adjective,,
1056,Khyndiat,few,Adjective,,
1057,Khyndiat,very little,Adjective,,
1058,Khyndiet,to lift up,Verb,,
1059,Khyndiet,to raise (a lid),Verb,,
1060,Khyndiet,to uncover,Verb,,
1061,Khyndit,very little,Adjective,Same as khyndiat,
1062,Khynnah,child,Noun,,
1063,Khynnah,boy,Noun,,
1064,Khynnah,girl,Noun,,
1065,Khynniat,to push,Verb,,
1066,Khynning,squeamish,Adjective,,
1067,Khynniuh,to tremble,Verb,,
1068,Khynniuh,to shake,Verb,,
1069,Khynniuh,earthquake,Noun,,
1070,Khynniuh-rih,shivering caused by fear,Noun,,
1071,Khynniuh-rih,paroxysm of fever,Noun,,
1072,Khynniuh-u-jumai,earthquake shock,Noun,,
1073,Khynra,to pull down,Verb,,
1074,Khynra,to break down,Verb,,
1075,Khynrai,to cut and fashion wood,Verb,,
1076,Khynrat,in a hurry,Adverb,,
1077,Khynrat,in a state of confusion,Adverb,,
1078,Khynraw,young man,Noun,,
1079,Khynraw,young woman,Noun,,
1080,Shongkhynraw,to lead a bachelor's or spinster's life,Verb,,
1081,Khynwin,to be boisterous,Verb,,
1082,Khynwin,to be tumultuous,Verb,,
1083,Khyrdep,to shut or slam (a door) without fastening it,Verb,,
1084,Khyrdong,residue left after grain has been sifted,Noun,,
1085,Khyrdop,gate,Noun,,
1086,Khyrdop,portal,Noun,,
1087,Khyrnit,mantel-piece,Noun,,
1088,Khyrnit,cornice,Noun,,
1089,Khyrwang,eri cloth with red and white stripes,Noun,,
1091,Ki,they,Pronoun,Plural personal pronoun,
1093,Kiad,liquor,Noun,Abbreviation of kiad,
1094,Kiad-khar,foreign liquor,Noun,Same as kiad-pudka,
1095,Kiah,to dry up,Verb,,
1096,Kiam,to mourn,Verb,,
1097,Kiar,broad,Adjective,,
1098,Kiar,wide,Adjective,,
1099,Kiat,to separate,Verb,,
1100,Kiet,to rise up,Verb,,
1101,Kih,to move,Verb,,
1102,Kilan,woollen blanket,Noun,,
1103,Kim,they (negative form),Pronoun,Used with negation,
1104,Kin,they will,Pronoun,Future plural form,
1105,Kyndit,suddenly,Adverb,,
1106,Kynduh,to meet,Verb,,
1107,Kynduh,to encounter,Verb,,
1108,Kynduh,to come across,Verb,,
1109,Kyndang,to drive away,Verb,,
1110,Kyndang,to expel,Verb,,
1111,Kyndat,to throw,Verb,,
1112,Kyndat,to jostle,Verb,,
1113,Kyndat,to push,Verb,,
1114,Kyndit-burom,to be startled,Verb,,
1115,Kyndon,rule,Noun,,
1116,Kyndon,regulation,Noun,,
1117,Kyndon,law,Noun,,
1118,Kyndong,back,Noun,,
1119,Kyndong,rear,Noun,,
1120,Kyndong,behind,Adverb,,
1121,Kyndah-kyndong,creek and corner,Noun,,
1122,Kyndar,to dismantle,Verb,,
1123,Kyndar,to break down,Verb,,
1124,Kyndai,like a wide-rimmed hat or slouch,Adverb,,
1125,Kyndat,to push away forcibly,Verb,,
1126,Kyndeb,to palpitate,Verb,,
1127,Kyndeb,to pant,Verb,,
1128,Kyndeb,ground corn or rice,Noun,,
1129,Kyndiang,distinctly,Adverb,,
1130,Kyndiang,clearly,Adverb,,
1131,Kyndiah,to abstain,Verb,,
1132,Kyndiap,to be particular in collecting small things or small gain,Verb,,
1133,Kyndiep,like a cope; overhanging,Adverb,,
1134,Kyndit,to be startled,Verb,,
1135,Kyndit,to be surprised,Verb,,
1136,Kyndit-bynriew,to regain consciousness,Verb,,
1137,Kyndit-bynriew,to come to oneself,Verb,,
1138,Kyndok,sulphur,Noun,,
1139,Kyndok,lucifer match,Noun,,
1140,Kyndong,corner,Noun,,
1141,Kyndong,"carefully (wrapped, of small things)",Adverb,,
1142,Nongkyndong,villager,Noun,,
1143,Nongkyndong,person from an out-of-the-way place,Noun,,
1144,Kyndoi-jakpoh,to go about from place to place in search of work or food,Verb,,
1145,Kyndon,step,Noun,,
1146,Kyndon,grade,Noun,,
1147,Kyndon,shelf,Noun,,
1148,Kyndop,like a small projecting coping,Adverb,,
1149,Kyndung,"carefully (wrapped, of a load)",Adverb,,
1150,Kynduh,to meet with,Verb,,
1151,Kynduh,to strike against,Verb,,
1152,Kyndup,two palmfuls (made like a bowl),Noun,,
1153,Kyndrip,overhanging,Adjective,,
1154,Kyndur,oven,Noun,,
1155,Kyndur,stove (for baking),Noun,,
1156,Kynha,to shout exultingly,Verb,,
1157,Kynha,to surprise,Verb,,
1158,Kynham,"to give a warning by shouting ""ham-ham""",Verb,,
1159,Kynhied,to rebuke,Verb,,
1160,Kynhied,to scold,Verb,,
1161,Kynhied,to command,Verb,,
1162,Kynhoi,"to shout by saying ""hoi-hoi""",Verb,,
1163,Kynhun,flock,Noun,,
1164,Kynhun,herd,Noun,,
1165,Kynhun,band,Noun,,
1166,Kynhun,group,Noun,,
1167,Kyn-ien,breadth of a cloth,Noun,,
1168,Kyn-ieb,raised up (as the lid or covering),Adverb,,
1169,Kynja,kind,Noun,,
1170,Kynja,race,Noun,,
1171,Kynja,species,Noun,,
1172,Kynja-briew,mankind,Noun,,
1173,Kynja-jingim,living beings,Noun,,
1174,Kynjah,lonely,Adjective,,
1175,Kynjah,solitary,Adjective,,
1176,Kynjat,to urge,Verb,,
1177,Kynjat,to incite,Verb,,
1178,Kynjat,to encourage,Verb,,
1179,Kynjin,to become accustomed,Verb,,
1180,Kynjit,to touch lightly,Verb,,
1181,Kynjit,to nudge,Verb,,
1182,Kynjor,poor,Adjective,,
1183,Kynjor,miserable,Adjective,,
1184,Kynkai,to wander about,Verb,,
1185,Kynkai,to stroll,Verb,,
1186,Kynkeh,child,Noun,,
1187,Kynkhu,to bless,Verb,,
1188,Kynkhu,blessing,Noun,,
1189,Kynkut,conclusion,Noun,,
1190,Kynkut,end,Noun,,
1191,Kynkut,to conclude,Verb,,
1192,Kynlong,to become,Verb,,
1193,Kynmaw,to remember,Verb,,
1194,Kynmaw,remembrance,Noun,,
1195,Kynmih,to produce,Verb,,
1196,Kynmih,to bring forth,Verb,,
1197,Kynnoh,to accuse,Verb,,
1198,Kynnoh,accusation,Noun,,
1199,Kynpham,to fill,Verb,,
1200,Kynriah,to move away,Verb,,
1201,Kynriah,to remove,Verb,,
1202,Kynriah,to shift,Verb,,
1203,Kynrih,to sift with a sieve,Verb,,
1204,Kynro,to grope,Verb,,
1205,Kynrong,to raise oneself a little from the seat while sitting,Verb,,
1206,Kynrong,to prop,Verb,,
1207,Kynrong-sh'ing,to perform the ceremony of depositing bones in the common ancestral cairn,Verb,,
1208,Kynroh,wall,Noun,,
1209,Kynroh,to build a wall,Verb,,
1210,Kynroi,to stir,Verb,,
1211,Kynroi,to agitate,Verb,,
1212,Kynroi-prie,to have nausea,Verb,,
1213,Kynruh,to rinse,Verb,,
1214,Kynruh,to churn,Verb,,
1215,Kynruh,to rumble,Verb,,
1216,Kynruh,to shake,Verb,,
1217,Kynrum,confusedly,Adverb,,
1218,Kynrum-kynram,things lying about in confusion,Noun,,
1219,Kynrup,to pounce upon,Verb,,
1220,Kynrup,to seize,Verb,,
1221,Kynsah,to strike with the elbow,Verb,,
1222,Kynsah,to push with the elbow,Verb,,
1223,Kynsai,of the best kind,Adjective,,
1224,Kynsai,selected,Adjective,,
1225,Kynsai,choice,Adjective,,
1226,Kynsai,sterling,Adjective,,
1227,Kynsan,forcibly,Adverb,,
1228,Kynsan,suddenly,Adverb,,
1229,Kynsat,to insert,Verb,,
1230,Kynsat,to stick to,Verb,,
1231,Kynsha,lonely,Adjective,,
1232,Kynsha,horrid,Adjective,,
1233,Kynsha,dangerous,Adjective,,
1234,Kynshah,to side with,Verb,,
1235,Kynshah,to be close to,Verb,,
1236,Kynshait,to syringe,Verb,,
1237,Kynshew,to collect,Verb,,
1238,Kynshew,to gather together,Verb,,
1239,Kynshew,to store up,Verb,,
1240,Kynshin,to dislike eatable things,Verb,,
1241,Kynshoit,to instigate,Verb,,
1242,Kynshoit,to abet,Verb,,
1243,Kynshriang,graceful,Adjective,,
1244,Kynshriang,elegant (of form),Adjective,,
1245,Kynshu,to set a dog on,Verb,,
1246,Kynshur,to move forward,Verb,,
1247,Kynsi,brother-in-law,Noun,,
1248,Kynsi,sister-in-law,Noun,Relationship not prohibited by Khasi custom for marriage,
1249,Kynsia,to hiss,Verb,,
1250,Kynsit,to close the mouth of a pouch by drawing the thread on both sides,Verb,,
1251,Kynslut,to sniff,Verb,,
1252,Kynslut,to snuff,Verb,,
1253,Kynsnok,to snore,Verb,,
1254,Kynta,hour,Noun,,
1255,Kynta,to make an unnecessary mention of details,Verb,,
1256,Kyntad,to mention unnecessary details,Verb,,
1257,Kyntad-ktien,to speak unnecessarily at length,Verb,,
1258,Kyntei,to point upwards,Verb,,
1259,Kyntep,to cover lightly,Verb,,
1260,Kynter,to oppose,Verb,,
1261,Kynter,to resist,Verb,,
1262,Kynter,opposite,Adjective,,
1263,Kynter-lam,to obstruct the way,Verb,,
1264,Kyntha,to jerk,Verb,,
1265,Kynthah,to admonish,Verb,,
1266,Kynthah,to advise,Verb,,
1267,Kynthah,to instruct,Verb,,
1268,Kynthai,to support,Verb,,
1269,Kynthang,to sanctify,Verb,,
1270,Kynthang,holy,Adjective,,
1271,Kynthang,sacred,Adjective,,
1272,Kynthi,to whisper,Verb,,
1273,Kynthoh,to reproach,Verb,,
1274,Kynthoh,to ridicule,Verb,,
1275,Kynthoh,to taunt,Verb,,
1276,Kynthoh-ktien,to speak sarcastically,Verb,,
1277,Kynthong,basket,Noun,,
1278,Kynthup,to include,Verb,,
1279,Kynthup,to comprise,Verb,,
1280,Kynthup,to contain,Verb,,
1281,Kynthut,to disturb,Verb,,
1282,Kynthut,to interrupt,Verb,,
1283,Kynthut,to hinder,Verb,,
1284,Kynthut,disturbance,Noun,,
1285,Kyntiew,flower,Noun,,
1286,Kyntiew,blossom,Noun,,
1287,Kyntiew,to raise,Verb,,
1288,Kyntiew,to exalt,Verb,,
1289,Kynting,to ring,Verb,,
1290,Kynting,to tinkle,Verb,,
1291,Kyntur,to stretch out,Verb,,
1292,Kyntur,to extend,Verb,,
1293,Kyntur,to thrust forward,Verb,,
1294,Kyntur-kti,to stretch out the hand,Verb,,
1295,Kyntur-shyntur,to pout,Verb,,
1296,Kynud,to nod,Verb,,
1297,Kynud,to beckon with the head,Verb,,
1298,Kynud-khlieh,to nod the head,Verb,,
1299,Kynwet,to wipe,Verb,,
1300,Kynwet,to rub clean,Verb,,
1301,Kynwit,to put a strap round for carrying; to fasten a head-strap into a knot,Verb,,
1302,Kynwia,with a whiz,Adverb,,
1303,Kynwiak,just; a little,Adverb,,
1304,Kynwiang,to set fire to (a house or jungle),Verb,,
1305,Kynwiang,brass plate,Noun,,
1306,Kynwiar,to bark,Verb,,
1307,Kynwiat,to draw a bow-string,Verb,,
1308,Kynwiat-samrkhie,to smile,Verb,,
1309,Kynwieh,to dip,Verb,,
1310,Kynwieh,to steep,Verb,,
1311,Kynwieh,earthworm,Noun,,
1312,Kynwin,to be uproarious,Verb,,
1313,Kynwin,to be in a tumult,Verb,,
1314,Kynwin,to move,Verb,,
1315,Kynwir,to wander astray,Verb,,
1316,Kynwit,hindering,Adjective,,
1317,Kynwit,obstructing,Adjective,,
1318,Kynwit,to be in the family way,Verb,,
1319,Kynwoh,to fasten with a hook,Verb,,
1320,Kynwoh-daw,to seek a plea in argument,Verb,,
1321,Kynwoh-nia,to object,Verb,,
1322,Kynwoh-nia,to criticize,Verb,,
1323,Kylla,to turn,Verb,,
1324,Kylla,to change,Verb,,
1325,Kylla,to return,Verb,,
1326,Kylla-dien,to turn back,Verb,,
1327,Kylla-khmat,to turn the face,Verb,,
1328,Kylla-lang,to turn together,Verb,,
1329,Kylla shnong,to migrate to another village,Verb,,
1330,Kylla shnong,migration,Noun,,
1331,Kylla-sla,to recover,Verb,,
1332,Kylla-suk,to become peaceful,Verb,,
1333,Kylla-rong,to change colour,Verb,,
1334,Kylla-ktien,to change one's statement,Verb,,
1335,Kylla-nia,to change one's opinion,Verb,,
1336,Kylla-mut,to change one's mind,Verb,,
1337,Kylla-kaba,to change into,Verb,,
1338,Kylla-bam,to vomit,Verb,,
1339,Kylla-shwa,to turn first,Verb,,
1340,Kylla-pat,to turn again,Verb,,
1341,Kylla-lieng,to capsize,Verb,,
1342,Kylla-lieng,to be ruined,Verb,,
1343,Kylla-badur,large bat; flying fox,Noun,,
1344,Kylla-kaba-mut,to repent,Verb,,
1346,Kyllang,cyclone,Noun,,
1347,Kyllain,to wind,Verb,,
1348,Kyllain,to be inconstant,Verb,,
1349,Kyllain-kyrjaw,in a zigzag way,Adverb,,
1350,Kyllain-mongor,cross-legged,Adverb,,
1351,Kylla-jain-nep,to be destroyed,Verb,,
1352,Kylla-jain-nep,to be annihilated,Verb,,
1353,Kylla-jutang,to be constantly changing,Verb,,
1354,Kylla-jutang,to be capricious,Verb,,
1355,Kylla-lyngkot,January,Noun,,
1356,Kyllan,to rub,Verb,,
1357,Kyllan,to smear,Verb,,
1358,Kylla-prah,to perform a somersault,Verb,,
1359,Kylleng,everywhere,Adverb,,
1360,Kyllep,lonely place,Noun,,
1361,Kyllep,capable of covering the whole length,Adjective,,
1362,Kyllep,unknowingly,Adverb,,
1363,Kylli,to ask,Verb,,
1364,Kylli,to ask for marriage (phai kylli),Verb,,
1365,Kylliang,as a loan,Adverb,,
1366,Kylliang,in return,Adverb,,
1367,Kylliang,loan,Noun,,
1368,Kylliang-ktien,to retort,Verb,,
1369,Kyllon,to fall,Verb,,
1370,Kyllong,very big,Adjective,,
1371,Kylluid,spacious,Adjective,,
1372,Kylluid,plenty of space,Adjective,,
1373,Kyllum,in a lump sum,Adverb,,
1374,Kyllum,as a whole,Adverb,,
1375,Kyllum,to gather up in a heap,Verb,,
1376,Kyllut,deaf,Adjective,,
1377,Kyn-ad,to become swollen (as a boil),Verb,,
1378,Kynbat,herb,Noun,,
1379,Kynbat,weed,Noun,,
1380,Kynbat,medicinal plant,Noun,,
1381,Kynkaw,to shout,Verb,,
1382,Kynkaw,to call out,Verb,,
1383,Kynkhlek,to brandish,Verb,,
1384,Kynkhlek,to flourish,Verb,,
1385,Kynkhlok,to sniff,Verb,,
1386,Kynkhlok,to snore,Verb,,
1387,Kynkok,to crow over a person,Verb,,
1388,Kynda,number = 4,Noun,Traditional counting term,
1389,Kynda,rhinoceros,Noun,,
1390,Kynda,form of corporal punishment in the old Khasi Penal Code,Noun,Historical,
1391,Kyndad,mole,Noun,,
1392,Kyndang,string of flesh or fish,Noun,,
1393,Kyndang,to raise with a lever,Verb,,
1394,Kyndang,to turn over with a lever,Verb,,
1395,Kyndang-kwah,person who desires what cannot be obtained,Noun,,
1396,Kyndap,to fill,Verb,,
1397,Kyndap,to fill up completely,Verb,,
1398,Kyndat,to strike against,Verb,,
1399,Kyndep,to be completely filled,Verb,,
1400,Kyndiah,to move aside,Verb,,
1401,Kyndik,to peck,Verb,,
1402,Kyndit,to start suddenly,Verb,,
1403,Kyndit,to be astonished,Verb,,
1404,Kyndit-bynriew,to regain consciousness,Verb,,
1405,Kyndok,sulphur,Noun,,
1406,Kyndok,lucifer match,Noun,,
1407,Kyndong,corner,Noun,,
1408,Kyndong,carefully wrapped (of small things),Adverb,,
1409,Nongkyndong,villager,Noun,,
1410,Nongkyndong,person from an out-of-the-way place,Noun,,
1411,Kyndoi-jakpoh,to go about from place to place in search of work or food,Verb,,
1412,Kyndon,step,Noun,,
1413,Kyndon,grade,Noun,,
1414,Kyndon,shelf,Noun,,
1415,Kyndop,like a small projecting coping,Adverb,,
1416,Kyndung,carefully wrapped (of a load),Adverb,,
1417,Kynduh,to meet with,Verb,,
1418,Kynduh,to strike against,Verb,,
1419,Kyndup,two palmfuls (made like a bowl),Noun,,
1420,Kyndrip,overhanging,Adjective,,
1421,Kyndur,oven,Noun,,
1422,Kyndur,stove (for baking),Noun,,
1423,Kynha,to shout exultingly,Verb,,
1424,Kynha,to surprise,Verb,,
1425,Kynham,"to give warning by shouting ""ham-ham""",Verb,,
1426,Kynhied,to rebuke,Verb,,
1427,Kynhied,to scold,Verb,,
1428,Kynhied,to command,Verb,,
1429,Kynhoi,"to shout by saying ""hoi-hoi""",Verb,,
1430,Kynhun,flock,Noun,,
1431,Kynhun,herd,Noun,,
1432,Kynhun,band,Noun,,
1433,Kynhun,group,Noun,,
1434,Kyn-ien,breadth of a cloth,Noun,,
1435,Kyn-ieb,raised up (as the lid or covering),Adverb,,
1436,Kynieh,to take by force,Verb,Also splet kuleh,
1437,Kyn-ib,to crow,Verb,,
1438,Kynja,sort,Noun,,
1439,Kynja,kind,Noun,,
1440,Kynja,nature,Noun,,
1441,Kynja,ganja,Noun,,
1442,Kynjak,"to express regret and surprise by making the sound ""k-j-k""",Verb,Onomatopoeic,
1443,Kynjang,elevation,Noun,,
1444,Kynjab,lonely,Adjective,,
1445,Kynjai,peacefully,Adverb,,
1446,Kynjai,at ease,Adverb,,
1447,Kynjai,tranquilly,Adverb,,
1448,Kynjat,to kick,Verb,,
1449,Kynjat,pace (used with numeral adjectives),Noun,,
1450,Kynjing,to be fastidious (of walking),Verb,,
1451,Kynjing,carefully and on tip-toe (walk),Adverb,,
1452,Kynjih,to raise oneself by standing on the toes,Verb,,
1453,Kynjih,to skip,Verb,,
1454,Kynjih,with a springy step,Adverb,,
1455,Kynjlar,with a tapering snout,Adverb,,
1456,Kynjuot,"appearance of a slender, thin woman",Adverb,,
1457,Kynjong,high up,Adverb,,
1458,Kynjong,on the top,Adverb,,
1459,Kynjoh,to aim at,Verb,,
1460,Kynjoh,to reach,Verb,,
1461,Kynjoh,to be ambitious,Verb,,
1462,Kynjoh-khaskain,to perform the housewarming poojah before occupying a newly built house,Verb,,
1463,Kynjoh-khaskain,Khasi housewarming ceremony,Noun,,
1464,Kynjoin,up,Adverb,Usually in jrong-kynjoin,
1465,Kynjoin,aloft,Adverb,,
1466,Kynjrait,to pull with a jerk,Verb,,
1467,Kynjri,chain,Noun,,
1468,Kynjri-tabah,silver or gold chain worn across the shoulders,Noun,,
1469,Kynjri-wahdong,kind of earring,Noun,,
1470,Kynjrot,to pull off bit by bit,Verb,,
1471,Kynjuh,to jolt,Verb,,
1472,Kynjuh,to test the weight of a load,Verb,,
1473,Kynjuin,safely,Adverb,,
1474,Kynjuin,aloft,Adverb,,
1475,Kynjut,to pull out,Verb,,
1476,Kynjut,to feel a throbbing pain,Verb,,
1477,Kynjut-kti,to shake hands,Verb,,
1478,Kynmaw,to remember,Verb,,
1479,Kynmaw,to recollect,Verb,,
1480,Kynmaw,awake,Noun,,
1481,Kynmaw-bynriew,to regain consciousness,Verb,,
1482,Kynmaw-bynriew,to come to oneself,Verb,,
1483,Kynnit,like a tail lifted up,Adverb,,
1484,Kyn-nut,like a long protuberant object,Adverb,Variant form,
1485,Kynmiet,like a long protuberant object,Adverb,Variant form,
1486,Kynnoh,to pronounce,Verb,,
1487,Kynnoh,to blame,Verb,,
1488,Kynnoh,to find fault with,Verb,,
1489,Kyn-oi,to hush,Verb,,
1490,Kyn-oi,to lull a child,Verb,,
1491,Kynpha,to address a male as if he were a female by using feminine pronouns,Verb,,
1492,Kynphara,to help,Verb,,
1493,Kynphara,to assist,Verb,,
1494,Kynphat,cotton,Noun,,
1495,Kynphia,to bluster,Verb,,
1496,Kynphot,like a fop,Adverb,,
1497,Kynphui,to wish to be unlucky (especially in arrow-shooting),Verb,,
1498,Kynphui,bushy,Adjective,,
1499,Kynphuit,to spit violently,Verb,,
1500,Kynphuit,to decry,Verb,,
1501,Kynphut,improvidently,Adverb,,
1502,Kynphut,carelessly,Adverb,,
1503,Kynplam,to dabble,Verb,,
1504,Kynrad,master,Noun,,
1505,Kynrad,lord,Noun,,
1506,Kynrang,to undermine,Verb,,
1507,Kynrang,to dig violently,Verb,,
1508,Kynram,with long horns pointing in opposite directions,Adverb,,
1509,Kynrem,with long moustaches,Adverb,,
1510,Kynran,to retire,Verb,,
1511,Kynran,to go backwards,Verb,,
1512,Kynreng,with long horns like those of a stag,Adverb,,
1513,Kynreng,obstructingly,Adverb,,
1514,Kynrei,abundant,Adjective,,
1515,Kynrei,common,Adjective,,
1516,Kynriang,crooked,Adjective,,
1517,Kynriang,leaning to one side,Adjective,,
1518,Kynriah,to remove,Verb,,
1519,Kynriah,to shift,Verb,,
1520,Kynrih,to sift with a sieve,Verb,,
1521,Kynro,to grope,Verb,,
1522,Kynrong,to raise oneself a little from the seat while sitting,Verb,,
1523,Kynrong,to prop,Verb,,
1524,Kynrong-sh'ing,to perform the ceremony of depositing bones in the common ancestral cairn,Verb,,
1525,Kynrong-sh'ing,to perform a ceremony for depositing the bones in the common ancestral cairn,Verb,,
1526,Kynrud,projecting prominently,Adjective,,
1527,Kynrung,to insert,Verb,,
1528,Kynrung,to put into,Verb,,
1529,Kynrung,to admit,Verb,,
1530,Kynrung-ktien,to interrupt while speaking,Verb,,
1531,Kynrung-shnong,to enter a village,Verb,,
1532,Kynsan,to force,Verb,,
1533,Kynsan,to compel,Verb,,
1534,Kynsaw,to wound,Verb,,
1535,Kynsaw,to injure,Verb,,
1536,Kynsaw,wound,Noun,,
1537,Kynsew,to drive away,Verb,,
1538,Kynsew,to chase,Verb,,
1539,Kynsiem,spirit,Noun,,
1540,Kynsiem,soul,Noun,,
1541,Kynsiem,courage,Noun,,
1542,Kynsih,to become sour,Verb,,
1543,Kynsih,to become unpleasant,Verb,,
1544,Kynsit,to stitch,Verb,,
1545,Kynslem,to become sluggish,Verb,,
1546,Kynsleh,to mix,Verb,,
1547,Kynsleh,to mingle,Verb,,
1548,Kynsleh,mixture,Noun,,
1549,Kynsmai,to swear,Verb,,
1550,Kynsmai,oath,Noun,,
1551,Kynsnam,mark,Noun,,
1552,Kynsnam,sign,Noun,,
1553,Kynsyrdep,to close,Verb,,
1554,Kynsyrdep,to shut,Verb,,
1555,Kyntep,to cover lightly,Verb,,
1556,Kyntep,to spread over,Verb,,
1557,Kyntha,to jerk,Verb,,
1558,Kynthah,to advise,Verb,,
1559,Kynthah,to admonish,Verb,,
1560,Kynthang,holy,Adjective,,
1561,Kynthang,sacred,Adjective,,
1562,Kynthi,to whisper,Verb,,
1563,Kynthoh,to reproach,Verb,,
1564,Kynthoh,to taunt,Verb,,
1565,Kynthoh,to make a blotch or mark,Verb,,
1566,Kynthoh,to criticize,Verb,,
1567,Kynthoh,to comment on,Verb,,
1568,Kynthrui,to give out as decided with a view to win the game,Verb,OCR uncertain in source,
1569,Kynthung,conspicuously (like a big solitary tree),Adverb,,
1570,Kynthun,"with big, fat calves",Adverb,,
1571,Kynthup,modestly; well covered,Adverb,,
1572,Kynthup,to embrace,Verb,,
1573,Kynthup,to clasp,Verb,,
1574,Kynthup,to comprise,Verb,,
1575,Kynthur,with loose garments,Adverb,,
1576,Kynti,to strike with a clenched fist on the back,Verb,,
1577,Kynti,time; occasion,Noun,"e.g. shikynti = once, arkynti = twice",
1578,Kynti,entirely,Adverb,,
1579,Kyntiak,well-formed but small,Adjective,,
1580,Kyntiak,smart,Adjective,,
1581,Kyntiang,to make a clinging noise,Verb,,
1582,Kyntik,"to make a dull sound, as if treading heavily",Verb,,
1583,Kyntien,morsel,Noun,,
1584,Kyntien,word,Noun,,
1585,Kyntiew,to lift,Verb,,
1586,Kyntiew,to impose,Verb,,
1587,Kyntiew,to promote,Verb,,
1588,Kyntiew-kurim,to perform a marriage ceremony,Verb,,
1589,Kyntiew-doh,to be healed (of a wound),Verb,,
1590,Kyntiew-iing,to admit into the house,Verb,,
1591,Kynting,to throw upwards,Verb,,
1592,Kyntip,to ask whether one knows what is being held or thought about,Verb,,
1593,Kyntip,to disavow,Verb,,
1594,Kyntir,with a small tail,Adverb,,
1595,Kynto,to urge,Verb,,
1596,Kynto,to press,Verb,,
1597,Kyntong,like a hillock,Adjective,,
1598,Kyntoi,like a small protuberance,Adverb,,
1599,Kyntoit,cluster of houses,Noun,,
1600,Kyntoit,village,Noun,,
1601,Kynton,to heave,Verb,,
1602,Kynton,heap,Noun,,
1603,Kynton,mound,Noun,,
1604,Kynton,earthen wall,Noun,,
1605,Kyntop (jrong-),like a pig's tail,Adverb,,
1606,Kyntu,to urge,Verb,,
1607,Kyntu,to persuade,Verb,,
1608,Kyntung,like a hill or mound,Adjective,,
1609,Kyntui,largely,Adverb,,
1610,Kyntuit,to urge (in a bad sense),Verb,,
1611,Kyntuit,to instigate,Verb,,
1612,Kyntup,with a long drooping tail like that of a fox,Adverb,,
1613,Kyntur,to push with the nose,Verb,,
1614,Kyntur,to burrow,Verb,,
1615,Kyn-tud,to sing,Verb,,
1616,Kyn-tud,to hum,Verb,,
1617,Kyn-tud,to intone,Verb,,
1618,Kyn-tud,to chant,Verb,,
1619,Kyn-um,brother-in-law,Noun,,
1620,Kyoh,concave notch at the head of an arrow to fit the bowstring,Noun,See K'oh,
1621,Kyr-ang,to crack,Verb,,
1622,Kyr-ang,reddish,Adjective,Used in saw kyr-ang,
1623,Kyr-ah,ring-shaped,Adjective,Like the ring on a rattlesnake's tail,
1624,Kyr-an,short but stout,Adjective,,
1625,Kyrbam,to bite the lower lip,Verb,,
1626,Kyrbei,mantis,Noun,,
1627,Kyrbeit,warped,Adjective,,
1628,Kyrbeit,distorted,Adjective,,
1629,Kyrbeit,to strain,Verb,,
1630,Kyrbeit,to exert oneself,Verb,,
1631,Kyrkait,to shout exultingly,Verb,,
1632,Kyrkhah,phlegm,Noun,,
1633,Kyrkhah,to clear the throat,Verb,,
1634,Kyrkhait,to gnaw with zest,Verb,,
1635,Kyrkhoit,cartilage,Noun,,
1636,Kyrkhu,to bless,Verb,,
1637,Kyrkhu,"to produce the sound ""khu""",Verb,Onomatopoeic,
1638,Kyrkieh,to be in a hurry,Verb,,
1639,Kyrkieh,hastily,Adverb,,
1640,Kyrking,like a small connecting link between two larger bodies,Adverb,,
1641,Kyrking,slender,Adjective,,
1642,Kyrkit,cricket,Noun,,
1643,Kyrkit,playground,Noun,,
1644,Kyrkoh,to crow over a person,Verb,,
1645,Kyrda,to exert oneself,Verb,,
1646,Kyrda,to strive,Verb,,
1647,Kyrda,to use one's strength,Verb,,
1648,Kyrdan,step,Noun,,
1649,Kyrdan,degree,Noun,,
1650,Kyrdan,shelf,Noun,,
1651,Kyrdap,as if wearing something hanging,Adverb,,
1652,Kyrdep,as if wearing something hanging,Adverb,Variant form,
1653,Kyrdat,dangling,Adverb,,
1654,Kyrdem,to stamp with the foot,Verb,,
1655,Kyrdeng,to tighten,Verb,OCR uncertain,
1656,Kyrdet,to stamp repeatedly with the foot,Verb,,
1657,Kyrdih,to draw tightly,Verb,,
1658,Kyrdoh,"to produce the sound ""doh""",Verb,Onomatopoeic; usually in kyrkhu-kyrdoh,
1659,Kyrdong,bent or curved,Adjective,,
1660,Kyrduh,to be exhausted,Verb,,
1661,Kyrduh,to lose strength,Verb,,
1662,Kyrdum,projecting like a stump,Adjective,,
1663,Kyrdup,bulging,Adjective,,
1664,Kyrdur,round and thick,Adjective,,
1665,Kyreh,to twist round,Verb,,
1666,Kyrei,to become crooked,Verb,,
1667,Kyrem,thick-set,Adjective,,
1668,Kyren,to speak indistinctly,Verb,,
1669,Kyrep,to gather into a heap,Verb,,
1670,Kyrep,to pile up,Verb,,
1671,Kyriang,slanting,Adjective,,
1672,Kyrieh,to scratch lightly,Verb,,
1673,Kyrien,to lie slanting,Verb,,
1674,Kyrit,to become stiff,Verb,,
1675,Kyrkhep,cramped,Adjective,,
1676,Kyrkhop,bent inward,Adjective,,
1677,Kyrkit,to peck repeatedly,Verb,,
1678,Kyrkleh,to creep stealthily,Verb,,
1679,Kyrklieh,to bend the head,Verb,,
1680,Kyrklong,rounded,Adjective,,
1681,Kyrkoi,curved,Adjective,,
1682,Kyrkhang,obstructing,Adjective,,
1683,Kyrkhum,stooping,Adjective,,
1684,Kyrkhup,covered over,Adjective,,
1685,Kyrkhyllung,youthful,Adjective,,
1686,Kyrlem,to sink slightly,Verb,,
1687,Kyrlep,folded together,Adjective,,
1688,Kyrlet,intertwined,Adjective,,
1689,Kyrliang,oblique,Adjective,,
1690,Kyrlong,elongated,Adjective,,
1691,Kyrlut,hanging loose,Adjective,,
1692,Kyrmen,to hope,Verb,,
1693,Kyrmen,hope,Noun,,
1694,Kyrni,to whisper softly,Verb,,
1695,Kyrnoh,to accuse,Verb,,
1696,Kyrpad,to entreat,Verb,,
1697,Kyrpad,to beseech,Verb,,
1698,Kyrpang,separate,Adjective,,
1699,Kyrpang,special,Adjective,,
1700,Kyrpat,to clap with the hands,Verb,,
1701,Kyrpat,to clap with the hands,Verb,,
1702,Kyrpat,to strike the hands together,Verb,,
1703,Kyrpeng,projecting prominently,Adjective,,
1704,Kyrpha,to spring up,Verb,,
1705,Kyrphad,to flap,Verb,,
1706,Kyrphang,to spread out,Verb,,
1707,Kyrphar,wide apart,Adjective,,
1708,Kyrphong,swollen,Adjective,,
1709,Kyrphuh,to blow violently,Verb,,
1710,Kyrphut,to burst suddenly,Verb,,
1711,Kyrpit,to tighten,Verb,,
1712,Kyrrai,broad,Adjective,,
1713,Kyrrai,spacious,Adjective,,
1714,Kyrram,rough,Adjective,,
1715,Kyrrang,stiff,Adjective,,
1716,Kyrreh,to coil,Verb,,
1717,Kyrrem,thick,Adjective,,
1718,Kyrreng,upright,Adjective,,
1719,Kyrrit,small,Adjective,,
1720,Kyrroh,to scrape,Verb,,
1721,Kyrrong,projecting,Adjective,,
1722,Kyrrot,rough,Adjective,,
1723,Kyrrup,swollen,Adjective,,
1724,Kyrshah,against,Preposition,,
1725,Kyrshan,to support,Verb,,
1726,Kyrshan,to defend,Verb,,
1727,Kyrshan,support,Noun,,
1728,Kyrshan,prop,Noun,,
1729,Kyrshiap,to sharpen,Verb,,
1730,Kyrshit,cold,Adjective,,
1731,Kyrshong,to sit erect,Verb,,
1732,Kyrshong,upright,Adjective,,
1733,Kyrsi,to scratch lightly,Verb,,
1734,Kyrsiang,sloping,Adjective,,
1735,Kyrsiem,soul,Noun,,
1736,Kyrsiem,spirit,Noun,,
1737,Kyrsoi,to whistle softly,Verb,,
1738,Kyrta,fame,Noun,,
1739,Kyrta,reputation,Noun,,
1740,Kyrta,to proclaim,Verb,,
1741,Kyr-ot,stubborn,Adjective,Easily provoked,
1742,Kyrpill,to pray,Verb,,
1743,Kyrpill,to beg,Verb,,
1744,Kyrpill,to supplicate,Verb,,
1745,Kyrpang,aside,Adverb,,
1746,Kyrpang,separate,Adjective,,
1747,Kyrpang,set apart,Adjective,,
1748,Kyrpang,particular,Adjective,,
1749,Kyrpong,the back of the house,Noun,,
1750,Kyr-sa,to undermine,Verb,"Especially in soft earth or sand, like a mole",
1751,Kyrsan-kyrbah,to call on the gods for the restoration of one's health or prosperity,Verb,,
1752,Kyrsan-rngiew,to call back one's good luck or life by invoking the gods,Verb,,
1753,Kyrsbah,to put on a piece of cloth in front,Verb,Part of traditional women's dress,
1754,Kyrshan,to uphold,Verb,,
1755,Kyrshan,to help,Verb,,
1756,Kyrshan,to support,Verb,,
1757,Kyrshung,wedge-shaped,Adjective,,
1758,Kyrshut,to rub,Verb,,
1759,Kyrsia,to squirt,Verb,,
1760,Kyrsia,to spurt,Verb,,
1761,Kyrsiew,to call up,Verb,,
1762,Kyrsiew,to wake up,Verb,,
1763,Kyrsih,to go on the haunches,Verb,,
1764,Kyrsih,to crawl (as a child),Verb,,
1765,Kyrsong,to become swollen,Verb,Like a boil coming to a head,
1766,Kyrsoi,to ooze,Verb,,
1767,Kyrsoi,to come out,Verb,,
1768,Kyrsuh,to poke,Verb,,
1769,Kyrsum,to wallow,Verb,,
1770,Kyrteng,to name,Verb,,
1771,Kyrteng,name,Noun,,
1772,Kyrtep,evil spirit believed to cause blindness,Noun,Affliction believed to result from a father's adultery,
1773,Kyrthai,to turn round,Verb,As with an auger,
1774,Kyrthat,to sprawl,Verb,,
1775,Kyrthat,to writhe,Verb,,
1776,Kyrthiaw,to twist,Verb,,
1777,Kyrthiaw,to maul,Verb,,
1778,Kyrthom,to tread heavily on dust or mud so as to damage crops,Verb,,
1779,Kyrthup,to bathe in dust or sand,Verb,As a fowl does,
1780,Kyrtiang,to turn round,Verb,,
1781,Kyrtiah,wind-demon,Noun,,
1782,Kyrtiah,storm mixed with rain,Noun,,
1783,Kyrtong,bull,Noun,,
1784,Kyrtong,ox,Noun,,
1785,Kyrtong,hero,Noun,,
1786,Kyrtong,champion,Noun,,
1787,Kyrtong,brave man,Noun,,
1788,Kyrtong,male animal kept for breeding,Noun,,
1789,Kyrtung,projecting upward,Adjective,,
1790,Kyrtung,elevated,Adjective,,
1791,Kyrtung,standing high,Adjective,,
1792,Kyrtup,to cover over completely,Verb,,
1793,Kyrtup,to wrap up,Verb,,
1794,Kyrtup,to envelop,Verb,,
1795,Kyrtut,projecting like a stump,Adjective,,
1796,Kyrtyngeh,to become stiff,Verb,,
1797,Kyrtyngit,darkness,Noun,,
1798,Kyrtyngit,dark,Adjective,,
1799,Kyrtyngit,to become dark,Verb,,
1800,Kyrwa,to branch out,Verb,,
1801,Kyrwai,song,Noun,,
1802,Kyrwai,hymn,Noun,,
1803,Kyrwai,to sing,Verb,,
1804,Kyrwait,to wait,Verb,,
1805,Kyrwait,to expect,Verb,,
1806,Kyrwang,broad at one end,Adjective,,
1807,Kyrwat,to desire earnestly,Verb,,
1808,Kyrwat,to long for,Verb,,
1809,Kyrweh,to wave,Verb,,
1810,Kyrwet,to wipe,Verb,,
1811,Kyrwet,to rub clean,Verb,,
1812,Kyrwiang,to spread widely,Verb,,
1813,Kyrwit,to hinder,Verb,,
1814,Kyrwit,to obstruct,Verb,,
1815,Kyrwoh,to fasten,Verb,,
1816,Kyrwoh,to hook,Verb,,
1817,Kyrwoh,to attach,Verb,,
1818,Kyrwong,bent outward,Adjective,,
1819,Kyrwut,to pull out suddenly,Verb,,
1820,Kysai,to choose,Verb,,
1821,Kysai,selected,Adjective,,
1822,Kysan,suddenly,Adverb,,
1823,Kysan,unexpectedly,Adverb,,
1824,Kysap,to insert,Verb,,
1825,Kysat,to thrust in,Verb,,
1826,Kysaw,to wound,Verb,,
1827,Kysaw,to injure,Verb,,
1828,Kysaw,wound,Noun,,
1829,Kysew,to chase away,Verb,,
1830,Kysew,to drive away,Verb,,
1831,Kysiem,spirit,Noun,,
1832,Kysiem,soul,Noun,,
1833,Kysih,to become sour,Verb,,
1834,Kysit,to stitch,Verb,,
1835,Kyslem,to become sluggish,Verb,,
1836,Kysleh,to mix,Verb,,
1837,Kysleh,to mingle,Verb,,
1838,Kysmai,to swear,Verb,,
1839,Kysmai,oath,Noun,,
1840,Kysnam,mark,Noun,,
1841,Kysnam,sign,Noun,,
1842,Kysyrdep,to shut,Verb,,
1843,Kysyrdep,to close,Verb,,
1844,Kyt,to carry on the shoulder,Verb,,
1845,Kyt,to bear,Verb,,
1846,Kytang,to bind together,Verb,,
1847,Kytang,to tie fast,Verb,,
1848,Kytap,to cover,Verb,,
1849,Kytap,to shut over,Verb,,
1850,Kytdem,to bend down,Verb,,
1851,Kytduh,to come to an end,Verb,,
1852,Kyteh,to tie,Verb,,
1853,Kyteh,to bind,Verb,,
1854,Kythah,to warn,Verb,,
1855,Kythah,to caution,Verb,,
1856,Kythai,to wave,Verb,,
1857,Kythang,bitter,Adjective,,
1858,Kythaw,grandfather,Noun,,
1859,Kythaw kurim,father-in-law,Noun,,
1860,Kythik,upright,Adjective,,
1861,Kythik,standing erect,Adjective,,
1862,Kyti,hand,Noun,,
1863,Kytiar,centipede,Noun,,
1864,Kytik,to tickle,Verb,,
1865,Kytieh,mud,Noun,,
1866,Kytieh,paddy field,Noun,,
1867,Kytien,word,Noun,,
1868,Kytien,speech,Noun,,
1869,Kytub,to mumble,Verb,,
1870,Kytud,to crawl slowly,Verb,,
1871,Kytung,preserved fish,Noun,,
1872,Kytui,very muddy,Adjective,,
1873,Kytur,sulphurous glow,Noun,,
1874,Kytur,sulphurous glow,Noun,,
1875,Kytur,reddish glare,Noun,,
1876,Kytut,to pierce,Verb,,
1877,Kytut,to prick,Verb,,
1878,Kytweng,to throw aside,Verb,,
1879,Kytweng,to reject,Verb,,
1880,Kywut,projecting like a stump,Adjective,,
1881,K'oh,notch at the head of an arrow for receiving the bow-string,Noun,,
1882,K'oh,to notch,Verb,,
1883,K'ong,to bend,Verb,,
1884,K'ong,to stoop,Verb,,
1885,K'ot,to cut off,Verb,,
1886,K'ot,to sever,Verb,,
1887,K'u,to cry aloud,Verb,,
1888,K'u,loud cry,Noun,,
1889,K'wai,betel nut,Noun,,
1890,K'wai,areca nut,Noun,,
1891,K'wai,to chew betel nut,Verb,,
1892,K'wan,to desire,Verb,,
1893,K'wan,to long for,Verb,,
1894,K'weng,to cast away,Verb,,
1895,K'weng,to throw aside,Verb,,
1896,K'wet,to wipe,Verb,,
1897,K'wet,to rub clean,Verb,,
1898,K'wit,to hinder,Verb,,
1899,K'wit,to obstruct,Verb,,
1900,K'woh,to hook,Verb,,
1901,K'woh,to fasten with a hook,Verb,,
1902,K'woh,to attach,Verb,,
1903,K'yntang,holy,Adjective,Variant spelling,
1904,K'yntang,sacred,Adjective,Variant spelling,
1905,K'yntiew,flower,Noun,Variant spelling,
1906,K'yntiew,blossom,Noun,Variant spelling,
1907,K'yntur,to stretch forward,Verb,Variant spelling,
1908,K'yntur,to extend,Verb,Variant spelling,
1909,K'ynduh,to meet,Verb,Variant spelling,
1910,K'ynduh,to encounter,Verb,Variant spelling,
1826,Kysaw,to wound,Verb,,
1827,Kysaw,to injure,Verb,,
1828,Kysaw,wound,Noun,,
1829,Kysew,to chase away,Verb,,
1830,Kysew,to drive away,Verb,,
1831,Kysiem,spirit,Noun,,
1832,Kysiem,soul,Noun,,
1833,Kysih,to become sour,Verb,,
1834,Kysit,to stitch,Verb,,
1835,Kyslem,to become sluggish,Verb,,
1836,Kysleh,to mix,Verb,,
1837,Kysleh,to mingle,Verb,,
1838,Kysmai,to swear,Verb,,
1839,Kysmai,oath,Noun,,
1840,Kysnam,mark,Noun,,
1841,Kysnam,sign,Noun,,
1842,Kysyrdep,to shut,Verb,,
1843,Kysyrdep,to close,Verb,,
1844,Kyt,to carry on the shoulder,Verb,,
1845,Kyt,to bear,Verb,,
1846,Kytang,to bind together,Verb,,
1847,Kytang,to tie fast,Verb,,
1848,Kytap,to cover,Verb,,
1849,Kytap,to shut over,Verb,,
1850,Kytdem,to bend down,Verb,,
1851,Kytduh,to come to an end,Verb,,
1852,Kyteh,to tie,Verb,,
1853,Kyteh,to bind,Verb,,
1854,Kythah,to warn,Verb,,
1855,Kythah,to caution,Verb,,
1856,Kythai,to wave,Verb,,
1857,Kythang,bitter,Adjective,,
1858,Kythaw,grandfather,Noun,,
1859,Kythaw kurim,father-in-law,Noun,,
1860,Kythik,upright,Adjective,,
1861,Kythik,standing erect,Adjective,,
1862,Kyti,hand,Noun,,
1863,Kytiar,centipede,Noun,,
1864,Kytik,to tickle,Verb,,
1865,Kytieh,mud,Noun,,
1866,Kytieh,paddy field,Noun,,
1867,Kytien,word,Noun,,
1868,Kytien,speech,Noun,,
1869,Kytub,to mumble,Verb,,
1870,Kytud,to crawl slowly,Verb,,
1871,Kytung,preserved fish,Noun,,
1872,Kytui,very muddy,Adjective,,
1873,Kytur,sulphurous glow,Noun,,
1911,K'u,to cry aloud,Verb,,
1912,K'u,loud cry,Noun,,
1913,K'wai,betel-nut,Noun,,
1914,K'wai,areca-nut,Noun,,
1915,K'wai,to chew betel-nut,Verb,,
1916,K'wan,to desire,Verb,,
1917,K'wan,to long for,Verb,,
1918,K'weng,to throw aside,Verb,,
1919,K'weng,to cast away,Verb,,
1920,K'wet,to wipe,Verb,,
1921,K'wet,to rub clean,Verb,,
1922,K'wit,to hinder,Verb,,
1923,K'wit,to obstruct,Verb,,
1924,K'woh,to fasten with a hook,Verb,,
1925,K'woh,to hook,Verb,,
1926,K'woh,to attach,Verb,,
1928,La,already,Particle,,
1929,La,indeed,Particle,,
1930,Laba,enough,Adjective,,
1931,Laba,sufficient,Adjective,,
1932,Labang,broad,Adjective,,
1933,Labang,wide,Adjective,,
1934,Labot,fortune,Noun,,
1935,Labot,luck,Noun,,
1936,Lada,if,Conjunction,,
1937,Lade,self,Pronoun,,
1938,Lade-hi,oneself,Pronoun,,
1939,Ladoh,flesh,Noun,,
1940,Lad,way,Noun,,
1941,Lad,road,Noun,,
1942,Lad,opportunity,Noun,,
1943,Lad jingïaid,pathway,Noun,,
1944,Lad jingïarap,means of help,Noun,,
1945,Lad jingïoh,opportunity,Noun,,
1946,Lad shnong,village road,Noun,,
1947,Lad um,watercourse,Noun,,
1948,Lad jingïaleh,method of fighting,Noun,,
1949,Lad jingïakren,means of communication,Noun,,
1950,Lad jingïashem,opportunity to meet,Noun,,
1951,Lad-ka-jingim,manner of life,Noun,,
1952,Lad-lynti,path,Noun,,
1953,Lad-suk,easy way,Noun,,
1954,Lad shnong,village road,Noun,,
1955,Lad um,watercourse,Noun,,
1956,Lada,if,Conjunction,,
1957,Ladang,when,Conjunction,,
1958,Ladang,very (early),Adverb,,
1959,Lade,self,Pronoun,,
1960,Lang,together,Adverb,,
1961,Lang,in concert,Adverb,,
1962,Lang,to congeal,Verb,,
1963,Lang,to solidify,Verb,,
1964,'Lang,goat,Noun,Abbreviation of blang or phlang,
1965,'Langbrot,sheep,Noun,,
1966,Langbyrku,wood pigeon,Noun,,
1967,Langbyrkaw,wood pigeon,Noun,Variant form,
1968,'Langkushi,large kind of goat,Noun,,
1969,Lang-lung,tender or newly grown grass,Noun,Hindi loanword,
1970,'Langniuh,bearded grass,Noun,,
1971,'Langsah,grass not burnt for a long time,Noun,,
1972,'Langsohmoh,full-grown he-goat,Noun,,
1973,'Langthohkhlieh,human victim offered to u Thlen,Noun,,
1974,Lah,can,Verb,Auxiliary verb,
1975,Lah,be able,Verb,,
1976,Lah,succeed,Verb,,
1977,Lalia,lac,Noun,Assamese loanword,
1978,Lai,three,Numeral,,
1979,'Lai,rope,Noun,Abbreviation of tyllai,
1980,'Lai,palm,Noun,Abbreviation of tlai,
1981,'Lai-ktang,kind of palm,Noun,,
1982,'Lai-nih,Wallichia (species of palm),Noun,,
1983,Laiphew-jaid,all sorts or kinds,Phrase,,
1984,Lain,very red,Adverb,Especially of an excited person,
1985,Lait,to be free,Verb,,
1986,Lait,to escape,Verb,,
1987,Lait,mistake,Noun,,
1988,Lait-kylla,violation of sacrificial customs,Noun,,
1989,Lait-ksuid,to be entirely free from disagreeable connections or evil spirits,Verb,,
1990,Lait-dar,to be free to accomplish one's object,Verb,,
1991,Lait-doh,to have a sprain,Verb,,
1992,Lait-ia,to be free from a period fixed for the observance of certain religious or social ceremonies,Verb,,
1993,Lait-im,to be saved,Verb,,
1994,Lait-luid,to be free; to be at large,Verb,,
1995,Lait (na),except; besides,Phrase,,
1996,Laitsang,to be free from a sang (taboo),Verb,,
1997,Laitsang,nominally; outwardly,Adverb,,
1998,Lait-sa-i-said,narrowly escaped,Phrase,,
1999,Lait-thaw,to be free from imminent danger,Verb,,
2000,Lait-thaw,hair-breadth escape,Noun,,
2001,La jan,nearly,Adverb,,
2002,La jan,almost,Adverb,,
2003,La jong,one's own,Pronoun,,
2005,Lali,slovenly,Adjective,,
2006,Lali,sluttish,Adjective,,
2007,Lali,dirty,Adjective,,
2008,'Laliar,tender top leaf used in sacrifices,Noun,,
2009,Lam,to carry,Verb,,
2010,Lam,to bring,Verb,,
2011,Lam shnong,to remove to another village,Verb,,
2012,Lam-lynti,to lead,Verb,,
2013,Lam paidbah,to conduct a crowd,Verb,,
2014,Lam jingïakren,to conduct a conversation,Verb,,
2015,Lam jingïaseng,to conduct a meeting,Verb,,
2016,Lam khmat,to lead the way,Verb,,
2017,Lam paidbah,public leader,Noun,,
2018,Lamphrang,to carry openly,Verb,,
2019,Lamwir,to lead astray,Verb,,
2020,Lamwir,to mislead,Verb,,
2021,Lama,flag,Noun,,
2022,Lama,pennon,Noun,,
2023,Lama,banner,Noun,,
2024,'Laman,Bengal tiger,Noun,,
2025,Lamdoh,to celebrate a marriage ceremony by a feast (especially of pork),Verb,,
2026,'Lamet,kind of leaf much used in packing things,Noun,,
2027,Lamher,thoughtlessly,Adverb,,
2028,Lamher,wastefully,Adverb,,
2029,Lamjew,internal part of the flesh lining the spine,Noun,,
2030,Lamler,to lie,Verb,,
2031,Lamphrang,to lead,Verb,,
2032,Lamphrang,to preface,Verb,,
2033,Lamwir,mad,Adjective,,
2034,Lamwir,crazy,Adjective,,
2035,Lan (iaid-),without restraint,Adverb,,
2036,Lan-lan (khuid-),clearly swept over,Adverb,,
2037,Lan-lan (khuid-),clearly trampled over,Adverb,,
2038,Lane,or,Conjunction,,
2039,Lane,either,Conjunction,,
2041,Lano-lano,in future,Adverb,,
2042,Lano-lano,hereafter,Adverb,,
2043,Lano-lano,ever,Adverb,,
2044,Lanymwei,hereafter,Adverb,,
2045,Lanymwei,next year,Adverb,,
2046,Lap,to overtake,Verb,,
2047,Lap,in haste,Adverb,,
2048,Lap,inconsiderately,Adverb,,
2049,Lap (kaba lap),upper cut made above the first cut when felling a tree,Noun,,
2050,'Lap,rain,Noun,Abbreviation of slap,
2051,Lapadong,leaf of a certain plant,Noun,,
2052,Lapa-iat,tree bearing small black fruits,Noun,,
2053,Lapa-iat,see-saw,Noun,,
2054,'Lap-bah,heavy rain,Noun,,
2055,'Lap-bniup-bniup,drizzle,Noun,,
2056,'Lap-kyrtiah,rain accompanied by storm,Noun,,
2057,Lape,to daub,Verb,,
2058,Lape,to plaster,Verb,,
2059,Laper (soh-),fruit of a certain small dwarf palm,Noun,,
2060,'Lapeh (sei-),with plenty of leaves but without grain or fruit,Adverb,,
2061,Laplah,anticipatively,Adverb,,
2062,Laplah,prematurely,Adverb,,
2063,Laplang,to become spread out,Verb,,
2064,Lap-lap,broad and flat,Adjective,,
2065,Lap-lap,spread flat,Adjective,,
2066,Lapmiet,at nightfall,Adverb,,
2067,Lappa,to become scattered,Verb,,
2068,Lappa-lappa,scattered in all directions,Adverb,,
2069,Lapti,broad and flat,Adjective,,
2070,Lar,enough,Adjective,,
2071,Lar,sufficient,Adjective,,
2072,Lar,adequate,Adjective,,
2073,Laram,to become dry,Verb,,
2074,Lare,to flee,Verb,,
2075,Lari,lorry,Noun,,
2076,Lari,cart,Noun,,
2077,Larieh,to become visible,Verb,,
2078,Larkam,employment,Noun,,
2079,Larmet,bodily appearance,Noun,,
2080,Larong,colour,Noun,,
2081,Larot,greed,Noun,,
2082,Larot,selfishness,Noun,,
2083,Larot,greedy,Adjective,,
2084,Laru,to wander,Verb,,
2085,Lashem,to meet,Verb,,
2086,Lashai,tomorrow,Adverb,,
2087,Lashai,next day,Adverb,,
2088,Lashisngi,the following day,Adverb,,
2089,Lasoh,fruit-bearing,Adjective,,
2090,Lasuk,peaceful,Adjective,,
2091,Lasut,to escape,Verb,,
2092,Lat,to be tired,Verb,,
2093,Lat,weariness,Noun,,
2094,Latah,to become exhausted,Verb,,
2095,Lathuh,to relate,Verb,,
2096,Lathuh,to narrate,Verb,,
2097,Lathuh,to tell,Verb,,
2098,Lat paidbah,public report,Noun,,
2099,Lat shnong,village report,Noun,,
2100,Latyrti,fame,Noun,,
2101,Latyrti,fame,Noun,,
2102,Latyrpad,bay leaf,Noun,,
2103,Latyrdop,Cinnamomum candatum,Noun,Botanical term,
2104,Law,to take off,Verb,,
2105,Law,to extract,Verb,,
2106,Law,to undo,Verb,,
2107,'Law,jungle,Noun,Abbreviation of khlaw,
2108,'Law-bah,big jungle,Noun,Dense forest,
2109,'Law-kyntang,sacred grove,Noun,,
2110,Lawei,hereafter,Adverb,,
2111,Lawei,future,Noun,,
2112,Lawei-lashai,hereafter,Adverb,,
2113,Lawei-la-ar,in future,Adverb,,
2114,Law-law,carelessly,Adverb,,
2115,Law-law,superficially,Adverb,,
2116,Law-law,hastily,Adverb,,
2117,Lawlynnong,coppice,Noun,,
2118,Lawlynnong,bush,Noun,,
2119,Lbang,with the dhoti rolled up,Adverb,,
2120,Lbor,March,Noun,Month,
2121,Lbing (heh-),fleshy and big,Adverb,,
2122,Lbong,thigh,Noun,,
2123,Lboit,short and naked,Adverb,,
2124,Lkai,plump,Adjective,,
2125,Lker-lker,pulpily,Adverb,,
2126,Lkhang,lonely,Adjective,,
2127,Lkhang,helpless,Adjective,,
2128,Lkhai,tender,Adjective,,
2129,Lkhai,delicate,Adjective,,
2130,Lkhit,small useless pieces,Noun,,
2131,Lkhit,atoms,Noun,,
2132,Lkhoit,like a small lump,Adverb,,
2133,Lkhuit,resembling a lump,Adverb,,
2134,Lkut,like a log,Adverb,,
2135,Lko,utterly broken,Adjective,,
2136,Lko,crumbling,Adjective,,
2137,Lko-pom,completely,Adverb,,
2138,Lkur-lkur,dumpling-like,Adverb,,
2139,Ldang,lying on the back and helpless,Adverb,,
2140,Ldai,dangling,Adverb,,
2141,Ldet,dangling,Adverb,Variant form,
2142,Ldit,dangling,Adverb,Variant form,
2143,Ldoi,dangling,Adverb,Variant form,
2144,Ldui,dangling,Adverb,Variant form,
2145,Ldat,hanging,Adverb,As a bird in a snare,
2146,Lding (at-),lying with a swollen abdomen,Adverb,,
2147,Ldui,hanging (said of big things),Adverb,,
2148,Led,lead pencil,Noun,,
2149,'Leng,egg,Noun,Abbreviation of pylleng,
2150,Lengleng,wildly,Adverb,,
2151,Lengleng,aimlessly,Adverb,,
2152,'Lengkha,fresh egg,Noun,,
2153,'Lengkpoh,egg placed over the navel of a dead person and broken on the funeral pyre,Noun,,
2154,'Leng-iew,old egg; market egg,Noun,,
2155,'Leng-ra,egg left unhatched by a hen,Noun,,
2156,Leh,to do,Verb,,
2157,Leh,to perform,Verb,,
2158,Leh,to act,Verb,,
2159,Lehbein,to maltreat,Verb,,
2160,Lehbein,to ill-treat,Verb,,
2161,Lehkai,to play,Verb,,
2162,Lehkai,to make sport of,Verb,,
2163,Lehkhynraw,to play a bachelor or spinster,Verb,,
2164,Lehkhynraw,to dress nicely like a young man or young woman,Verb,,
2165,Lehdiaw,to be dejected,Verb,,
2166,Lehdiaw,to be cast down,Verb,,
2167,Leh-eh,to handle roughly,Verb,,
2168,Leh-eh,to deal hard with,Verb,,
2169,Leh-jalani,to be fastidious regarding dress or toilette,Verb,,
2170,Lehmushlia,to meddle with,Verb,,
2171,Lehmynleh,to affect to do,Verb,,
2172,Lehmynleh,to feign,Verb,,
2173,Lehmynleh,to pretend,Verb,,
2174,Lehnoh-ei,vain,Adjective,,
2175,Lehnoh-ei,useless,Adjective,,
2176,Lehnoh-ei,to waste,Verb,,
2177,Leh-palat,to do more than what is right or proper,Verb,,
2178,Leh-palat,to transgress,Verb,,
2179,Lehrain,to be ashamed,Verb,,
2180,Lehrit,to be unassuming,Verb,,
2181,Lehrit,to be humble,Verb,,
2182,Lehroh,to make a show of,Verb,,
2183,Lehroh,pretentious,Adjective,,
2184,Lehroh,fond of display,Adjective,,
2185,Lehrong,to make a display,Verb,,
2186,Lehrong,to make a show of anything,Verb,,
2187,Lehsa,to be in the dumps,Verb,,
2188,Lehsa,to sulk,Verb,,
2189,Lehsang,"to do or act anything immoral, profane, or indecent",Verb,,
2190,Lehsat,to do anything by way of vengeance or self-mortification,Verb,,
2191,Lehse,probably,Adverb,Perhaps,
2192,Lehsih,to have dirty habits,Verb,,
2193,Lehsih,to be untidy,Verb,,
2194,Lehsting,to make light of the matter,Verb,,
2195,Lehsting,to be unmindful,Verb,,
2196,Leh-tamsa,to make a show,Verb,,
2197,Leh-tamsa,to have a tamasha,Verb,Hindi loanword,
2198,Leh-thamula,to make sport of,Verb,,
2199,Leh-thamula,to play practical jokes,Verb,,
2200,Leh-thawlir,to do something odd,Verb,,
2201,Leh-thawnang,to do something strange,Verb,,
2204,Lei,flour paste,Noun,,
2205,'Lei,god,Noun,Abbreviation of Blei,
2206,Lei-lei,so much the better,Phrase,,
2207,Lei-lei,at any rate,Phrase,,
2208,Lei-lei,anyhow,Phrase,,
2209,Lei-lei,without any cause,Phrase,,
2210,'Leikhuri,household god of a certain Khasi clan,Noun,,
2211,'Leikhyrdop-'Leikharai,goddess believed to guard the entrance of a village during war,Noun,,
2212,Leilieh,lightning,Noun,,
2213,'Lei-muluk,guardian goddess of a village or state,Noun,,
2214,'Leisad-'Leisunon,guardian goddess of a Siem or clan,Noun,Especially in time of war,
2215,Leit,to go,Verb,,
2216,Leit,to proceed,Verb,,
2217,Leit,to fit,Verb,,
2218,L'eit,bottom,Noun,Same as lyeit,
2219,L'eit,foot,Noun,,
2220,L'eit,buttock,Noun,,
2221,Leit-bar,to answer a call of nature,Verb,,
2222,Leit-bih,to go and beg,Verb,,
2223,Leit-kai,to go out for a walk,Verb,,
2224,Leit-kai,to go on a visit,Verb,,
2225,Leit-ka-wan,journey,Noun,Especially for trading purposes,
2226,Leit-ka-wan,travel,Noun,,
2227,Leitkha-leitman,to get married (said of a man),Verb,,
2228,Leit-kha-leitman,to get married (said of a man),Verb,,
2229,Leit-khlaw,to go into the jungle,Verb,,
2230,Leit-khlaw,to hunt,Verb,,
2231,Leit-kylla,to return,Verb,,
2232,Leit-lan,to go freely,Verb,,
2234,Leit-lano-lano,to go anywhere,Verb,,
2235,Leit-lap,to overtake,Verb,,
2236,Leit-lap,to come upon unexpectedly,Verb,,
2237,Leit-noh,to go immediately,Verb,,
2238,Leit-phet,to flee,Verb,,
2239,Leit-rah,to go carrying,Verb,,
2240,Leit shnong,to go to a village,Verb,,
2241,Leit-suk,to go peacefully,Verb,,
2242,Leit-um,to fetch water,Verb,,
2243,Leit-wan,to come,Verb,,
2244,Leit-ynran,to accompany,Verb,,
2245,Lem,together,Adverb,,
2246,Lem,jointly,Adverb,,
2247,Lem,unitedly,Adverb,,
2248,Lem hynrei,nevertheless,Conjunction,,
2249,Lem hynrei,notwithstanding,Conjunction,,
2250,Lem hynrei,all the same,Phrase,,
2251,Lembah,valley,Noun,,
2252,Lembah,low-lying ground,Noun,,
2253,Lembit,broad and flat,Adjective,,
2254,Lemmiet,evening,Noun,,
2255,Lemmiet,dusk,Noun,,
2256,Lemnoh,secretly,Adverb,,
2257,Lemnoh,stealthily,Adverb,,
2258,Lemram,plain,Noun,,
2259,Lemram,level ground,Noun,,
2260,Len,to borrow,Verb,,
2261,Len,to lend,Verb,,
2262,Len,loan,Noun,,
2263,Len-len,by borrowing,Adverb,,
2264,Leng,long,Adjective,,
2265,Leng,length,Noun,,
2266,Leng-leng,lengthwise,Adverb,,
2267,Leng-shuwa,beforehand,Adverb,,
2268,Leng-kti,arm's length,Noun,,
2269,Leng-jri,chain length,Noun,,
2270,Leng-pyrshah,opposite in length,Adjective,,
2271,Leng-ryngkat,of equal length,Adjective,,
2272,Leng-skut,shortened,Adjective,,
2273,Leng-soh,elongated,Adjective,,
2274,Leng-teng,longer still,Adjective,,
2275,Leng-um,length of a stream,Noun,,
2276,Leng-sohpet,elongated fruit,Noun,,
2277,Leng-synnia,shadow length,Noun,,
2278,Leng-tyrpeng,width and length,Noun,,
2279,Leng-tyrkhong,dry season,Noun,,
2280,Leng-wah,river course,Noun,,
2281,Leng-leng,fully stretched,Adverb,,
2282,Lenkha,borrowed,Adjective,,
2283,Lenkha,on loan,Adverb,,
2284,Lenkhlieh,long-headed,Adjective,,
2285,Lenkti,long-armed,Adjective,,
2286,Lenlynti,journey,Noun,,
2287,Lenlynti,travelling distance,Noun,,
2288,Lenmet,long-faced,Adjective,,
2289,Lennoh,secretly,Adverb,,
2290,Lennoh,stealthily,Adverb,,
2291,Lenteh,bound together,Adjective,,
2292,Lenteh,tied together,Adjective,,
2293,Lentreh,occupation,Noun,,
2294,Lentreh,work,Noun,,
2295,Lentreh,employment,Noun,,
2296,Lep,to peel off,Verb,,
2297,Lep,to strip off,Verb,,
2298,Lep,to moult,Verb,,
2299,Lep-lap,stripped bare,Adjective,,
2300,Lep-lap,peeled clean,Adjective,,
2301,Lep shnong,to leave a village,Verb,,
2302,Lep-lam,to forsake,Verb,,
2303,Lepnoh,to throw away,Verb,,
2304,Lepnoh,to discard,Verb,,
2305,Ler,to wander,Verb,,
2306,Ler,to roam,Verb,,
2307,Ler shnong,to wander from village to village,Verb,,
2308,Ler paidbah,to roam among the people,Verb,,
2309,Ler-ler,wanderingly,Adverb,,
2310,Leri,valley,Noun,,
2311,Leri,ravine,Noun,,
2312,Lermet,countenance,Noun,,
2313,Lermet,appearance,Noun,,
2314,Let,to know,Verb,,
2315,Let,to perceive,Verb,,
2316,Let,to understand,Verb,,
2317,Let paidbah,to make known publicly,Verb,,
2318,Let shnong,to make known in the village,Verb,,
2319,Let-eh,difficult to understand,Adjective,,
2320,Let-lat,to know thoroughly,Verb,,
2321,Let-lat,fully informed,Adjective,,
2322,Let-noh,to understand at once,Verb,,
2323,Let-shai,to understand clearly,Verb,,
2324,Let-ym,to misunderstand,Verb,,
2325,Liat,to flatten,Verb,,
2326,Liat,to press flat,Verb,,
2327,Liat,flat,Adjective,,
2328,Liat-liat,quite flat,Adjective,,
2329,Lien,to owe,Verb,,
2330,Lien,debt,Noun,,
2331,Lien,obligation,Noun,,
2332,Lieng,boat,Noun,,
2333,Lieng,canoe,Noun,,
2334,Lieng-um,watercraft,Noun,,
2335,Lieng-suiñ,steamer,Noun,,
2336,Lieng-syiem,state barge,Noun,,
2337,Lieng-tylli,small canoe,Noun,,
2338,Liengbah,large boat,Noun,,
2339,Liengsan,raft,Noun,,
2340,Lier,garden,Noun,,
2341,Lier,cultivated plot,Noun,,
2342,Lier-soh,orchard,Noun,,
2343,Lih,to dig,Verb,,
2344,Lih,to excavate,Verb,,
2345,Lih-maw,to quarry stone,Verb,,
2346,Lih-um,to dig a well,Verb,,
2347,Lim,lime,Noun,,
2348,Lim,lemon,Noun,,
2349,Lim-soh,citrus fruit,Noun,,
2350,Lim-tyrkhong,dried lime,Noun,,
2351,Lin,line,Noun,,
2352,Lin,row,Noun,,
2353,Lin-lin,in rows,Adverb,,
2354,Lip,to cover,Verb,,
2355,Lip,to conceal,Verb,,
2356,Lip-lip,completely covered,Adjective,,
2357,Lip shnong,to hide in a village,Verb,,
2358,Lit,to go,Verb,Archaic form,
2359,Lit,to depart,Verb,,
2360,Liw,colour,Noun,,
2361,Liw,hue,Noun,,
2362,Liw-iong,black colour,Noun,,
2363,Liw-lieh,grey colour,Noun,,
2364,Liw-saw,green colour,Noun,,
2365,Liw-thoh,writing ink,Noun,,
2366,Liwstem,paint,Noun,,
2367,Liwstem,pigment,Noun,,
2368,Lo,enough!,Interjection,,
2369,Lo,there!,Interjection,,
2370,Loh,to roast,Verb,,
2371,Loh,to burn,Verb,,
2372,Loh,roasted,Adjective,,
2373,Loh,charcoal,Noun,,
2374,Loh-iong,black charcoal,Noun,,
2375,Loh-ja,roasted rice,Noun,,
2376,Loh-kpu,roasted yam,Noun,,
2377,Loh-sniang,roasted pork,Noun,,
2378,Loh-sha,tea leaves dried by roasting,Noun,,
2379,Loh-thri,roasted sesame,Noun,,
2380,Loi,to be loose,Verb,,
2381,Loi,slack,Adjective,,
2382,Loi-loi,loosely,Adverb,,
2383,Loin,loin,Noun,,
2384,Loin,waist,Noun,,
2385,Loin-jain,waistband,Noun,,
2386,Loin-kti,wrist,Noun,,
2387,Lok,friend,Noun,,
2388,Lok,companion,Noun,,
2389,Lok-baieid,beloved friend,Noun,,
2390,Lok-lang,companion,Noun,,
2391,Lok-shong,neighbour,Noun,,
2392,Long,to be,Verb,,
2393,Long,to become,Verb,,
2394,Long,to exist,Verb,,
2395,Longrynïeng,upright,Adjective,,
2396,Longsuk,peaceful,Adjective,,
2397,Longspah,rich,Adjective,,
2398,Longstang,holy,Adjective,,
2399,Longthait,tired,Adjective,,
2400,Long jingïalong,existence,Noun,,
2401,Long jingïadei,relationship,Noun,,
2402,Long-briew,humanity,Noun,,
2403,Long-iing,household,Noun,,
2404,Long-jingim,way of life,Noun,,
2405,Long-kpa,fatherhood,Noun,,
2406,Long-kmie,motherhood,Noun,,
2407,Long-ryngkat,equality,Noun,,
2408,Long-syiem,kingship,Noun,,
2409,Long-sordar,chieftainship,Noun,,
2410,Long-shynrang,manhood,Noun,,
2411,Long-kynthei,womanhood,Noun,,
2412,Long-shemphang,wisdom,Noun,,
2413,Long-ba-shisha,reality,Noun,,
2414,Long-ba-don,existence,Noun,,
2415,Long-ba-itynnad,beauty,Noun,,
2416,Long-ba-sniew,wickedness,Noun,,
2417,Long-ba-khuid,purity,Noun,,
2418,Long-ba-laitluid,freedom,Noun,,
2419,Long-ba-skhem,firmness,Noun,,
2420,Long-ba-riewspah,prosperity,Noun,,
2421,Long-ba-rung,entrance,Noun,,
2422,Long-ba-jrong,length,Noun,,
2423,Long-ba-heh,greatness,Noun,,
2424,Long-ba-rit,littleness,Noun,,
2425,Long-ba-khlain,strength,Noun,,
2426,Long-ba-tlot,weakness,Noun,,
2427,Long-ba-kyrpang,peculiarity,Noun,,
2428,Long-ba-jan,nearness,Noun,,
2429,Long-ba-jngai,distance,Noun,,
2430,Long-ba-lah,ability,Noun,,
2431,Long-ba-bha,goodness,Noun,,
2432,Long-ba-sngewtynnad,pleasantness,Noun,,
2433,Long-ba-shlur,bravery,Noun,,
2434,Long-ba-rangbah,maturity,Noun,,
2435,Long-ba-khraw,greatness,Noun,,
2436,Long-ba-kyrmen,hopefulness,Noun,,
2437,Long-ba-donbok,good fortune,Noun,,
2438,Long-ba-sngewlem,sympathy,Noun,,
2439,Long-ba-ieid,love,Noun,,
2440,Long-ba-isynei,compassion,Noun,,
2441,Long-ba-shlur,courage,Noun,,
2442,Long-ba-lahduh,supremacy,Noun,,
2443,Long-ba-riewblei,godliness,Noun,,
2444,Long-ba-khuid,holiness,Noun,,
2445,Long-ba-donbor,authority,Noun,,
2446,Long-ba-sngewrit,humility,Noun,,
2447,Long-ba-kmen,happiness,Noun,,
2448,Long-ba-sngewsih,sorrow,Noun,,
2449,Long-ba-eh,difficulty,Noun,,
2450,Long-ba-suk,ease,Noun,,
2451,Long-ba-sngewphylla,wonder,Noun,,
2452,Long-ba-khluid,warmth,Noun,,
2453,Long-ba-khlad,separation,Noun,,
2454,Long-ba-im,life,Noun,,
2455,Long-ba-iap,death,Noun,,
2456,Long-ba-neh,permanence,Noun,,
2457,Long-ba-kylla,change,Noun,,
2458,Long-ba-ryntih,orderliness,Noun,,
2459,Long-ba-jot,ruin,Noun,,
2460,Long-ba-spah,wealth,Noun,,
2461,Long-ba-riewspah,prosperity,Noun,,
2462,Long-ba-riewblei,piety,Noun,,
2463,Long-bri,pastoral life,Noun,,
2464,Longdien,afterwards,Adverb,,
2465,Longdien,later,Adverb,,
2466,Long-iing,domestic life,Noun,,
2467,Long-khlaw,forest life,Noun,,
2468,Longkur,relationship,Noun,,
2469,Longkur,kinship,Noun,,
2470,Longlai,triangular,Adjective,,
2471,Longmet,bodily condition,Noun,,
2472,Longnoh,to become hidden,Verb,,
2473,Longnoh,to disappear,Verb,,
2474,Longrynïeng,upright,Adjective,,
2475,Longsuk,peaceful,Adjective,,
2476,Longspah,wealthy,Adjective,,
2477,Longstang,holy,Adjective,,
2478,Longthait,weary,Adjective,,
2479,Lop,to peel off,Verb,,
2480,Lop,to strip,Verb,,
2481,Lopnoh,to cast away,Verb,,
2482,Lopnoh,to discard,Verb,,
2483,Lor,to surround,Verb,,
2484,Lor,to encircle,Verb,,
2485,Lorni,moonlight,Noun,,
2486,Lot,share,Noun,,
2487,Lot,portion,Noun,,
2488,Lotri,lottery,Noun,,
2489,L paidbah,public,Adjective,,
2490,L shnong,village,Adjective,,
2491,Lait paidbah,public freedom,Noun,,
2492,Lynti,path,Noun,,
2493,Lynti,road,Noun,,
2494,Lynti shnong,village path,Noun,,
2495,Lynti bah,highway,Noun,,
2496,Lynti um,watercourse,Noun,,
2497,Lynti ïaid,pathway,Noun,,
2498,Lynti leit,route,Noun,,
2499,Lynti wan,way of return,Noun,,
2500,Lynti paidbah,public road,Noun,,
2501,Lyndang,on the back (to lie),Adverb,,
2502,Lyndang-pyllup,on the back and rolled over,Phrase,,
2503,Lyndet,beyond,Adverb,,
2504,Lyndet,behind,Adverb,,
2505,Lyndum,bare-headed,Adjective,,
2506,Lyndum,bald,Adjective,,
2507,Lynnai,reed,Noun,,
2508,Lynuiang,plant whose root has a bitter taste and is eaten with pan and areca nut,Noun,,
2509,Lynniap,slice,Noun,,
2510,Lynfiiar,to cry aloud,Verb,,
2511,Lynfiiar,to weep,Verb,,
2512,Lynnong,portion,Noun,,
2513,Lynnong,chapter,Noun,,
2514,Lynnong,isolated,Adjective,,
2515,Lynraw (si-),young bull or ox,Noun,,
2516,Lynruh-lynram,things lying disorderly,Noun,,
2517,Lynrum,disorderly,Adverb,,
2518,Lynrum-lynrah,rubbish,Noun,,
2519,Lynrum-lynrah,debris,Noun,,
2520,Lynsher,to plant in,Verb,,
2521,Lynsher,to ram in,Verb,,
2522,Lynsher,to hurl down,Verb,,
2523,Lynshop,to dash down,Verb,,
2524,Lynshop,to plunge down (as a hill stream),Verb,,
2525,Lynstong,sward,Noun,,
2526,Lynstong,sod,Noun,,
2527,Lynstong,turf,Noun,,
2528,Lyntang,plank,Noun,,
2529,Lyntait,swallow,Noun,Bird,
2530,Lynten,lantern,Noun,,
2531,Lynter,line,Noun,,
2532,Lynter,length,Noun,,
2533,Lynter-tait,all along,Adverb,,
2534,Lynter-tait,continually in the same state,Adverb,,
2535,Lynter-tuid,carelessly,Adverb,,
2536,Lynthaw,to dash to pieces,Verb,,
2537,Lyntheng,with big calves,Adverb,,
2538,Lynthem,to throw stones,Verb,,
2539,Lynthem,to stone,Verb,,
2540,Lynthem,to pelt,Verb,,
2541,Lynther,to throw stones constantly,Verb,,
2542,Lynther,to spatter,Verb,,
2543,Lynther,without due consideration,Adverb,,
2544,Lynti,path,Noun,,
2545,Lynti,way,Noun,,
2546,Lynti,trip,Noun,,
2547,Lynti-bah,main path,Noun,,
2548,Lynti-khasi,foot-path,Noun,,
2549,Lynti-khasi,short-cut,Noun,,
2550,Lynti-khlieh,parting of the hair,Noun,,
2551,Lynti-lyngkha,field path,Noun,,
2552,Lynti-maw,stone road,Noun,,
2553,Lynti-ri,country road,Noun,,
2554,Lynti shnong,village path,Noun,,
2555,Lynti-syiem,royal road,Noun,,
2556,Lynti-um,watercourse,Noun,,
2557,Lynting,to move in a line,Verb,,
2558,Lynting,to proceed in single file,Verb,,
2559,Lyntip,information,Noun,,
2560,Lyntip,notice,Noun,,
2561,Lyntip,intelligence,Noun,,
2562,Lyntip,to inform,Verb,,
2563,Lyntor,a long narrow strip,Noun,,
2564,Lyntuh,to touch lightly,Verb,,
2565,Lyntuh,to come into contact with,Verb,,
2566,Lyntur,to stretch out,Verb,,
2567,Lyntur,to extend,Verb,,
2568,Lyntur,to project forward,Verb,,
2569,Lypa,beforehand,Adverb,,
2570,Lypa,already,Adverb,,
2571,Lypa-lypa,prematurely,Adverb,,
2572,Lypung,hollow,Noun,,
2573,Lypung,cavity,Noun,,
2574,Lyrhai,broad,Adjective,,
2575,Lyrhai,wide,Adjective,,
2576,Lyrhem,deep,Adjective,,
2577,Lyrhem,profound,Adjective,,
2578,Lyngba,through,Preposition,,
2579,Lyngba,by means of,Preposition,,
2580,Lyngba,across,Preposition,,
2581,Lyngdoh,Khasi priest,Noun,,
2582,Lyngdoh,priestly clan,Noun,,
2583,Lyngkha,cultivated field,Noun,,
2584,Lyngkha,farmland,Noun,,
2585,Lyngkien,bridge,Noun,,
2586,Lyngkien,footbridge,Noun,,
2587,Lyngkot,January,Noun,Month,
2588,Lyngngam,evening twilight,Noun,,
2589,Lyngngoh,astonishment,Noun,,
2590,Lyngngoh,surprise,Noun,,
2591,Lyngngoh,to be astonished,Verb,,
2592,Lyngngoh,to wonder,Verb,,
2593,Lyngngoh paidbah,public amazement,Noun,,
2594,Lyngoh,to wonder,Verb,,
2595,Lyngoh,astonishment,Noun,,
2596,Lyngsat,to pierce through,Verb,,
2597,Lyngwiar,broadside,Adverb,,
2598,Lyngwiar,sideways,Adverb,,
2599,Lyngwiar,across,Adverb,,
2600,Lyngwiar-lyngktai,in every direction,Adverb,,
2601,Lyngwiar-lyngktai,on every side,Adverb,,
2602,Lyngwit,to push through,Verb,,
2603,Lyngwit,to force one's way through,Verb,,
2604,Lyngkhoh,to pass through a hole,Verb,,
2605,Lyngkni,to pass between,Verb,,
2606,Lyngkrang,to pass over,Verb,,
2607,Lyngkrung,to pierce through,Verb,,
2608,Lyngkut,to go around,Verb,,
2609,Lyngkut,to make a circuit,Verb,,
2610,Lyngngai,to wander far away,Verb,,
2611,Lyngngam,gloomy,Adjective,,
2612,Lyngngam,dark,Adjective,,
2613,Lyngngap,to listen attentively,Verb,,
2614,Lyngngap,to give ear,Verb,,
2615,Lyngngiah,to become weary,Verb,,
2616,Lyngngit,darkness,Noun,,
2617,Lyngngit,dark,Adjective,,
2618,Lyngngoh,marvellous,Adjective,,
2619,Lyngngoh,wonderful,Adjective,,
2620,Lyngnguid,to creep through,Verb,,
2621,Lyngshai,daylight,Noun,,
2622,Lyngshai,brightness,Noun,,
2623,Lyngkyrdem,to stoop while passing,Verb,,
2624,Lyngkyrpang,separate,Adjective,,
2625,Lyngkyrpang,distinct,Adjective,,
2626,Lyngkyrta,to proclaim publicly,Verb,,
2627,Lyngkyrwit,to obstruct a passage,Verb,,
2628,Lynglung,valley,Noun,,
2629,Lynglung,ravine,Noun,,
2630,Lyngniam,in the middle,Adverb,,
2631,Lyngniam,midway,Adverb,,
2632,Lyngnoh,to pass secretly,Verb,,
2633,Lyngnoh,stealthily,Adverb,,
2634,Lyngrang,to pass beyond,Verb,,
2635,Lyngrang,to overstep,Verb,,
2636,Lyngsat,to pierce through completely,Verb,,
2637,Lyngsat,to penetrate,Verb,,
2638,Lyngskhem,firm throughout,Adjective,,
2639,Lyngstad,to pass straight through,Verb,,
2640,Lyngsyiem,kingdom,Noun,,
2641,Lyngthoh,inscription,Noun,,
2642,Lyngthoh,writing,Noun,,
2643,Lyngthut,interruption,Noun,,
2644,Lyngthut,obstruction,Noun,,
2645,Lyngum,by water,Adverb,,
2646,Lyngum,water route,Noun,,
2647,Lyngwa,across,Adverb,,
2648,Lyngwa,crosswise,Adverb,,
2649,Lyngwir,to wander through,Verb,,
2650,Lyngwir,to roam about,Verb,,
2651,Lyngwir,to roam through,Verb,,
2652,Lyngwir,to wander aimlessly,Verb,,
2653,Lyngwit,to pass across,Verb,,
2654,Lyngwit,to cross over,Verb,,
2655,Lyngwoh,to pass through by hooking,Verb,,
2656,Lyngwoh,to fasten across,Verb,,
2657,Lyngwoh,through the forest,Adverb,,
2658,Lypa,beforehand,Adverb,,
2659,Lypa,previously,Adverb,,
2660,Lypa-lypa,long beforehand,Adverb,,
2661,Lypiah,paper,Noun,,
2662,Lypiah,sheet,Noun,,
2663,Lypung,hollow,Noun,,
2664,Lypung,cavity,Noun,,
2665,Lyrhai,broad,Adjective,,
2666,Lyrhai,spacious,Adjective,,
2667,Lyrhem,deep,Adjective,,
2668,Lyrhem,profound,Adjective,,
2669,Lyrngam,gloomy,Adjective,,
2670,Lyrngam,melancholy,Adjective,,
2671,Lyrngkoh,hill slope,Noun,,
2672,Lyrngkoh,hillside,Noun,,
2673,Lyrngam shnong,village outskirts,Noun,,
2674,Lyrngam khlaw,forest edge,Noun,,
2675,Lyrshang,verandah,Noun,,
2676,Lyrshang,platform,Noun,,
2677,Lyrtap,roof covering,Noun,,
2678,Lyrtap,covering,Noun,,
2679,Lyrti,reputation,Noun,,
2680,Lyrti,fame,Noun,,
2681,Lyrwa,broadside,Adverb,,
2682,Lyrwa,sideways,Adverb,,
2683,Lyrwet,to wipe clean,Verb,,
2684,Lyrwet,to rub,Verb,,
2685,Lyrwit,obstruction,Noun,,
2686,Lyrwit,hindrance,Noun,,
2687,Lyrwoh,fastening,Noun,,
2688,Lyrwoh,hook fastening,Noun,,
2690,Ma,O! (vocative particle),Particle,,
2691,Ma-ba,sir,Noun,Honorific,
2692,Ma-bha,respected elder,Noun,,
2693,Ma-i,mother,Noun,Honorific form,
2694,Ma-kpa,father,Noun,Honorific form,
2695,Ma shnong,village elder,Noun,,
2696,Ma-ïing,head of a household,Noun,,
2697,Ma-rangbah,elder,Noun,,
2698,Ma-kynthei,respected woman,Noun,,
2699,Ma-shynrang,respected man,Noun,,
2700,Maa,not,Particle,Archaic/variant form,
2701,Maad,to be enough,Verb,,
2702,Maad,sufficient,Adjective,,
2703,Maad,adequate,Adjective,,
2704,Ma-ai,to give,Verb,Honorific form,
2705,Ma-ai,to bestow,Verb,,
2706,Maam,to taste,Verb,,
2707,Maam,to try the flavour of,Verb,,
2708,Maan,respect,Noun,,
2709,Maan,honour,Noun,,
2710,Maan,to honour,Verb,,
2711,Maan-blei,reverence to God,Noun,,
2712,Maan-briew,respect for people,Noun,,
2713,Maar,market,Noun,,
2714,Maar,bazaar,Noun,,
2715,Maar-bam,food market,Noun,,
2716,Maar-doh,meat market,Noun,,
2717,Maar-jhur,vegetable market,Noun,,
2718,Maar-soh,fruit market,Noun,,
2719,Maar-sniang,pork market,Noun,,
2720,Maar-um,fish market,Noun,,
2721,Maar-iew,marketplace,Noun,,
2722,Maat,to touch,Verb,,
2723,Maat,to feel,Verb,,
2724,Maat,touch,Noun,,
2725,Ma-aw,to yawn,Verb,,
2726,Maba,enough,Adjective,,
2727,Maba,sufficient,Adjective,,
2728,Mada,mark,Noun,,
2729,Mada,sign,Noun,,
2730,Madan,open field,Noun,,
2731,Madan,plain,Noun,,
2732,Madan,playground,Noun,,
2733,Mad hynrei,however,Conjunction,,
2734,Mad hynrei,nevertheless,Conjunction,,
2735,Madei,therefore,Adverb,,
2736,Madei,consequently,Adverb,,
2737,Mad hynrei,notwithstanding,Conjunction,,
2738,Mad jingïalang,meeting place,Noun,,
2739,Mad jingïarap,assistance,Noun,,
2740,Mad jingïakhun,battlefield,Noun,,
2741,Mad shnong,village centre,Noun,,
2742,Mad lynti,crossroads,Noun,,
2743,Mad jingïaid,pathway,Noun,,
2744,Mad jingïoh,opportunity,Noun,,
2745,Mad jingeh,difficulty,Noun,,
2746,Mad jingkmen,joy,Noun,,
2747,Mad jingsngew,feeling,Noun,,
2748,Mad jingstad,wisdom,Noun,,
2749,Mad jingtip,knowledge,Noun,,
2750,Mad jingim,livelihood,Noun,,
2751,Ma,dangerous,Adjective,,
2752,Ma,frightful,Adjective,,
2753,Ma,maternal uncle (used in the vocative),Noun,,
2755,*Ma,battle,Noun,Abbreviation of thma,
2756,*Ma,campaign,Noun,,
2757,Ma-bah,great or grand maternal uncle,Noun,,
2758,Ma-bah,great battle,Noun,,
2759,Mak-mak,harshly,Adverb,,
2760,Mak-mak,heedlessly,Adverb,,
2761,Makia,to beg,Verb,,
2762,Makia,to go from door to door,Verb,,
2763,*Makna,gratis,Adverb,,
2764,*Makna,for nothing,Adverb,,
2765,Mad,to taste,Verb,,
2766,*Madan,plain,Noun,,
2767,*Madan,maidan,Noun,,
2768,Madei-mata,roughly,Adverb,,
2769,Mang,to give just enough of anything,Verb,,
2770,Mang,to allot,Verb,,
2771,Mang,to assign,Verb,,
2772,Mang,to appoint,Verb,,
2773,Mang shnong,to assign a village,Verb,,
2774,Mang bynta,to allot a share,Verb,,
2775,Mang jaka,to allot land,Verb,,
2776,Mang por,to fix a time,Verb,,
2777,Mang lynti,to determine a route,Verb,,
2778,Mang kyrteng,to nominate,Verb,,
2779,Mang jingtrei,to assign work,Verb,,
2780,Mang pisa,to budget money,Verb,,
2781,Mangdor,price,Noun,,
2782,Mangdor,value,Noun,,
2783,Mangi,enough,Adjective,,
2784,Mangi,sufficient,Adjective,,
2785,Mangkhia,to take responsibility,Verb,,
2786,Mangkhia,to undertake,Verb,,
2787,Mangmut,intention,Noun,,
2788,Mangmut,purpose,Noun,,
2789,Mangmut,to intend,Verb,,
2790,Mangrim,foundation,Noun,,
2791,Mangrim,basis,Noun,,
2792,Mangsan,arrangement,Noun,,
2793,Mangsan,preparation,Noun,,
2794,Mangthup,to store up,Verb,,
2795,Mangthup,to keep in reserve,Verb,,
2796,Mangtyrpeng,boundary,Noun,,
2797,Mangtyrpeng,border,Noun,,
2798,Mangwan,to expect,Verb,,
2799,Mangwan,to await,Verb,,
2800,Mangyrta,to announce beforehand,Verb,,
2801,Man,to be obtained,Verb,,
2802,Man,to be found,Verb,,
2803,Man,available,Adjective,,
2804,Man,sufficient,Adjective,,
2805,Man,enough,Adjective,,
2808,Mana-mana,anywhere,Adverb,,
2809,Mana-mana,wherever,Adverb,,
2810,Manbha,benefit,Noun,,
2811,Manbha,advantage,Noun,,
2812,Manbha,profitable,Adjective,,
2813,Manbiang,suitable,Adjective,,
2814,Manbiang,appropriate,Adjective,,
2815,Manbiang,sufficient,Adjective,,
2816,Manbha-eh,disadvantage,Noun,,
2817,Manbha-eh,unprofitable,Adjective,,
2818,Man-dei,proper,Adjective,,
2819,Man-dei,fitting,Adjective,,
2820,Man-dei,appropriate,Adjective,,
2821,Mankam,useful,Adjective,,
2822,Mankam,necessary,Adjective,,
2823,Mankam,to use,Verb,,
2824,Mankam,usefulness,Noun,,
2825,Manlah,possible,Adjective,,
2826,Manlah,practicable,Adjective,,
2827,Manmut,agreeable,Adjective,,
2828,Manmut,acceptable,Adjective,,
2829,Manoh,to agree,Verb,,
2830,Manoh,to consent,Verb,,
2831,Manoh,agreement,Noun,,
2832,Mansan,respectable,Adjective,,
2833,Mansan,honourable,Adjective,,
2834,Mansngi,daylight,Noun,,
2835,Mansngi,broad daylight,Noun,,
2836,Manti,exactly,Adverb,,
2837,Manti,precisely,Adverb,,
2838,Mantre,diligent,Adjective,,
2839,Mantre,hardworking,Adjective,,
2840,Mantrei,to work,Verb,,
2841,Mantrei,worker,Noun,,
2842,Man jingïadei,relationship,Noun,,
2843,Man jingïarap,usefulness,Noun,,
2844,Man jingïoh,availability,Noun,,
2845,Man jingmut,suitability,Noun,,
2846,Man jingtip,competence,Noun,,
2847,Man ka por,timely,Adjective,,
2848,Man ka jaka,appropriate to the place,Adjective,,
2849,Man ka rukom,appropriate manner,Noun,,
2850,Man paidbah,publicly available,Adjective,,
2851,Man paidbah,suitable for public use,Adjective,,
2852,Man shnong,suitable for the village,Adjective,,
2853,Man-ïing,fit for the household,Adjective,,
2854,Manoh,to obey,Verb,,
2855,Manoh,obedient,Adjective,,
2856,Manoh,obedience,Noun,,
2857,Manrap,to assist,Verb,,
2858,Manrap,helper,Noun,,
2859,Mansa,sufficient,Adjective,,
2860,Mansa,enough,Adjective,,
2861,Manshem,to find,Verb,,
2862,Manshem,to discover,Verb,,
2863,Manshna,peaceful,Adjective,,
2864,Manshna,calm,Adjective,,
2865,Manshong,suitable to live in,Adjective,,
2866,Manshong,habitable,Adjective,,
2867,Mansiew,worthy of payment,Adjective,,
2868,Mansiew,payable,Adjective,,
2869,Mansngew,acceptable,Adjective,,
2870,Mansngew,pleasing,Adjective,,
2871,Mansuk,comfortable,Adjective,,
2872,Mansuk,convenient,Adjective,,
2873,Mansuk,ease,Noun,,
2874,Mantam,excessive,Adjective,,
2875,Mantam,too much,Adjective,,
2876,Mantip,knowledgeable,Adjective,,
2877,Mantip,informed,Adjective,,
2878,Mantre,industrious,Adjective,,
2879,Mantre,hardworking,Adjective,,
2880,Mantre,diligence,Noun,,
2881,Mantylli,individual,Adjective,,
2882,Mantylli,separate,Adjective,,
2883,Manuh,to enter,Verb,,
2884,Manuh,to go in,Verb,,
2885,Manwan,to arrive,Verb,,
2886,Manwan,to come,Verb,,
2887,Man jingïarap,mutual help,Noun,,
2888,Man jingïadei,mutual relationship,Noun,,
2889,Man jingïatylli,unity,Noun,,
2890,Man jinglong,character,Noun,,
2891,Man jingmut,appropriateness,Noun,,
2892,Man jingstad,intelligence,Noun,,
2893,Man jingtip,knowledge,Noun,,
2894,Man ka por,punctual,Adjective,,
2895,Man ka rukom,proper method,Noun,,
2896,Man ka shnong,local,Adjective,,
2897,Man ka ri,national,Adjective,,
2898,Man ka pyrthei,worldwide,Adjective,,
2899,Man-lut,all available,Adjective,,
2900,Man-shisha,truly suitable,Adjective,,
2901,Map,to be enough,Verb,,
2902,Map,sufficient,Adjective,,
2903,Map,adequate,Adjective,,
2904,Maphi,you yourselves,Pronoun,Honorific plural,
2905,Maphi-hi,yourselves,Pronoun,,
2906,Mapi,to forgive,Verb,,
2907,Mapi,forgiveness,Noun,,
2908,Mapi,pardon,Noun,,
2909,Mapi-blei,divine forgiveness,Noun,,
2910,Mapi-para,mutual forgiveness,Noun,,
2911,Mar,with,Preposition,,
2912,Mar,together with,Preposition,,
2913,Mar,along with,Preposition,,
2914,Mar paidbah,with the public,Phrase,,
2915,Mar shnong,with the village,Phrase,,
2916,Mar bynta,together with a share,Phrase,,
2917,Mar jylla,throughout the state,Phrase,,
2918,Mar ri,throughout the country,Phrase,,
2919,Mar pyrthei,throughout the world,Phrase,,
2920,Mar-mar,together,Adverb,,
2921,Mar-mar,jointly,Adverb,,
2922,Marai,tomorrow,Adverb,Archaic/variant form,
2923,Maram,to dry,Verb,,
2924,Maram,dried,Adjective,,
2925,Marba,because of,Preposition,,
2926,Marba,on account of,Preposition,,
2927,Marbaniang,opposite,Adverb,,
2928,Marbaniang,facing,Adverb,,
2929,Mar bynta,respectively,Adverb,,
2930,Marchang,across,Adverb,,
2931,Marchang,crosswise,Adverb,,
2932,Mardor,immediately,Adverb,,
2933,Mardor,at once,Adverb,,
2934,Mardor-mardor,instantly,Adverb,,
2935,Mareh,to run,Verb,,
2936,Mareh,running,Noun,,
2937,Mareh paidbah,public race,Noun,,
2938,Mareh shnong,village race,Noun,,
2939,Mariang,nature,Noun,,
2940,Mariang,natural world,Noun,,
2941,Mariang,environment,Noun,,
2942,Mar jylla,statewide,Adjective,,
2943,Mar ka miet,throughout the night,Phrase,,
2944,Mar ka sngi,throughout the day,Phrase,,
2945,Mar paidbah,publicly,Adverb,,
2946,Mar para,mutually,Adverb,,
2947,Mar shnong,throughout the village,Adverb,,
2948,Marwei,alone,Adverb,,
2949,Marwei,by oneself,Adverb,,
2950,Marwei-marwei,individually,Adverb,,
2951,Marwei-marwei,one by one,Adverb,,
2952,Marwei-marwei,separately,Adverb,,
2953,Masi,cow,Noun,,
2954,Masi,cattle,Noun,,
2955,Masi-khynnah,calf,Noun,,
2956,Masi-shynrang,bull,Noun,,
2957,Masi-kynthei,cow (female),Noun,,
2958,Masi-lyngkha,working bullock,Noun,,
2959,Masi-ri,wild cattle,Noun,,
2960,Masi-khlaw,wild ox,Noun,,
2961,Masi-doh,beef,Noun,,
2962,Masi-um,water buffalo,Noun,,
2963,Masi-sniang,fattened cattle,Noun,,
2964,Masi-ryngkew,grazing cattle,Noun,,
2965,Masi shnong,village cattle,Noun,,
2966,Masi paidbah,public cattle,Noun,,
2967,Mat,eye,Noun,,
2968,Mat,face,Noun,,
2969,Mat,surface,Noun,,
2970,Mat shnong,face of the village,Noun,,
2971,Mat ri,face of the country,Noun,,
2972,Mat-ïing,front of the house,Noun,,
2973,Mat-lynti,roadside,Noun,,
2974,Mat-maw,surface of a stone,Noun,,
2975,Mat-um,surface of water,Noun,,
2976,Matlah,blind,Adjective,,
2977,Matlah,blind person,Noun,,
2978,Matlah shnong,village blind person,Noun,,
2979,Matlah-hi,completely blind,Adjective,,
2980,Matlyngkot,January,Noun,Month,
2981,Matlypa,beforehand,Adverb,,
2982,Matnoh,secretly,Adverb,,
2983,Matpaw,appearance,Noun,,
2984,Matpaw,outward appearance,Noun,,
2985,Matphah,representative,Noun,,
2986,Matphah,delegate,Noun,,
2987,Matphah,ambassador,Noun,,
2988,Matrai,broad-faced,Adjective,,
2989,Matri,countenance,Noun,,
2990,Matri,facial expression,Noun,,
2991,Matshong,front side,Noun,,
2992,Matshong,frontage,Noun,,
2993,Mat jingïohi,eyesight,Noun,,
2994,Mat jingïalang,meeting place,Noun,,
2995,Mat jingtip,intelligence,Noun,,
2996,Mat ka sngi,east,Noun,,
2997,Mat ka miet,west,Noun,,
2998,Mat paidbah,public face,Noun,,
2999,Mat shnong,village frontage,Noun,,
3000,Mat-syiem,royal representative,Noun,,
3001,Me,"thou (applicable to a male only; used in addressing God, not in polite society)",Pronoun,,
3002,Merg,proud,Adjective,,
3003,Merg,insolent,Adjective,,
3004,Meh,to blaze,Verb,,
3005,Meh,to catch fire,Verb,,
3006,Meh,to kindle,Verb,,
3007,Mei,mother,Noun,,
3008,Mei-khaj,paternal grandmother,Noun,,
3009,Mei-hep,maternal grandmother,Noun,Also a respectful appellation for an old woman,
3010,Mei-hum-ia ka mei!,gracious me!,Interjection,Expression of surprise,
3011,Meirad,maternal grandmother,Noun,,
3012,Mem*,European lady,Noun,Hindi loanword,
3013,Mem-mem (s'aid-),lukewarm (of water),Adverb,,
3014,'Men,old man,Noun,Abbreviation of tymmen,
3015,'Men,old woman,Noun,Abbreviation of tymmen,
3016,Me'n,thou wilt,Phrase,Abbreviation of me yn,
3017,Men-kjat,front part of the sole,Noun,,
3018,Men-kti,upper portion of the palm,Noun,,
3019,'Men-suh-syntiew,old woman given to matchmaking,Noun,,
3020,'Men-suh-syntiew,pimp,Noun,,
3021,Mer,to grow well,Verb,,
3022,Mer,to sprout,Verb,,
3023,Mer-mer,very (yellow),Adverb,,
3024,Mer,to thrive,Verb,,
3025,Merbha,healthy growth,Noun,,
3026,Merbha,flourishing,Adjective,,
3027,Merding,domestic prosperity,Noun,,
3028,Merkam,successful growth,Noun,,
3029,Mermet,healthy appearance,Noun,,
3030,Mer shnong,to prosper as a village,Verb,,
3031,Mer ri,to prosper as a country,Verb,,
3032,Mer paidbah,to flourish publicly,Verb,,
3033,Mer soh,to bear fruit well,Verb,,
3034,Mer dieng,to grow well (of trees),Verb,,
3035,Mer jhur,to grow well (of vegetables),Verb,,
3036,Mer lyngkha,to flourish (of crops),Verb,,
3037,Mer-bha,prosperous,Adjective,,
3038,Mer-spah,prosperous,Adjective,,
3039,Mer-suk,thriving peacefully,Adjective,,
3040,Mer-neh,enduring growth,Noun,,
3041,Met,eye,Noun,,
3042,Met,face,Noun,,
3043,Met,countenance,Noun,,
3044,Met-iong,black eye,Noun,,
3045,Met-lieh,grey eye,Noun,,
3046,Met-lamet,face to face,Adverb,,
3047,Met-lum,hill-face,Noun,,
3048,Met-maw,face of a stone,Noun,,
3049,Met-lynti,roadside,Noun,,
3050,Met-um,surface of water,Noun,,
3051,Metbah,broad-faced,Adjective,,
3052,Metbha,beautiful face,Noun,,
3053,Metbha,good appearance,Noun,,
3054,Meteh,difficult to face,Adjective,,
3055,Meteh,serious,Adjective,,
3056,Metiah,to face,Verb,,
3057,Metiah,to confront,Verb,,
3058,Metkhmat,face to face,Adverb,,
3059,Metkhmat,in the presence of,Phrase,,
3060,Metkut,edge of the face,Noun,,
3061,Metlah,blind,Adjective,,
3062,Metlah,blindness,Noun,,
3063,Metlyngkot,January,Noun,Month,
3064,Metnoh,secretly,Adverb,,
3065,Metpaw,appearance,Noun,,
3066,Metpaw,outward appearance,Noun,,
3067,Metphah,representative,Noun,,
3068,Metphah,delegate,Noun,,
3069,Metrai,broad-faced,Adjective,,
3070,Metri,expression,Noun,,
3071,Metri,facial expression,Noun,,
3072,Metrong,complexion,Noun,,
3073,Metshong,front side,Noun,,
3074,Metshong,frontage,Noun,,
3075,Met shnong,front of the village,Noun,,
3076,Met ri,front of the country,Noun,,
3077,Met sngi,east,Noun,,
3078,Met miet,west,Noun,,
3079,Met paidbah,public face,Noun,,
3080,Met syiem,royal representative,Noun,,
3081,Miah,to avoid,Verb,,
3082,Miah,to shun,Verb,,
3083,Miah,to escape,Verb,,
3084,Mied,fire,Noun,,
3085,Mied,flame,Noun,,
3086,Miedbah,great fire,Noun,,
3087,Mied shnong,village fire,Noun,,
3088,Mied ri,forest fire,Noun,,
3089,Mied paidbah,public bonfire,Noun,,
3090,Miet,night,Noun,,
3091,Mih,to rise,Verb,,
3092,Mih,to issue,Verb,,
3093,Mih,to come out,Verb,,
3094,Mih'ngi,east,Noun,,
3095,Mih'ngi,sunrise,Noun,,
3096,Mihpli,to stand as a substitute for,Verb,,
3097,Mihpli,to succeed,Verb,,
3098,Mih paidbah,to appear publicly,Verb,,
3099,Mih shnong,to come out into the village,Verb,,
3100,Mih noh,to go out,Verb,,
3101,Mih paidbah,public appearance,Noun,,
3102,Mih pyrthei,to appear in the world,Verb,,
3103,Mih khmat,to appear before,Verb,,
3104,Mih shakhmat,to come forward,Verb,,
3105,Mih shabar,to go outside,Verb,,
3106,Mih hynrei,to emerge,Verb,,
3107,Mih kynsan,to appear suddenly,Verb,,
3108,Mih tmuin,to come out a little,Verb,,
3109,Mih phluit,to come out suddenly,Verb,,
3110,Mih rong,to become visible,Verb,,
3111,Minot,to persevere,Verb,,
3112,Minot,to devote oneself,Verb,,
3113,Minot,to take pains,Verb,,
3114,Minot-ador,to labour diligently,Verb,,
3115,Mir,to throw a thing gently into a hole,Verb,,
3116,Mir,to throw up to another to catch,Verb,,
3117,Mir,sallow,Adjective,,
3118,Mir,myrrh,Noun,,
3119,Mien,robust,Adjective,,
3120,Mien,well-built,Adjective,,
3121,Mlein,shameless,Adjective,,
3122,Mlein,impudent,Adjective,,
3123,Mler,over-forward,Adjective,,
3124,Mler,careless in demeanour,Adjective,,
3125,Mlien,to form a habit,Verb,,
3126,Mlien,to be accustomed,Verb,,
3127,Mo?,isn't it?,Phrase,,
3130,Mokodduma,lawsuit,Noun,,
3131,Mokodduma,legal case,Noun,,
3132,Mokor,to be blunt,Verb,,
3133,Mokor,blunt,Adjective,,
3134,Mokot,pocket,Noun,,
3135,Mokot,pouch,Noun,,
3136,Mon,mind,Noun,,
3137,Mon,heart,Noun,,
3138,Mon,desire,Noun,,
3139,Monbha,pleased,Adjective,,
3140,Monbha,satisfied,Adjective,,
3141,Mon-sngewbha,joy,Noun,,
3142,Mon-sngewtynnad,delight,Noun,,
3143,Mon-jur,determination,Noun,,
3144,Mon-jur,firm resolve,Noun,,
3145,Mon-laitluid,peace of mind,Noun,,
3146,Mon-lyngngai,anxiety,Noun,,
3147,Mon-rit,humility,Noun,,
3148,Mon-rangbah,magnanimity,Noun,,
3149,Mon-sniew,ill will,Noun,,
3150,Mon-suk,tranquility,Noun,,
3151,Mon-tynnad,affection,Noun,,
3152,Mon-tynnad,love,Noun,,
3153,Mon-uh,understanding,Noun,,
3154,Mon-uh,intelligence,Noun,,
3155,Monkmen,happiness,Noun,,
3156,Monkmen,joyful,Adjective,,
3157,Monkyrduh,despair,Noun,,
3158,Monkyrduh,hopelessness,Noun,,
3159,Monksan,courage,Noun,,
3160,Monksan,boldness,Noun,,
3161,Monlah,confidence,Noun,,
3162,Monlah,assurance,Noun,,
3163,Monlang,unanimity,Noun,,
3164,Monlang,harmony,Noun,,
3165,Monlong,disposition,Noun,,
3166,Monlong,character,Noun,,
3167,Monmut,intention,Noun,,
3168,Monmut,purpose,Noun,,
3169,Monnai,greed,Noun,,
3170,Monnai,covetousness,Noun,,
3171,Monrangbah,generosity,Noun,,
3172,Monrit,modesty,Noun,,
3173,Monshngaiñ,peace,Noun,,
3174,Monshngaiñ,calmness,Noun,,
3175,Monsngew,feeling,Noun,,
3176,Monsngew,emotion,Noun,,
3177,Monstad,wisdom,Noun,,
3178,Monstad,intelligence,Noun,,
3179,Montip,knowledge,Noun,,
3180,Montip,understanding,Noun,,
3181,Montri,minister,Noun,,
3182,Montri,counsellor,Noun,,
3183,Montri-syiem,chief minister,Noun,,
3184,Montri shnong,village elder,Noun,,
3185,Montri jylla,state minister,Noun,,
3186,Montri ka sorkar,government minister,Noun,,
3187,Montrikha,ministry,Noun,,
3188,Montrikam,ministerial office,Noun,,
3189,Mop,to wipe,Verb,,
3190,Mop,to clean,Verb,,
3191,Mop,mop,Noun,,
3192,Mor,to become ripe,Verb,,
3193,Mor,ripe,Adjective,,
3194,Morbah,fully ripe,Adjective,,
3195,Mor-soh,ripe fruit,Noun,,
3196,Mor-jhur,ripe vegetable,Noun,,
3197,Mor-kba,ripe paddy,Noun,,
3198,Mor-kynbat,medicinal herb fully grown,Noun,,
3199,Mor shnong,mature village,Noun,,
3200,Mor paidbah,fully developed,Adjective,,
3201,Mraw,slave,Noun,,
3202,Mraw,servant,Noun,,
3203,Mraw shnong,village servant,Noun,,
3204,Mraw ïing,household servant,Noun,,
3205,Mraw paidbah,public servant,Noun,,
3206,Mraw-blei,servant of God,Noun,,
3207,Mraw-ksuid,servant of the devil,Noun,,
3208,Mrawkur,clan servant,Noun,,
3209,Mrawlong,slavery,Noun,,
3210,Mrawshipai,soldier-servant,Noun,,
3211,Mrawtrei,labourer,Noun,,
3212,Mrawtrei,worker,Noun,,
3213,Mrawsiew,hired servant,Noun,,
3214,Mrawsiew,wage labourer,Noun,,
3215,Mrawsuk,faithful servant,Noun,,
3216,Mrawsngewrit,humble servant,Noun,,
3217,Mrawrangbah,chief servant,Noun,,
3218,Mrawkhynnah,servant boy,Noun,,
3219,Mrawkynthei,maidservant,Noun,,
3220,Mrawshynrang,manservant,Noun,,
3221,Mraw shnong paidbah,public village servant,Noun,,
3222,Mraw shnong-ïing,domestic village servant,Noun,,
3223,Mraw ba ieid,beloved servant,Noun,,
3224,Mraw ba shaniah,trusted servant,Noun,,
3225,Mraw ba hok,faithful servant,Noun,,
3226,Mraw ba trei shitom,hardworking servant,Noun,,
3227,Mraw ba laitluid,freed slave,Noun,,
3228,Mraw ba siew,paid servant,Noun,,
3229,Mraw ba kyrshan,assistant,Noun,,
3230,Mraw ba pyndonkam,employee,Noun,,
3231,Mraw,to become a slave,Verb,,
3232,Mraw,to serve,Verb,,
3233,Mraw-blei,worshipper,Noun,"Literally ""servant of God""",
3234,Mrawbynriew,servant of mankind,Noun,,
3235,Mrawhim,domestic servant,Noun,,
3236,Mrawkam,employee,Noun,,
3237,Mrawkur,servant of the clan,Noun,,
3238,Mrawkylleng,general servant,Noun,,
3239,Mrawlong,servitude,Noun,,
3240,Mrawpaidbah,public servant,Noun,,
3241,Mrawphlang,farm labourer,Noun,,
3242,Mrawpyniaid,attendant,Noun,,
3243,Mrawri,servant of the country,Noun,,
3244,Mrawsiew,hired labourer,Noun,,
3245,Mrawslem,lazy servant,Noun,,
3246,Mrawsuk,obedient servant,Noun,,
3247,Mrawsyiem,servant of the chief,Noun,,
3248,Mrawtrei,workman,Noun,,
3249,Mrawtrei,labourer,Noun,,
3250,Mu,stone (Synteng form of maw),Noun,,
3251,Mudui,plaintiff,Noun,,
3252,Mudui,complainant,Noun,,
3253,Mudui,to lodge a complaint,Verb,,
3254,Mukotduma,lawsuit,Noun,,
3255,Mukotduma,legal action,Noun,,
3256,Mukul,bud,Noun,,
3257,Mukul,flower bud,Noun,,
3258,Mul,root,Noun,,
3259,Mul,origin,Noun,,
3260,Mul jingïakren,subject of discussion,Noun,,
3261,Mul jingïakajia,cause of dispute,Noun,,
3262,Mul jingeh,source of difficulty,Noun,,
3263,Mul jingkmen,source of joy,Noun,,
3264,Mul jingpang,cause of disease,Noun,,
3265,Mul jingtip,source of knowledge,Noun,,
3266,Mul shnong,founder of a village,Noun,,
3267,Mulkur,ancestor,Noun,,
3268,Mulkur,founder of a clan,Noun,,
3269,Mul paidbah,common source,Noun,,
3270,Mulri,native land,Noun,,
3271,Mul shnong,original village,Noun,,
3272,Mulsoh,root of a plant,Noun,,
3273,Multi,original source,Noun,,
3274,Mulum,rootstock,Noun,,
3275,Mum,to chew softly,Verb,,
3276,Mum,to mumble,Verb,,
3277,Mum-mum,indistinctly,Adverb,,
3278,Muna,there,Adverb,,
3279,Muna,in that place,Adverb,,
3280,Mun bynta,in that respect,Phrase,,
3281,Munda,there,Adverb,,
3282,Munda,at that place,Adverb,,
3283,Mundon,because of that,Adverb,,
3284,Mundon,therefore,Adverb,,
3285,Muphrang,in front,Adverb,,
3286,Muphrang,before,Adverb,,
3287,Mur,to become blunt,Verb,,
3288,Mur,blunt,Adjective,,
3289,Muria,disciple,Noun,,
3290,Muria,follower,Noun,,
3291,Muriang,neighbour,Noun,,
3292,Muriang,adjacent,Adjective,,
3293,Muriang shnong,neighbouring village,Noun,,
3294,Muriang ri,neighbouring country,Noun,,
3295,Muriang ïing,neighbouring house,Noun,,
3296,Murieh,behind,Adverb,,
3297,Murieh,at the back,Adverb,,
3298,Murit,small,Adjective,,
3299,Murit,tiny,Adjective,,
3300,Murkhong,dry root,Noun,,
3301,Murkhong,tree stump,Noun,,
3302,Murkhraw,great disciple,Noun,,
3303,Murkhraw,chief follower,Noun,,
3304,Murkha,disciple,Noun,,
3305,Murkha,pupil,Noun,,
3306,Murmon,goodwill,Noun,,
3307,Murmon,friendly feeling,Noun,,
3308,Murphong,swollen root,Noun,,
3309,Murphong,bulb,Noun,,
3310,Murrai,broad root,Noun,,
3311,Murri,native place,Noun,,
3312,Murri,homeland,Noun,,
3313,Mur shnong,fellow villager,Noun,,
3314,Mur jylla,fellow citizen,Noun,,
3315,Mur paidbah,fellow member of the public,Noun,,
3316,Murpara,neighbour,Noun,,
3317,Murpara,fellow man,Noun,,
3318,Murti,image,Noun,,
3319,Murti,idol,Noun,,
3320,Murthaw,creator,Noun,,
3321,Murthaw,maker,Noun,,
3322,Murtrei,fellow worker,Noun,,
3323,Murtrei,colleague,Noun,,
3324,Murwan,newcomer,Noun,,
3325,Murwan,visitor,Noun,,
3326,Musla,old age,Noun,,
3327,Musla,aged condition,Noun,,
3328,Mut,intention,Noun,,
3329,Mut,purpose,Noun,,
3330,Mut,meaning,Noun,,
3331,Mut,opinion,Noun,,
3332,Mut,thought,Noun,,
3333,Mut,will,Noun,,
3334,Mutbha,goodwill,Noun,,
3335,Mutbha,good intention,Noun,,
3336,Mutbha,kindness,Noun,,
3337,Mutdur,imagination,Noun,,
3338,Mutdur,fancy,Noun,,
3339,Mutdur,to imagine,Verb,,
3340,Mut-eh,bad intention,Noun,,
3341,Mut-eh,evil design,Noun,,
3342,Mut-eh,malicious,Adjective,,
3343,Mut jingïapynbeit,agreement,Noun,,
3344,Mut jingïakut,decision,Noun,,
3345,Mut jingïasngewthuh,mutual understanding,Noun,,
3346,Mut jingïatylli,unity of purpose,Noun,,
3347,Mut-jur,determination,Noun,,
3348,Mut-jur,resolution,Noun,,
3349,Mut-jur,determined,Adjective,,
3350,Mut-kyrmen,hope,Noun,,
3351,Mut-lieh,prejudice,Noun,,
3352,Mut-lieh,partiality,Noun,,
3353,Mut-luk,simplicity,Noun,,
3354,Mut-luk,sincerity,Noun,,
3355,Mut-mut,secretly,Adverb,,
3356,Mut-mut,inwardly,Adverb,,
3357,Mutnai,greed,Noun,,
3358,Mutnai,covetousness,Noun,,
3359,Mut paidbah,public opinion,Noun,,
3360,Mut paidbah,public sentiment,Noun,,
3361,Mut-rai,decision,Noun,,
3362,Mut-rai,determination,Noun,,
3363,Mut-rai,to decide,Verb,,
3364,Mut-sih,ill feeling,Noun,,
3365,Mut-sih,resentment,Noun,,
3366,Mut-slem,patience,Noun,,
3367,Mut-slem,endurance,Noun,,
3368,Mut-sngewbha,satisfaction,Noun,,
3369,Mut-sngewtynnad,delight,Noun,,
3370,Mut-suk,peace of mind,Noun,,
3371,Mut-suk,tranquility,Noun,,
3372,Mut-thut,confusion,Noun,,
3373,Mut-thut,perplexity,Noun,,
3374,Mut-tip,knowledge,Noun,,
3375,Mut-tip,understanding,Noun,,
3376,Mut-tynnad,affection,Noun,,
3377,Mut-tynnad,love,Noun,,
3378,Mut-uh,understanding,Noun,,
3379,Mut-uh,comprehension,Noun,,
3380,Mut-ym,doubt,Noun,,
3381,Mut-ym,uncertainty,Noun,,
3382,Mut-ym,hesitation,Noun,,
3383,Mut-ïatylli,unanimity,Noun,,
3384,Mut-ïatylli,unity,Noun,,
3385,Mutban,comfort,Noun,,
3386,Mutban,consolation,Noun,,
3387,Mutban,to comfort,Verb,,
3388,Mutbha,benevolence,Noun,,
3389,Mutbha,kindness,Noun,,
3390,Mutduna,humility,Noun,,
3391,Mutduna,modesty,Noun,,
3392,Muteit,honesty,Noun,,
3393,Muteit,sincerity,Noun,,
3394,Mutkhia,concern,Noun,,
3395,Mutkhia,anxiety,Noun,,
3396,Mutkhia,to be concerned,Verb,,
3397,Mutkmen,joy,Noun,,
3398,Mutkmen,happiness,Noun,,
3399,Mutkmen,joyful,Adjective,,
3400,Mutkordor,self-control,Noun,,
3401,Mutkren,opinion,Noun,,
3402,Mutkren,point of view,Noun,,
3403,Mutkut,conclusion,Noun,,
3404,Mutkut,final decision,Noun,,
3405,Mutlah,confidence,Noun,,
3406,Mutlah,assurance,Noun,,
3407,Mutlang,harmony,Noun,,
3408,Mutlang,unity of mind,Noun,,
3409,Mutlong,character,Noun,,
3410,Mutlong,disposition,Noun,,
3411,Mutlyngngai,worry,Noun,,
3412,Mutlyngngai,anxiety,Noun,,
3413,Mutnoh,secret intention,Noun,,
3414,Mutnoh,hidden motive,Noun,,
3415,Mutphiah,change of mind,Noun,,
3416,Mutphiah,repentance,Noun,,
3417,Mutphiah,to repent,Verb,,
3418,Mutpyrkhat,reflection,Noun,,
3419,Mutpyrkhat,thoughtfulness,Noun,,
3420,Mutpyrkhat,to reflect,Verb,,
3421,Mutrangbah,generosity,Noun,,
3422,Mutrangbah,nobility,Noun,,
3423,Mutrit,humility,Noun,,
3424,Mutrit,meekness,Noun,,
3425,Mutsngew,feeling,Noun,,
3426,Mutsngew,emotion,Noun,,
3427,Mutsuk,inner peace,Noun,,
3428,Mutsuk,calmness,Noun,,
3429,Mutthuh,understanding,Noun,,
3430,Mutthuh,comprehension,Noun,,
3431,Mut-ngieh,to hallucinate,Verb,,
3432,Mut-ngieh,to have a presentiment,Verb,,
3433,Mutlop,stubborn,Adjective,,
3434,Mutlop,stupid,Adjective,,
3435,Mutlop,obstinate,Adjective,,
3436,Mutlop,stiff-necked,Adjective,,
3437,Muta,rough,Adjective,,
3438,Mutia,porter,Noun,Hindi loanword,
3439,Mutia,carrier,Noun,,
3440,Muid,buffalo,Noun,Hindi loanword,
3441,Muja,stockings,Noun,,
3442,Muja,socks,Noun,,
3443,Muk-mak,quickly,Adverb,,
3444,Muk-mak,roughly,Adverb,,
3445,Mukor-kyndor,kind of ear-pendant,Noun,,
3446,Muktiar,muktar,Noun,Legal agent,
3447,Mukup,to abandon,Verb,,
3448,Mukup,to leave off,Verb,,
3449,Mudki,big earthen jar,Noun,,
3450,Mudi,retail shopkeeper,Noun,,
3451,Mudui,to lodge a complaint against,Verb,,
3452,Mudui-phi-rat,to bring a counter-complaint,Verb,,
3453,Muid,buffalo,Noun,,
3454,Muja,stockings,Noun,,
3455,Mula,low stool made of plaited cane,Noun,,
3456,Mula,cane chair,Noun,,
3457,Mula,vegetable,Noun,,
3458,Mulla,executioner,Noun,In folk-lore,
3459,Mulot,worn-out coin,Noun,,
3460,Mulot,thing having no sale value,Noun,,
3461,Muluk,country,Noun,,
3462,Muluk,kingdom,Noun,,
3463,Muri,drain,Noun,,
3464,Muri,culvert,Noun,,
3465,Mur-mur,very yellow,Adverb,Like a well-ripened fruit,
3466,Musari,mosquito curtain,Noun,,
3467,Mushlia,to meddle with,Verb,,
3468,Mushlia,meddlesome,Adjective,,
3469,Musla,spices,Noun,Hindi masala,
3470,Musla-musli,spices of every kind,Phrase,,
3471,Mustul,chimney,Noun,,
3472,Musur,export duty,Noun,,
3473,Musur,royalty,Noun,,
3431,Myngkew,husband's sister,Noun,,
3432,Myngkoi u Jom,hell,Noun,"Literally, ""the tank of Jom (king of death)""",
3433,Myllai,not to be satisfied to any appreciable degree,Verb,Used negatively with ym,
3434,Myllen,by way of diverting one's attention,Adverb,,
3435,Myllen,to while away time,Verb,,
3436,Myllung,pathetic,Adjective,,
3440,Myn-aria,some time ago,Adverb,,
3441,Mynba,when (referring to past time),Conjunction,,
3442,Mynbarim,in olden times,Adverb,,
3443,Myndor,an outsider,Noun,,
3444,Myndor,a stranger,Noun,,
3445,Myndong,well rolled up,Adverb,,
3446,Myndong,well packed,Adverb,,
3447,Myndung,well rolled up,Adverb,Variant form,
3448,Mynhakato,on that particular occasion,Adverb,,
3449,Mynhyndai,in ancient times,Adverb,,
3450,Mynhynne,a short time ago (on the same day),Adverb,,
3451,Mynhynnin,yesterday,Adverb,,
3452,Mynja,thread smeared with powdered glass and paste for flying paper kites,Noun,,
3453,Mynji,kind of necklace composed of coral beads and crescent-like gold cases,Noun,,
3454,Mynjur,to agree,Verb,,
3455,Mynjur,to consent,Verb,,
3456,Mynli-iur,in summer,Adverb,,
3457,Mynli-iur,in the rainy season,Adverb,,
3458,Mynmiet,in the night time,Adverb,,
3459,Mynno?,when?,Adverb,,
3460,Mynno-mynno,formerly,Adverb,,
3461,Mynno-mynno,usually,Adverb,,
3462,Mynnor,some time ago,Adverb,,
3463,Mynnymwei,last year,Adverb,,
3464,Mynrain khmat,compensation for breach of an agreement,Noun,Especially a marriage contract,
3465,Mynrai,before,Adverb,,
3466,Mynrai,formerly,Adverb,,
3467,Mynrang,man,Noun,,
3468,Mynrang,male,Adjective,,
3469,Mynraw,slave,Noun,,
3470,Mynrung,newcomer,Noun,,
3471,Mynrung,stranger,Noun,,
3472,Mynsaw,one who wounds,Noun,,
3473,Mynsaw,assailant,Noun,,
3474,Mynshai,morning,Noun,,
3475,Mynshai,daylight,Noun,,
3476,Mynshiap,sandy place,Noun,,
3477,Mynshiap,sandbank,Noun,,
3478,Mynshuwa,formerly,Adverb,,
3479,Mynshuwa,beforehand,Adverb,,
3480,Mynsiem,soul,Noun,,
3481,Mynsiem,spirit,Noun,,
3482,Mynsiem,heart,Noun,,
3483,Mynsiem-bashlur,courageous person,Noun,,
3484,Mynsiem-bha,kind-hearted person,Noun,,
3485,Mynsiem-sniew,wicked person,Noun,,
3486,Mynsiem-sngur,humble person,Noun,,
3487,Mynsngi,daytime,Noun,,
3488,Mynsngi,during the day,Adverb,,
3489,Mynstep,morning,Noun,,
3490,Mynstep,early morning,Noun,,
3491,Mynsut,intruder,Noun,,
3492,Mynsut,one who enters,Noun,,
3493,Mynsyiem,chief,Noun,,
3494,Mynsyiem,ruler,Noun,,
3495,Mynta,today,Adverb,,
3496,Mynta-hi,this very day,Adverb,,
3497,Myntan,now,Adverb,,
3498,Myntep,grave,Noun,,
3499,Myntep,burial place,Noun,,
3500,Myntha,mint,Noun,,
3501,Mynri,a tribe of the Mikirs whose habits are migratory and who live by jhum cultivation,Noun,,
3502,Mynsain,a place cleared all round like a fire-line and reserved for the growth of trees,Noun,,
3503,Mynsain,reserved forest,Noun,,
3504,Mynsaw,to be wounded,Verb,,
3505,Mynsaw,to have an accident,Verb,,
3506,Mynsaw-ia,since four days,Adverb,,
3507,Mynshem-taïew,last week,Adverb,,
3508,Mynsngi,in the daytime,Adverb,,
3509,Mynshisngi,the day before yesterday,Adverb,,
3510,Mynshuwa,before,Adverb,,
3511,Mynshuwa,previously,Adverb,,
3512,Mynshuwa,formerly,Adverb,,
3513,Mynsiem,spirit,Noun,,
3514,Mynsiem,soul,Noun,,
3515,Mynsiem Bakhuid,Holy Ghost,Noun,,
3516,Mynstep,in the morning,Adverb,,
3517,Mynta,at present,Adverb,,
3518,Mynta,now,Adverb,,
3519,Mynta-mynne,up to the present day,Adverb,,
3520,Mynta-mynne,still,Adverb,,
3521,Myntait,bark of a certain tree chewed with pan or betel,Noun,,
3522,Myntan,a little while ago (an hour or so),Adverb,,
3523,Myntan,just now,Adverb,,
3524,Mynthi,ironically,Adverb,,
3525,Mynthi,sarcastically,Adverb,,
3526,Mynthi,silent,Adjective,,
3527,Mynthi,sullen,Adjective,,
3528,Mynthna,mithan (Bos frontalis),Noun,,
3529,Myntlang,in the winter,Adverb,,
3530,Myntoi,profitable,Adjective,,
3531,Myntoi,gain,Noun,,
3532,Myntoi,profit,Noun,,
3533,Myntor,mantra,Noun,,
3534,Myntor,magic,Noun,,
3535,Myntri,minister,Noun,,
3536,Myntuh,thief,Noun,Same as nongtuh,
3537,Mynwei,years ago,Adverb,,
3538,Myrsiang,jackal,Noun,,
3539,Myrsiang,fox,Noun,,
3540,Mytha,muscular (of the calf),Adjective,,
3541,Mythian (shong-dem-),quite fallen,Adverb,,
3542,Mythian (shong-dem-),completely coiled up,Adverb,,
3543,Mythiem,blacksmith,Noun,,
3544,Mythi,false,Adjective,,
3545,Mythi,untrue,Adjective,,
3546,Mythoh,writing,Noun,,
3547,Mythoh,manuscript,Noun,,
3548,Mythup,to collect together,Verb,,
3549,Mythup,to gather together,Verb,,
3550,Mythut,interruption,Noun,,
3551,Mynri,a tribe of the Mikirs whose habits are migratory and who live by jhum cultivation,Noun,,
3552,Mynsain,a place cleared all round like a fire-line and reserved for the growth of trees,Noun,,
3553,Mynsain,reserved forest,Noun,,
3554,Mynsaw,to be wounded,Verb,,
3555,Mynsaw,to have an accident,Verb,,
3556,Mynsaw-ia,since four days,Adverb,,
3557,Mynshem-taïew,last week,Adverb,,
3558,Mynsngi,in the daytime,Adverb,,
3559,Mynshisngi,the day before yesterday,Adverb,,
3560,Mynshuwa,before,Adverb,,
3561,Mynshuwa,previously,Adverb,,
3562,Mynshuwa,formerly,Adverb,,
3563,Mynsiem,spirit,Noun,,
3564,Mynsiem,soul,Noun,,
3565,Mynsiem Bakhuid,Holy Ghost,Noun,,
3566,Mynstep,in the morning,Adverb,,
3567,Mynta,at present,Adverb,,
3568,Mynta,now,Adverb,,
3569,Mynta-mynne,up to the present day,Adverb,,
3570,Mynta-mynne,still,Adverb,,
3571,Myntait,bark of a certain tree chewed with pan or betel,Noun,,
3572,Myntan,a little while ago (an hour or so),Adverb,,
3573,Myntan,just now,Adverb,,
3574,Mynthi,ironically,Adverb,,
3575,Mynthi,sarcastically,Adverb,,
3576,Mynthi,silent,Adjective,,
3577,Mynthi,sullen,Adjective,,
3578,Mynthna,mithan (Bos frontalis),Noun,,
3579,Myntlang,in the winter,Adverb,,
3580,Myntoi,profitable,Adjective,,
3581,Myntoi,gain,Noun,,
3582,Myntoi,profit,Noun,,
3583,Myntor,mantra,Noun,,
3584,Myntor,magic,Noun,,
3585,Myntri,minister,Noun,,
3586,Myntuh,thief,Noun,Same as nongtuh,
3587,Mynwei,years ago,Adverb,,
3588,Myrsiang,jackal,Noun,,
3589,Myrsiang,fox,Noun,,
3590,Mytha,muscular (of the calf),Adjective,,
3591,Mythian (shong-dem-),quite fallen,Adverb,,
3592,Mythian (shong-dem-),completely coiled up,Adverb,,
3593,Mythiem,blacksmith,Noun,,
3594,Mythi,false,Adjective,,
3595,Mythi,untrue,Adjective,,
3596,Mythoh,writing,Noun,,
3597,Mythoh,manuscript,Noun,,
3598,Mythup,to collect together,Verb,,
3599,Mythup,to gather together,Verb,,
3600,Mythut,interruption,Noun,,
3601,Mynrai,before,Adverb,,
3602,Mynrai,formerly,Adverb,,
3603,Mynrang,man,Noun,,
3604,Mynrang,male,Adjective,,
3605,Mynraw,slave,Noun,,
3606,Mynrung,newcomer,Noun,,
3607,Mynrung,stranger,Noun,,
3608,Mynsain,a place cleared all round like a fire-line and reserved for the growth of trees,Noun,,
3609,Mynsain,reserved forest,Noun,,
3610,Mynsaw,to be wounded,Verb,,
3611,Mynsaw,to have an accident,Verb,,
3612,Mynsaw-ia,since four days,Adverb,,
3613,Mynshem-taïew,last week,Adverb,,
3614,Mynsngi,in the daytime,Adverb,,
3615,Mynshisngi,the day before yesterday,Adverb,,
3616,Mynshuwa,before,Adverb,,
3617,Mynshuwa,previously,Adverb,,
3618,Mynshuwa,formerly,Adverb,,
3619,Mynsiem,spirit,Noun,,
3620,Mynsiem,soul,Noun,,
3621,Mynsiem Bakhuid,Holy Ghost,Noun,,
3622,Mynstep,in the morning,Adverb,,
3623,Mynta,at present,Adverb,,
3624,Mynta,now,Adverb,,
3625,Mynta-mynne,up to the present day,Adverb,,
3626,Mynta-mynne,still,Adverb,,
3627,Myntait,bark of a certain tree chewed with pan or betel,Noun,,
3628,Myntan,a little while ago (an hour or so),Adverb,,
3629,Myntan,just now,Adverb,,
3630,Mynthi,ironically,Adverb,,
3631,Mynthi,sarcastically,Adverb,,
3632,Mynthi,silent,Adjective,,
3633,Mynthi,sullen,Adjective,,
3634,Mynthna,mithan (Bos frontalis),Noun,,
3635,Myntlang,in the winter,Adverb,,
3636,Myntoi,profitable,Adjective,,
3637,Myntoi,gain,Noun,,
3638,Myntoi,profit,Noun,,
3639,Myntor,mantra,Noun,,
3640,Myntor,magic,Noun,,
3641,Myntri,minister,Noun,,
3642,Myntuh,thief,Noun,Same as nongtuh,
3643,Mynwei,years ago,Adverb,,
3644,Myrsiang,jackal,Noun,,
3645,Myrsiang,fox,Noun,,
3646,Mytha,muscular (of the calf),Adjective,,
3647,Mythian (shong-dem-),quite fallen,Adverb,,
3648,Mythian (shong-dem-),completely coiled up,Adverb,,
3649,Mythiem,blacksmith,Noun,,
3650,Mythi,false,Adjective,,
3651,Mythut,interruption,Noun,,
3652,Mythut,hindrance,Noun,,
3653,Mythut,obstacle,Noun,,
3654,Na,from,Preposition,,
3655,Na,since,Preposition,,
3656,Na,than,Preposition,Used in comparisons,
3657,Na-ba,because,Conjunction,,
3658,Na-ba,since,Conjunction,,
3659,Na-dien,behind,Adverb,,
3660,Na-dien,afterwards,Adverb,,
3661,Na-jrong,above,Adverb,,
3662,Na-jrong,over,Preposition,,
3663,Na-jngai,from afar,Adverb,,
3664,Na-jngai,distant,Adjective,,
3665,Na-khmat,before,Adverb,,
3666,Na-khmat,in front of,Preposition,,
3667,Na-kyndong,aside,Adverb,,
3668,Na-kyndong,separately,Adverb,,
3669,Na-lyndet,secretly,Adverb,,
3670,Na-lyngba,through,Preposition,,
3671,Na-lum,uphill,Adverb,,
3672,Na-poh,from within,Adverb,,
3673,Na-rai,outside,Adverb,,
3674,Na-shabar,from outside,Adverb,,
3675,Na-shiliang,on one side,Adverb,,
3676,Na-shiliang,aside,Adverb,,
3677,Na-sngi,by day,Adverb,,
3678,Na-miet,by night,Adverb,,
3679,Na-wah,downstream,Adverb,,
3680,Na-wah,from the river,Adverb,,
3681,Na shnong,from the village,Phrase,,
3682,Na ri,from the country,Phrase,,
3683,Na ïing,from the house,Phrase,,
3684,Na bynta,on behalf of,Phrase,,
3685,Na kata,therefore,Phrase,,
3686,Na kata ka daw,for that reason,Phrase,,
3687,Na kane,from this,Phrase,,
3688,Na kata,from that,Phrase,,
3689,Na baroh,from all,Phrase,,
3690,Na u paidbah,from the public,Phrase,,
3691,Na ka por,from that time,Phrase,,
3692,Na mynshwa,formerly,Adverb,,
3693,Na mynta,from now on,Adverb,,
3694,Na la shnong,from one's own village,Phrase,,
3695,Na la ïing,from one's own house,Phrase,,
3696,Na kawei ka liang,on the one hand,Phrase,,
3697,Na kawei pat,on the other hand,Phrase,,
3698,Na shuwa,beforehand,Adverb,,
3699,Na syndah,beside,Preposition,,
3700,Na mar bynta,respectively,Adverb,,
3701,Nawei,from another,Adverb,,
3702,Nawei-na-ar,from some other person or quarter,Adverb,,
3703,Naw-naw,hard and dry,Adverb,,
3704,Naw-rang,harshly (to speak),Adverb,,
3705,Ne,or,Conjunction,,
3707,Ne,something or some article understood between the speakers,Noun,,
3708,Neng,elevation,Noun,,
3709,Neng,north,Noun,,
3710,Neh,to remain,Verb,,
3711,Neh,to stick to,Verb,,
3712,Nei,til (Perilla ocymoides),Noun,Botanical,
3713,Nei-iong,sesame,Noun,,
3714,Nei-iong,gingelly,Noun,,
3715,'Nem,year,Noun,Abbrev. of snem,
3716,'Nem,hammer,Noun,Abbrev. of tyrnem,
3717,'Nem-hsih,blacksmith's hammer,Noun,,
3718,'Nem-it,small hammer,Noun,,
3719,'Nemsniew,famine,Noun,,
3720,Nep,bed covering,Noun,,
3721,Nep,razai,Noun,,
3722,Nep,covering,Noun,Abbrev. of snep,
3723,Nep,skin,Noun,,
3724,Nep,rind,Noun,,
3725,Nep,bark,Noun,,
3726,Nep,sharp,Adjective,,
3727,Nep,pointed,Adjective,,
3728,Nep,intelligent,Adjective,,
3729,'Nepboh,white outer covering of a lemon after the pungent part has been pared off,Noun,,
3730,'Nep-iang,outermost part of the skin or rind,Noun,,
3731,'Ner,feather,Noun,Abbrev. of sner,
3732,'Ner-liang,feather at the extreme end of the wings,Noun,,
3733,'Ner-lung,down of a bird,Noun,,
3734,Net-net,carelessly,Adverb,,
3735,Net-net,roughly,Adverb,,
3736,Ni,smooth,Adjective,,
3737,Ni,fine,Adjective,,
3738,Nia,reason,Noun,,
3739,Nia,argument,Noun,,
3740,Nia,wife of an uncle on the mother's side,Noun,,
3741,'Niakha,aunt (father's sister),Noun,,
3742,Niad,to wipe,Verb,,
3743,Niad,to paint,Verb,,
3744,Niadkalai,to tin,Verb,,
3745,Niadkalai,to enamel,Verb,,
3746,Niad-rong,to paint,Verb,,
3747,'Niang,pig,Noun,Abbrev. of sniang,
3748,'Niang,insect,Noun,Abbrev. of khniang,
3749,'Niang,worm,Noun,Abbrev. of khniang,
3750,'Niang-bliar,wild pig,Noun,,
3751,'Niang-doh,pork,Noun,,
3752,'Niang-dom,boar,Noun,,
3753,'Niang-khyllung,piglet,Noun,,
3754,'Niang-lyngkha,domestic pig,Noun,,
3755,'Niang-phre,sow,Noun,,
3756,'Niang-ryngkew,wild sow,Noun,,
3757,'Niang-sait,white pig,Noun,,
3758,'Niang-soh,young pig,Noun,,
3759,Niap,to die,Verb,,
3760,Niap,death,Noun,,
3761,Niap-beit,to die instantly,Verb,,
3762,Niap-briew,death of a person,Noun,,
3763,Niap-khlaw,death in the jungle,Noun,,
3764,Niap-kylla,sudden death,Noun,,
3765,Niap-lum,to perish in the hills,Verb,,
3766,Niap-miet,to die during the night,Verb,,
3767,Niap-noh,to die away,Verb,,
3768,Niap paidbah,public mourning,Noun,,
3769,Niap-phria,to die miserably,Verb,,
3770,Niap-ryngkew,to die in the open,Verb,,
3771,Niap shnong,death in the village,Noun,,
3772,Niap-shitom,to die after suffering,Verb,,
3773,Niap-suk,peaceful death,Noun,,
3774,Niap-synran,companion in death,Noun,,
3775,Niap-um,to drown,Verb,,
3776,Niat,to scrape,Verb,,
3777,Niat,to pare,Verb,,
3778,Niat,to shave,Verb,,
3779,Niat-bniat,to gnaw,Verb,,
3780,Niat-bniat,to nibble,Verb,,
3781,Niat-khlaw,to clear jungle by scraping,Verb,,
3782,Niat-maw,to scrape a stone,Verb,,
3783,Niat-nep,to skin,Verb,,
3784,Niat-rong,to remove paint,Verb,,
3785,Niat-shniuh,to shave the hair,Verb,,
3786,Niat-sniang,to scrape pork skin,Verb,,
3787,Niat-soh,to peel fruit,Verb,,
3788,Niat-thied,to pare bamboo,Verb,,
3789,Niat-tyllai,to trim leaves,Verb,,
3790,Nid,to pinch,Verb,,
3791,Nid,to nip,Verb,,
3792,Nieng,bamboo platform,Noun,,
3793,Nieng,raised stage,Noun,,
3794,Nieng shnong,village platform,Noun,,
3795,Nieng-um,landing stage,Noun,,
3796,Nier,kidney,Noun,,
3797,Nier,reins,Noun,,
3798,Nier-soh,fruit kernel,Noun,,
3799,Niew,nine,Numeral,,
3800,Niewtylli,nine in number,Numeral,,
3801,Niewphaw,nine-fold,Adjective,,
3802,Niewsien,ninety,Numeral,,
3803,Nih,to rest,Verb,,
3804,Nih,to stay,Verb,,
3805,Nih shnong,to stay in a village,Verb,,
3806,Nih-ïing,to stay at home,Verb,,
3807,Nihnoh,to remain behind,Verb,,
3808,Nihslem,to remain for a long time,Verb,,
3809,Nikhoh,to swallow,Verb,,
3810,Nikhoh,to gulp down,Verb,,
3811,Nilam,auction,Noun,,
3812,Nilam,public auction,Noun,,
3813,Nim,to take,Verb,,
3814,Nim,to receive,Verb,,
3815,Nim bynta,to take part,Verb,,
3816,Nim jingïarap,to accept help,Verb,,
3817,Nim shnong,to take possession of a village,Verb,,
3818,Nim-kti,to take in hand,Verb,,
3819,Nim-noh,to take away,Verb,,
3820,Nim paidbah,to receive publicly,Verb,,
3821,Nim bynta,participation,Noun,,
3822,Nimdor,to purchase,Verb,,
3823,Nimdor,to buy,Verb,,
3824,Nimdor,purchase,Noun,,
3825,Nimon,to consent,Verb,,
3826,Nimon,agreement,Noun,,
3827,Niong,black,Adjective,,
3828,Niong,dark-coloured,Adjective,,
3829,Nip,to press,Verb,,
3830,Nip,to squeeze,Verb,,
3831,Nip-kti,handshake,Noun,,
3832,Nip-kti,to shake hands,Verb,,
3833,Nip paidbah,to suppress publicly,Verb,,
3834,Nip shnong,to oppress a village,Verb,,
3835,Nir,to winnow,Verb,,
3836,Nir,to sift,Verb,,
3837,Nir-kba,to winnow paddy,Verb,,
3838,Nir-soh,to sort fruit,Verb,,
3839,Nit,to insert,Verb,,
3840,Nit,to thrust in,Verb,,
3841,Nit-kti,to put into the hand,Verb,,
3842,Nit-maw,to wedge with stones,Verb,,
3843,Nit-noh,to put away,Verb,,
3844,Nit-shyllong,to thrust into a hole,Verb,,
3845,Nit-soh,to graft a plant,Verb,,
3846,Nit-um,to dip into water,Verb,,
3847,Noh,to give,Verb,,
3848,Noh,to hand over,Verb,,
3849,Noh jingïarap,to render help,Verb,,
3850,Noh bynta,to contribute,Verb,,
3851,Noh,to present,Verb,,
3852,Noh,to offer,Verb,,
3853,Noh,gift,Noun,,
3854,Noh-blei,to offer to God,Verb,,
3855,Noh-burom,to pay respect,Verb,,
3856,Noh-dor,to sell,Verb,,
3857,Noh-dor,sale,Noun,,
3858,Noh jingïarap,assistance,Noun,,
3859,Noh jingïarap,contribution,Noun,,
3860,Noh jingïasngew,to express an opinion,Verb,,
3861,Noh jingïasyllok,to give advice,Verb,,
3862,Noh jingmut,to express an opinion,Verb,,
3863,Noh jingtip,to give information,Verb,,
3864,Noh jingïathuh,to relate,Verb,,
3865,Noh jingïoh,to grant,Verb,,
3866,Noh khubor,to deliver news,Verb,,
3867,Noh khubor,to report,Verb,,
3868,Noh jingïaroh,to praise,Verb,,
3869,Noh jingsneng,to admonish,Verb,,
3870,Noh jingsneng,to instruct,Verb,,
3871,Noh jingïada,to protect,Verb,,
3872,Noh jingïarap pisa,to make a financial contribution,Verb,,
3873,Noh ka jingbit,to grant permission,Verb,,
3874,Noh ka jubab,to give an answer,Verb,,
3875,Noh ka bor,to empower,Verb,,
3876,Noh ka hukum,to issue an order,Verb,,
3877,Noh ka kyrteng,to name,Verb,,
3878,Noh ka lynti,to give way,Verb,,
3879,Noh ka por,to allow time,Verb,,
3880,Noh jingïarap paidbah,public assistance,Noun,,
3881,Noh mynsiem,to inspire,Verb,,
3882,Noh jingïasyllok,advice,Noun,,
3883,Noh sha,to hand over to,Verb,,
3884,Noh shnong,to surrender a village,Verb,,
3885,Noh suk,to yield peacefully,Verb,,
3886,Noh syiem,to present to the chief,Verb,,
3887,Noh um,to give water,Verb,,
3888,Noh bynta,contribution,Noun,,
3889,Noh wai,to let out on rent,Verb,,
3890,Noh jingïoh bynta,to allot a share,Verb,,
3891,Noh pyllait,to release,Verb,,
3892,Noh pynbeit,to settle,Verb,,
3893,Noh pynshlur,to encourage,Verb,,
3894,Noh pyni,to demonstrate,Verb,,
3895,Noh pynpaw,to reveal,Verb,,
3896,Noh pynkup,to bestow,Verb,,
3897,Noh sngewbha,to please,Verb,,
3898,Noh synniang,to donate,Verb,,
3899,Noh jingïarap paidbah,public contribution,Noun,,
3900,Noh jingïarap shnong,village contribution,Noun,,
3901,Noh,to throw into,Verb,,
3902,Noh,away,Adverb,,
3903,Noh (ia-),to add a little quantity or number in excess of that sold or bought,Verb,,
3904,Nohblei,to throw away the idols after the ceremonies of worship are over,Verb,,
3905,Nohmynsiem,to be low-spirited,Verb,,
3906,Nohmynsiem,to sigh,Verb,,
3907,Noh-prah (nai-),December,Noun,Month,
3908,Nohrem,to be a cause of offence to the gods or spirits,Verb,,
3909,Nohtasor,silk dhoti; a piece of cloth worn by males round the loins,Noun,,
3910,Nohtah,ladder made of a single piece of wood with steps cut into it,Noun,,
3911,Nohtah,temporary bridge,Noun,,
3912,Nohteh,very much,Adverb,Colloquial enclitic,
3913,Noi,"a small bamboo pipe, especially one for applying to the hole of a hookah when smoking",Noun,,
3914,Noi-sha,pipe fixed to the cocoa-nut shell of a hookah,Noun,,
3915,Nuksa,figure,Noun,Hindi loanword,
3916,Nuksa,pattern,Noun,,
3917,Nuksa,picture,Noun,,
3918,Nuksa,plan,Noun,,
3919,Nud,to dare,Verb,,
3920,'Nud,liver,Noun,Abbreviation of dohnud,
3921,'Nud,heart,Noun,Abbreviation of dohnud,
3922,'Nuid,piece of fruit cut in the shape of a prism,Noun,,
3923,Numor,to scrutinise,Verb,,
3924,Numor,to examine,Verb,,
3925,Numor,to compare,Verb,,
3926,'Nup,Khasi leaf umbrella,Noun,Abbreviation of knup,
3927,'Nup,shell-shaped Khasi leaf umbrella made at Mawiang,Noun,,
3928,Nup,seed of a certain creeper growing in a pod used by the Khasis in washing their heads,Noun,,
3929,Nup-khohsiew,knee-cap,Noun,,
3930,Nur,channel,Noun,,
3931,Nur,ditch,Noun,,
3932,Nur,drain,Noun,,
3933,Nurok,hell,Noun,Bengali loanword,
3934,Nusip,luck,Noun,Hindi loanword,
3935,Nruti,prostitute,Noun,Hindi loanword,
3936,Nyngkong,first,Adjective,,
3937,Nyngkong,beginning,Noun,,
3938,Nylla,pure,Adjective,,
3939,Nylla,unalloyed,Adjective,,
3940,Nyllong,rectum,Noun,,
3941,O,the fourteenth letter of the Khasi alphabet,Noun,,
3942,O!,oh!,Interjection,,
3943,O!,ah!,Interjection,,
3944,Ong,to say,Verb,,
3945,Ong,to tell,Verb,,
3946,Ong la,if,Conjunction,"Literally ""if in case""",
3947,Oh,to cut,Verb,,
3948,Oh,to notch,Verb,,
3949,Oh-kuna,to impose a fine,Verb,,
3950,Oh-kuna,fine,Noun,,
3951,Oh-jri,to tap an Indian rubber tree,Verb,,
3952,Oh-kaid,to impose a penalty,Verb,Used in the idiom oh-kuna-oh-kaid,
3953,Oit,to obtain,Verb,,
3954,Oit,to receive,Verb,,
3955,Oitdor,purchase price,Noun,,
3956,Oitdor,cost,Noun,,
3957,Oit bynta,allotted share,Noun,,
3958,Oit shnong,village grant,Noun,,
3959,Oit paidbah,public grant,Noun,,
3960,Oit jingïarap,assistance received,Noun,,
3961,Oit jingïoh,acquisition,Noun,,
3962,Oit ka hok,legal right obtained,Noun,,
3963,Oit ka bor,authority obtained,Noun,,
3964,Oit ka jingbit,permission received,Noun,,
3965,Oit ka jingïarap,support received,Noun,,
3966,Oit ka lynti,opportunity obtained,Noun,,
3967,Oit noh,to receive away,Verb,,
3968,Oit pat,to receive again,Verb,,
3969,Oit paidbah,public acceptance,Noun,,
3970,Oit shnong,village recognition,Noun,,
3971,Oit pyndonkam,to obtain for use,Verb,,
3972,Oit pynkup,to receive as a gift,Verb,,
3973,Oit sngewbha,to receive gladly,Verb,,
3974,Oit suk,to receive peacefully,Verb,,
3975,Oit syiem,to receive from the chief,Verb,,
3976,Oit um,to receive water,Verb,,
3977,Oit wai,to receive on rent,Verb,,
3978,Oit bynta paidbah,public allocation,Noun,,
3979,Oit jingïarap shnong,village assistance received,Noun,,
3980,Oit jingïoh bynta,allotted portion received,Noun,,
3981,Oh-shrong,to cut or notch ornamentally,Verb,,
3982,Oh-shrong,to carve,Verb,,
3983,Oh-tah,to cut slightly at short intervals,Verb,,
3984,Oh-tah,to tap,Verb,,
3985,Oi,yes,Interjection,Verbal answer,
3986,Oi,here I am,Interjection,Verbal answer,
3987,On (leit-),to go along with,Verb,,
3988,On (leit-),to reach at,Verb,,
3989,Onksuid,to throw away things for propitiating a devil,Verb,,
3990,On-kurim (leit-),to accompany a bridegroom to the house of a bride,Verb,,
3991,On-nong (leit-),to go and carry a load on hire to its destination,Verb,,
3992,On-rong,"to present anything, especially liquor, to the spirit of a dead person when sacrifices are made on his behalf",Verb,,
3994,Or,to crack,Verb,,
3995,Or,to break into chinks,Verb,,
3996,Or-or (s'aid-),very warm,Adverb,,
3997,Ot,to cut,Verb,,
3998,Ot,to mow,Verb,,
3999,Ot,to reap,Verb,,
4000,Ot-halang,to excommunicate from church membership,Verb,,
4001,Ot-doh,to kill an animal for eating purposes,Verb,"Literally ""to cut flesh""",
4002,Ot-sher,to circumcise,Verb,,
4003,P,the fifteenth letter of the Khasi alphabet,Noun,,
4004,Pa,father,Noun,,
4005,Pa,sire,Noun,,
4006,Pa-hep,grandfather,Noun,,
4007,Pa-khynnah,young father,Noun,,
4008,Pa-khuid,Holy Father,Noun,,
4009,Pa-tymmen,old father,Noun,,
4010,Pa shnong,village elder,Noun,,
4011,Pa kur,clan elder,Noun,,
4012,Pa-ri,fatherland,Noun,,
4013,Pa-ïing,head of the household,Noun,,
4014,Pa-blei,God the Father,Noun,,
4015,Pa-lyngdoh,priestly elder,Noun,,
4016,Pa-rangbah,respected elder,Noun,,
4017,Pa shnong paidbah,village patriarch,Noun,,
4018,Pa-bah,grandfather,Noun,Honorific,
4019,Pa-rit,younger father,Noun,,
4020,Pa-para,fatherly relation,Noun,,
4021,Pa,father,Noun,,
4022,-Pa,repeating particle,Particle,Used as in leh-pa-leh = to continue to do,
4023,Paka,complete,Adjective,,
4024,Paka,satisfactory,Adjective,,
4025,Paka,pucca,Adjective,,
4026,Paka-iing,stone-walled house,Noun,,
4027,Pakang,to flow in a jet,Verb,,
4028,Pakang,to shoot forth,Verb,,
4029,Pakai,a share,Noun,,
4030,Pakai,a part allotted,Noun,,
4031,Pakai,a turn,Noun,,
4032,Pakai,a reflective act,Noun,,
4033,'Pakha,a male relative on the father's side,Noun,,
4034,Pakha,fan,Noun,,
4035,Pakha,punkah,Noun,,
4036,Pakha,a species of palm,Noun,,
4037,Pakhang,to hinder,Verb,,
4038,Pakhang,to obstruct,Verb,,
4039,Pakhang,to block,Verb,,
4040,Pakher,to throw away to a distance,Verb,,
4041,Iakhing,to resist,Verb,Same as iakhing,
4042,Pakhop,to strive against,Verb,,
4043,Pakhop,to resist when dragged,Verb,,
4044,Pakhud,to pull along the ground,Verb,,
4045,Pakhud,to drag along the ground,Verb,,
4046,Pakhynnah,father's younger brother,Noun,Paternal uncle,
4047,Paki (iing-),brick house,Noun,House roofed and walled with bricks,
4048,Pakor,to unite in sexual intercourse,Verb,Applicable to beasts only,
4049,Pakor,to cover,Verb,,
4050,Pad,measurement from the tip of the middle finger of one outstretched hand across the chest to the tip of the middle finger of the other,Noun,Traditional measure,
4051,Padai,to swing,Verb,,
4052,Padan,to obstruct,Verb,,
4053,Padan,to hinder,Verb,,
4054,Padan,to interfere,Verb,,
4055,Padat,to throw to a distance,Verb,Said of a heavy object,
4056,Padiah,to play on a small drum,Verb,,
4057,Padiah,to multiply words unnecessarily,Verb,,
4058,Padiah,to meddle,Verb,,
4059,Padok,bladder of a fish,Noun,,
4060,Padoi,to swing,Verb,,
4061,Padoi,to sway,Verb,,
4062,Padoi,to rock,Verb,,
4063,Padon,to stop,Verb,,
4064,Padon,to restrain,Verb,,
4065,Padum,to become blunt,Verb,,
4066,Padung,to drag,Verb,,
4067,Padung,to haul,Verb,,
4068,Paeh,to throw down,Verb,,
4069,Paeh,to cast away,Verb,,
4070,Pah,to divide,Verb,,
4071,Pah,to distribute,Verb,,
4072,Pah,share,Noun,,
4073,Pah bynta,to divide into portions,Verb,,
4074,Pah shnong,division of a village,Noun,,
4075,Pah ri,division of a country,Noun,,
4076,Pah paidbah,public distribution,Noun,,
4077,Pahdor,to fix a price,Verb,,
4078,Pahdor,valuation,Noun,,
4079,Pahlang,to divide equally,Verb,,
4080,Pahlang,equal division,Noun,,
4081,Pahnoh,to set aside,Verb,,
4082,Pahnoh,to reserve,Verb,,
4083,Pah paidbah,to distribute publicly,Verb,,
4084,Pah bynta,allotted share,Noun,,
4085,Pai,to pay,Verb,,
4086,Pai,payment,Noun,,
4087,Pai,wages,Noun,,
4088,Pai pisa,to pay money,Verb,,
4089,Pai ram,to repay a debt,Verb,,
4090,Pai bai,to pay wages,Verb,,
4091,Pai khajna,to pay tax,Verb,,
4092,Pai kuna,to pay a fine,Verb,,
4093,Pai shnong,village tax,Noun,,
4094,Pai ri,national tax,Noun,,
4095,Pai paidbah,public payment,Noun,,
4096,Paibah,tax,Noun,,
4097,Paibah,tribute,Noun,,
4098,Paid,to spread,Verb,,
4099,Paid,to scatter,Verb,,
4100,Paid paidbah,public distribution,Noun,,
4101,Paid,to spread out,Verb,,
4102,Paid,to disperse,Verb,,
4103,Paid paidbah,to spread among the people,Verb,,
4104,Paid shnong,to spread through the village,Verb,,
4105,Paid ri,to spread throughout the country,Verb,,
4106,Paid khubor,to spread news,Verb,,
4107,Paid jingtip,to disseminate information,Verb,,
4108,Paid jingpang,to spread disease,Verb,,
4109,Paid jinghikai,to spread teaching,Verb,,
4110,Paid jingngeit,to spread the faith,Verb,,
4111,Paid jingïoh,distribution,Noun,,
4112,Paid bynta,distribution of shares,Noun,,
4113,Paid lang,to distribute equally,Verb,,
4114,Paid suk,to spread peacefully,Verb,,
4115,Paid paidbah,public distribution,Noun,,
4116,Pain,to run away,Verb,,
4117,Pain,to flee,Verb,,
4118,Pain shnong,to flee from the village,Verb,,
4119,Pain ri,to flee from the country,Verb,,
4120,Pain paidbah,public flight,Noun,,
4121,Painkhar,foreigner,Noun,,
4122,Painkhar,non-Khasi,Noun,,
4123,Painnoh,to escape,Verb,,
4124,Painnoh,to get away,Verb,,
4125,Painphai,to flee back,Verb,,
4126,Pair,to arrange,Verb,,
4127,Pair,to put in order,Verb,,
4128,Pair bynta,to arrange in sections,Verb,,
4129,Pair shnong,village arrangement,Noun,,
4130,Pair ri,national arrangement,Noun,,
4131,Pair paidbah,public organization,Noun,,
4132,Pairlang,to arrange together,Verb,,
4133,Pairlang,orderly arrangement,Noun,,
4134,Pairong,to decorate,Verb,,
4135,Pairong,ornamentation,Noun,,
4136,Paisa,money,Noun,Hindi loanword,
4137,Paisa,coin,Noun,,
4138,Paisa shnong,village fund,Noun,,
4139,Paisa paidbah,public fund,Noun,,
4140,Paisa jingïarap,aid money,Noun,,
4141,Pait,to break,Verb,,
4142,Pait,to split,Verb,,
4143,Pait bynta,division,Noun,,
4144,Pait paidbah,division among the people,Noun,,
4145,Pait shnong,village division,Noun,,
4146,Pait ri,partition of a country,Noun,,
4147,Pait noh,to break off,Verb,,
4148,Pait syndon,to shatter,Verb,,
4149,Pait lut,completely broken,Adjective,,
4150,Pait paidbah,public partition,Noun,,
4151,Pait,broken,Adjective,,
4152,Pait,fractured,Adjective,,
4153,Pait-bad,disagreement,Noun,,
4154,Pait-bad,quarrel,Noun,,
4155,Pait-dur,to break into pieces,Verb,,
4156,Pait-dur,shattered,Adjective,,
4157,Pait-ia,to separate,Verb,,
4158,Pait-ia,to part company,Verb,,
4159,Pait-jait,clan division,Noun,,
4160,Pait-jait,family branch,Noun,,
4161,Pait-khyndew,land partition,Noun,,
4162,Pait-kur,division of a clan,Noun,,
4163,Pait-lut,completely destroyed,Adjective,,
4164,Pait-lut,utterly ruined,Adjective,,
4165,Pait-noh,to separate completely,Verb,,
4166,Pait-noh,to break away,Verb,,
4167,Pait paidbah,public division,Noun,,
4168,Pait paidbah,division among the people,Noun,,
4169,Pait-phra,to crack open,Verb,,
4170,Pait-phra,to split apart,Verb,,
4171,Pait-ryngkat,equal division,Noun,,
4172,Pait-shnong,division of a village,Noun,,
4173,Pait-synjor,total destruction,Noun,,
4174,Pait-synjor,devastation,Noun,,
4175,Pait-um,water channel,Noun,,
4176,Pak,to clap,Verb,,
4177,Pak,to strike with the palm,Verb,,
4178,Pak-pak,clapping sound,Noun,,
4179,Pak-pak,repeatedly clapping,Adverb,,
4180,Pakdeng,shoulder-blade,Noun,,
4181,Pakha,fan,Noun,,
4182,Pakha,punkah,Noun,,
4183,Pakhlieh,top of the head,Noun,,
4184,Pakhlieh,crown of the head,Noun,,
4185,Pakhniah,to flatten,Verb,,
4186,Pakhniah,to press down,Verb,,
4187,Pakhrup,to cover over,Verb,,
4188,Pakhrup,to wrap up,Verb,,
4189,Pakit,narrow,Adjective,,
4190,Pakit,confined,Adjective,,
4191,Paklong,wide open,Adjective,,
4192,Paklong,expanded,Adjective,,
4193,Paklut,to finish completely,Verb,,
4194,Paklut,to exhaust,Verb,,
4195,Pakma,to slap,Verb,,
4196,Pakma,slap,Noun,,
4197,Pakrang,to throw aside,Verb,,
4198,Pakrang,to cast away,Verb,,
4199,Pakrih,to fold,Verb,,
4200,Pakrih,folded,Adjective,,
4201,Pakshet,to slap lightly,Verb,,
4202,Pakshet,to tap gently,Verb,,
4203,Paksiar,to spread out,Verb,,
4204,Paksiar,to unfold,Verb,,
4205,Paksong,to bend,Verb,,
4206,Paksong,to curve,Verb,,
4207,Paksu,to push,Verb,,
4208,Paksu,to shove,Verb,,
4209,Paksut,to thrust forward,Verb,,
4210,Paksut,to push ahead,Verb,,
4211,Paktad,to strike hard,Verb,,
4212,Paktad,to hit with force,Verb,,
4213,Paktai,broad,Adjective,,
4214,Paktai,spread out,Adjective,,
4215,Paktam,to complete,Verb,,
4216,Paktam,to finish,Verb,,
4217,Pakthiah,to flatten completely,Verb,,
4218,Pakthiah,to level,Verb,,
4219,Pakthung,to heap together,Verb,,
4220,Pakthung,to pile up,Verb,,
4221,Pakut,to tie up,Verb,,
4222,Pakut,to fasten,Verb,,
4223,Pal,to turn over,Verb,,
4224,Pal,to reverse,Verb,,
4225,Palad,to overturn,Verb,,
4226,Palad,to upset,Verb,,
4227,Palai,to return,Verb,,
4228,Palai,to send back,Verb,,
4229,Palam,to proclaim,Verb,,
4230,Palam,to announce publicly,Verb,,
4231,Palat,to exceed,Verb,,
4232,Palat,to go beyond,Verb,,
4233,Palat bor,beyond one's power,Adjective,,
4234,Palat dor,too expensive,Adjective,,
4235,Palat pud,beyond limits,Adjective,,
4236,Palat por,overdue,Adjective,,
4237,Palat shnong,beyond the village,Adverb,,
4238,Palat ri,across the country,Adverb,,
4239,Palat noh,to pass away,Verb,,
4240,Palat syndon,to pass completely,Verb,,
4242,Palei hynrei,why then?,Phrase,,
4243,Pali,turn,Noun,,
4244,Pali,chance,Noun,,
4245,Pali-pali,in turns,Adverb,,
4246,Pali-pali,alternately,Adverb,,
4247,Palieh,to overturn,Verb,,
4248,Palieh,to tip over,Verb,,
4249,Palit,to smear,Verb,,
4250,Palit,to plaster,Verb,,
4251,Palngang,having a round small head,Adjective,,
4252,Palngaw,round and small (of the head),Adjective,,
4253,Pallaw,having sunken eyes,Adjective,,
4254,Pali,one's turn,Noun,,
4255,Palong,bedstead,Noun,,
4256,Palong,soap bubble,Noun,,
4257,*Palwan,athlete,Noun,Hindi loanword,
4258,Pam,to cut,Verb,,
4259,Pam,to win (in gambling),Verb,,
4260,Pamblang,Durga Poojah,Noun,,
4261,Pamthwat,to skirmish,Verb,,
4262,Pamthwat,to fell a number of trees in one place,Verb,,
4263,Pan,to ask,Verb,,
4264,Pan,to demand,Verb,,
4266,Pankhyllong,knot of hair on the head,Noun,,
4267,Pankwah,to wish for what is wrong or bad,Verb,,
4268,Pankwah,to court misfortune,Verb,,
4269,Panjung,bladder,Noun,,
4270,Panpoh,girdle,Noun,,
4271,Panpoh,belt,Noun,,
4272,Pansngiat,crown,Noun,,
4273,Panshandi,very small tortoise,Noun,,
4274,Panshandi-dem-lor-khah,a wife eagerly expecting the return of her profligate husband,Noun,,
4276,Panti,long narrow strip of cloth,Noun,,
4277,Panti,sash,Noun,,
4278,Panti,band,Noun,,
4279,Panti,ribbon,Noun,,
4280,Panti jingïakhun,champion's sash,Noun,,
4281,Pantyllun,wheel-rim,Noun,,
4282,Pantyllun,circular band,Noun,,
4283,Panyiar,broad belt,Noun,,
4284,Panyiar,waist-band,Noun,,
4285,Pap,to flap,Verb,,
4286,Pap,to flutter,Verb,,
4287,Pap-pap,flapping sound,Noun,,
4288,Pap-pap,repeatedly flapping,Adverb,,
4289,Par,side,Noun,,
4290,Par,edge,Noun,,
4291,Par,neighbour,Noun,,
4292,Par,companion,Noun,,
4293,Para,one another,Pronoun,,
4294,Para,each other,Pronoun,,
4295,Para-briew,fellow human being,Noun,,
4296,Para shnong,fellow villager,Noun,,
4297,Para kur,member of the same clan,Noun,,
4298,Para marjan,neighbour,Noun,,
4299,Para paidbah,fellow citizen,Noun,,
4300,Para-para,together,Adverb,,
4301,Para-para,mutually,Adverb,,
4302,Pariang,neighbouring,Adjective,,
4303,Pariang shnong,neighbouring village,Noun,,
4304,Pariang ri,neighbouring country,Noun,,
4305,Parit,trench,Noun,,
4306,Parit,ditch,Noun,,
4307,Parit um,drainage channel,Noun,,
4308,Parit shnong,village trench,Noun,,
4309,Parlong,broadside,Noun,,
4310,Parlong,wide edge,Noun,,
4311,Parmar,equal,Adjective,,
4312,Parmar,alike,Adjective,,
4313,Parmar,equal share,Noun,,
4314,Parmut,mutual agreement,Noun,,
4315,Parmut,common understanding,Noun,,
4316,Paroh,complete,Adjective,,
4317,Paroh,whole,Adjective,,
4318,Parom,border,Noun,,
4319,Parom,boundary,Noun,,
4320,Par shnong,village boundary,Noun,,
4321,Par paidbah,public boundary,Noun,,
4322,Parshnong,fellow villager,Noun,,
4323,Parsyiem,neighbouring chiefdom,Noun,,
4324,Partap,border line,Noun,,
4325,Parti,party,Noun,Political or social group,
4326,Parti,side,Noun,,
4327,Parting,division,Noun,,
4328,Parting,separation,Noun,,
4329,Parum,riverside,Noun,,
4330,Parum,river bank,Noun,,
4331,Pas,to pass,Verb,,
4332,Pas,to succeed in an examination,Verb,,
4333,Pasdor,passport,Noun,,
4334,Pasiaw,to become green,Verb,,
4335,Pasiaw,green,Adjective,,
4336,Pasoh,to bear fruit,Verb,,
4337,Pasoh,fruitful,Adjective,,
4338,Pasuk,to become peaceful,Verb,,
4339,Pasuk,peaceful,Adjective,,
4340,Pat,again,Adverb,,
4341,Pat,also,Adverb,,
4342,Pat,but,Conjunction,,
4343,Pateng,ladder,Noun,,
4344,Pateng,stair,Noun,,
4345,Pathai,to send,Verb,,
4346,Pathai,to dispatch,Verb,,
4347,Pathar,plain,Noun,,
4348,Pathar,level ground,Noun,,
4349,Pathaw,to create,Verb,,
4350,Pathaw,creator,Noun,,
4351,Pathied,to buy,Verb,,
4352,Pathied,purchaser,Noun,,
4353,Pathut,interruption,Noun,,
4354,Pathut,disturbance,Noun,,
4355,Pathymmai,new,Adjective,,
4356,Pathymmai,newly,Adverb,,
4357,Pathynnad,beautiful,Adjective,,
4358,Pathynnad,pleasant,Adjective,,
4359,Pat paidbah,publicly again,Adverb,,
4360,Pat shnong,back to the village,Adverb,,
4361,Pata,licensed liquor shop,Noun,Patta shop; Hindi loanword,
4362,Patan,to pull on both sides,Verb,,
4363,Patar,to tear to pieces with the teeth,Verb,,
4364,Pateng,joint,Noun,,
4365,Pateng,link,Noun,,
4366,Pateng,indirectly; through another source,Adverb,,
4367,Pateng-bynriew,generation,Noun,,
4368,Pateng-pateng,at every interval or stage,Adverb,,
4369,Pateng-la-pateng,from generation to generation,Adverb,,
4370,Pathar,width or stretch of a ford or stream,Noun,,
4371,Pathar,thoughtless,Adjective,,
4372,Pathar,heedless,Adjective,,
4373,Pathat,to snap (a thread),Verb,,
4374,Pathaw,squash gourd,Noun,Hindi kadu,
4375,Pathi,betel,Noun,"Used by Nongkrem, Mylliem and Synteng people",
4376,Patiaw,to give ear to,Verb,Usually used in the negative with ym,
4377,Patiaw,to care,Verb,Usually used in the negative,
4378,Patied,to strike or knock against,Verb,,
4379,Patied,to bully,Verb,,
4380,Patied,to spatter,Verb,,
4381,Patiew,purlin,Noun,,
4382,Patloi,thick brass cooking vessel,Noun,Hindi loanword,
4383,Patlun,pantaloons,Noun,English loanword,
4384,Patlun,trousers,Noun,,
4385,Patch,to hit with a stone or ball after it has touched the ground,Verb,To ricochet,
4386,Patom,to drag by the hair,Verb,,
4387,Pator,officer in the Synteng district next in rank to a Daloi,Noun,Ministerial office,
4388,Patrong,to pull by the hair,Verb,,
4389,Patrong,to clutch by the hair,Verb,,
4390,Patsha,Emperor,Noun,Hindi loanword,
4391,Paw,to seem,Verb,,
4392,Paw,to appear,Verb,,
4393,Paw,to be evident,Verb,,
4394,Pawa,powa; a seer,Noun,Hindi loanword,
4395,Pawang,to swing,Verb,,
4396,Pawang,to swagger,Verb,,
4397,Pawai,unsteadily,Adverb,As of walking or staggering,
4398,Pawbynriew,to be in a tolerably good position,Verb,,
4399,Pawkhmat,to be prominent,Verb,,
4400,Pawkhmat,to be present,Verb,,
4401,Paw-pen-ryngkew,to have the real state of things brought to light,Verb,,
4402,Paw-rong,to be exposed to shame,Verb,,
4403,Pda,to throw to the farthest distance possible,Verb,,
4404,Pda-khar-ei,arrow-shooting competition in which the person who shoots farthest wins all the arrows,Noun,,
4405,Pdang,to crack,Verb,,
4406,Pdam,to come to an end,Verb,,
4407,Pdam,to be over,Verb,,
4408,Pdam,to cease,Verb,,
4409,Pdam,to be disappointed,Verb,,
4410,Pdeng,the middle,Noun,,
4411,Pdem,to steep,Verb,,
4412,Pdem,to incubate,Verb,,
4413,Pdiang,to receive,Verb,,
4414,Pdiang,to accept,Verb,,
4415,Pdiang-Balang,to receive into church membership,Verb,Christian usage,
4416,Pdiet,to open by placing the finger on one side of an aperture,Verb,,
4417,Pdok,bladder of a fish,Noun,,
4418,Pdot,throat,Noun,,
4419,Pdot,Adam's apple,Noun,,
4420,Pdung,circular sieve,Noun,Flat winnowing basket,
4421,Pdung,to blister,Verb,,
4422,Pduh,to strike with a stout or heavy stick on the head,Verb,,
4423,Pduh,to thwack,Verb,,
4424,Peh,to winnow,Verb,,
4425,Peh,not going in a straight line when shot,Adjective,Like a badly winged arrow,
4426,'Peh,spike,Noun,Abbreviation of speh,
4427,'Peh,stake,Noun,,
4428,'Peh-dyngkhiet,porcupine quill,Noun,,
4429,'Peh-sylli,very sharp bamboo spike,Noun,,
4430,'Peh-sylli,ready-witted man,Noun,Figurative usage,
4431,Pel,having a hole,Adjective,,
4432,Pel,to penetrate,Verb,,
4433,Peibylla,to be pierced right through,Verb,,
4434,Peibylla,to pass clean through,Verb,,
4435,Peidohsaw,to be cut to the quick,Verb,,
4436,Peidohsaw,to be cut to the sensitive flesh,Verb,,
4437,Peiñ (ia-),to barter,Verb,,
4438,Peiñ (ia-),to exchange,Verb,,
4439,Peit,to look at,Verb,,
4440,Peit,to gaze,Verb,,
4441,Peit,to be awake,Verb,,
4442,Peitkynriang,to squint,Verb,,
4443,Peitngor,to stay up at night,Verb,,
4444,Peitmat,to be awake,Verb,,
4445,Peitmat,to be conscious,Verb,,
4446,Peitmat,to be healthy,Verb,,
4447,Peitmat,good-looking,Adjective,Person,
4448,Peitmat-dong,to look through the corner of the eye,Verb,,
4449,Peitmat-dong,to look suspiciously,Verb,,
4450,Peitmatlieh,to show the white of the eye,Verb,,
4451,Peitmatlieh,to stare angrily,Verb,,
4452,Peitngor,to keep watch,Verb,,
4453,Peitngor,to watch carefully,Verb,,
4454,Peitjut,to inspect,Verb,,
4455,Peitjut,to examine closely,Verb,,
4456,Peitkai,to look on,Verb,As a spectator,
4457,Peitkai,to watch for amusement,Verb,,
4458,Peitkhmat,to respect,Verb,"Literally ""to look at the face""",
4459,Peitkhmat,to show regard,Verb,,
4460,Peitlyngngoh,to gaze in wonder,Verb,,
4461,Peitlyngngoh,to admire,Verb,,
4462,Peitngor shnong,village watch,Noun,,
4463,Peitngor miet,night watch,Noun,,
4464,Peitngor paidbah,public vigilance,Noun,,
4465,Peitngor-ngor,watchfully,Adverb,,
4466,Peitngor-ngor,vigilantly,Adverb,,
4467,Peitphai,to look back,Verb,,
4468,Peitphai,to glance behind,Verb,,
4469,Peitpyrman,to observe carefully,Verb,,
4470,Peitpyrman,to inspect thoroughly,Verb,,
4471,Peitpyrshah,to look against,Verb,,
4472,Peitpyrshah,to oppose,Verb,Figurative,
4473,Peit shnong,to inspect a village,Verb,,
4474,Peit ri,to inspect a country,Verb,,
4475,Peit paidbah,to appear before the public,Verb,,
4476,Peit sha khmat,to look forward,Verb,,
4477,Peit sha dien,to look back,Verb,,
4478,Peit sha jrong,to look upward,Verb,,
4479,Peit sha trai,to look downward,Verb,,
4480,Peit shiliang,to look sideways,Verb,,
4481,Peitthuh,to recognize,Verb,,
4482,Peitthuh,to identify,Verb,,
4483,Peittynnad,to admire,Verb,,
4484,Peittynnad,to look with pleasure,Verb,,
4485,Pek,to strike,Verb,,
4486,Pek,to knock,Verb,,
4487,Pek-pak,knocking sound,Noun,,
4488,Pek-pak,repeated knocking,Adverb,,
4489,Pem,to press,Verb,,
4490,Pem,to squeeze,Verb,,
4491,Pem paidbah,public pressure,Noun,,
4492,Pem shnong,pressure on a village,Noun,,
4493,Pen,to be visible,Verb,,
4494,Pen,to be distinct,Verb,,
4495,Pen paidbah,publicly visible,Adjective,,
4496,Pen shnong,visible in the village,Adjective,,
4497,Peng,to throw,Verb,,
4498,Peng,to fling,Verb,,
4499,Peng paidbah,to throw before the public,Verb,,
4500,Peng shnong,to throw into a village,Verb,,
4501,Peng,to cast,Verb,,
4502,Peng,to hurl,Verb,,
4503,Peng-khlong,to throw into a pit,Verb,,
4504,Peng-lum,to throw uphill,Verb,,
4505,Peng-maw,to throw a stone,Verb,,
4506,Peng-um,to throw into water,Verb,,
4507,Pengnoh,to throw away,Verb,,
4508,Pengphai,to throw back,Verb,,
4509,Pengrah,to throw upward,Verb,,
4510,Pengryngkew,to throw into the open,Verb,,
4511,Pengshiliang,to throw aside,Verb,,
4512,Pengsyndon,to throw completely away,Verb,,
4513,Peni,to show,Verb,,
4514,Peni,to display,Verb,,
4515,Peni paidbah,public display,Noun,,
4516,Peni shnong,to show to the village,Verb,,
4517,Peni ri,to exhibit to the country,Verb,,
4518,Peni paidbah,to exhibit publicly,Verb,,
4519,Penkhia,to become visible,Verb,,
4520,Penkhia,to appear clearly,Verb,,
4521,Penlang,to spread out visibly,Verb,,
4522,Penlang,to become widely known,Verb,,
4523,Pentuid,to pour out,Verb,,
4524,Pentuid,to flow out,Verb,,
4525,Pentyllun,to roll out,Verb,,
4526,Pentyllun,to unfold,Verb,,
4527,Pep,to slap lightly,Verb,,
4528,Pep,to pat,Verb,,
4529,Pep-pep,patting sound,Noun,,
4530,Pep-pep,repeatedly patting,Adverb,,
4531,Per,to twist,Verb,,
4532,Per,to wind around,Verb,,
4533,Per paidbah,public confusion,Noun,,
4534,Per shnong,village disturbance,Noun,,
4535,Per bynta,entanglement,Noun,,
4536,Perlang,to become tangled together,Verb,,
4537,Perlang,intertwined,Adjective,,
4538,Perphai,to twist back,Verb,,
4539,Pershong,to coil around,Verb,,
4540,Pershong,coiled,Adjective,,
4541,Pet,to be flat,Verb,,
4542,Pet,to flatten,Verb,,
4543,Pet paidbah,flattened publicly,Adjective,,
4544,Pet shnong,flattened in the village,Adjective,,
4545,Pet-pet,completely flat,Adjective,,
4546,Petri,flat land,Noun,,
4547,Petrong,level surface,Noun,,
4548,Petsuk,flattened smoothly,Adjective,,
4549,Petthiah,to flatten completely,Verb,,
4550,Petum,to press into water,Verb,,
4551,Pem-pem,lukewarm,Adverb,Not tasty,
4552,Pen,"number = 80 (of fruits, red pepper, etc.)",Numeral,,
4553,'Pen,wild earth-nut,Noun,Abbreviation of soh-pen,
4554,Pep,to desist from going,Verb,,
4555,Pep,to desist from doing a thing,Verb,,
4556,Per,to float,Verb,,
4557,Per,light,Adjective,,
4558,Per,careless,Adjective,,
4559,Pet,to buy rice,Verb,,
4560,Pet,to buy cereals,Verb,,
4561,'Pet,navel,Noun,Abbreviation of soh-pet,
4562,'Pet-kaw,umbilical hernia,Noun,,
4563,Pha,thou (feminine),Pronoun,,
4564,Pha,to risk,Verb,,
4565,Pha,to jeopardize,Verb,,
4566,Pha,to hazard,Verb,,
4567,Phang,quarter,Noun,,
4568,Phang,side,Noun,,
4569,Phang,allotted part,Noun,,
4570,'Phang-er,a periodical continuous wind towards the end of the cold season,Noun,,
4571,Phah,to send,Verb,,
4572,Phah,to despatch,Verb,,
4573,Phah,to order for,Verb,,
4574,Phahkhot,to send for,Verb,,
4575,Phahkylli,to propose to a girl,Verb,,
4576,Phai,to turn,Verb,,
4577,Phai-kpoh-u-Blei,to favour,Verb,"Literally ""to face God's belly""; to take into favourable consideration",
4578,Phai-khmat,to face,Verb,,
4579,Phai-dien,to turn backwards,Verb,,
4580,Phak,violently,Adverb,e.g. u thap phak ia u mali,
4581,Phalang,to reflect,Verb,,
4582,Phalang,to rebound,Verb,,
4583,Phaliep,slightly inclined,Adjective,,
4584,Phaliep,slightly cut,Adjective,,
4585,Phaloh,to splash over,Verb,,
4586,Phaloh,to spurt,Verb,,
4587,Phaloh,to spill,Verb,,
4588,Phalor,gate,Noun,,
4589,Phalup,to beat with a big stick,Verb,,
4590,Phalup,to hew out roughly,Verb,,
4591,Phan,potato,Noun,,
4592,Phan,household god,Noun,,
4593,Phanang,to fling a stick by holding one end,Verb,,
4594,Phan-karo,white-rind sweet potato,Noun,,
4595,Phan-ew,one who has no fixed opinion of his own,Noun,,
4596,Phan-longsyiem,household deity of a Syiem,Noun,,
4597,Phan-longspah,household god believed to bring wealth,Noun,,
4598,Phan-mluh,sweet potato with dark prickly rind,Noun,,
4599,Phan-mongor,common round potato,Noun,,
4600,Phan-sai,potatoes growing from small leftover tubers after harvest,Noun,,
4601,Phan-sop,sweet potato,Noun,,
4602,Phan-sop,yam-like potato,Noun,,
4603,Phan-thli,potato vine,Noun,,
4604,Phang,to divide,Verb,,
4605,Phang,to apportion,Verb,,
4606,Phang-bynta,to allot a share,Verb,,
4607,Phang-dor,to fix a price,Verb,,
4608,Phang-lang,to divide equally,Verb,,
4609,Phang-noh,to distribute,Verb,,
4610,Phang-ri,territorial division,Noun,,
4611,Phang-shnong,village division,Noun,,
4612,Phang-um,water channel,Noun,,
4613,Phap,to strike with the open hand,Verb,,
4614,Phap,to slap,Verb,,
4615,Phap-phap,slapping sound,Noun,,
4616,Phar,to fly,Verb,,
4617,Phar,to spring away,Verb,,
4618,Phar-ba-phar,scattered in every direction,Adverb,,
4619,Phar-khlaw,jungle fowl,Noun,,
4620,Phar-lum,hill bird,Noun,,
4621,Phari,ferry,Noun,,
4622,Phari,crossing place,Noun,,
4623,Pharkhat,to imagine,Verb,,
4624,Pharkhat,to suppose,Verb,,
4625,Pharla,to spread out,Verb,,
4626,Pharla,to expand,Verb,,
4627,Pharshi,Persian,Noun,,
4628,Pharshi,Persian language,Noun,,
4629,Phat,to burst,Verb,,
4630,Phat,to explode,Verb,,
4631,Phat paidbah,to become publicly known,Verb,,
4632,Phat shnong,to spread through a village,Verb,,
4633,Phat-lut,completely burst,Adjective,,
4634,Phat-phret,shattered,Adjective,,
4635,Phat-ryngkew,burst in the open,Verb,,
4636,Phat-syndon,burst completely,Verb,,
4637,Phe,to change,Verb,,
4638,Phe,to turn into,Verb,,
4639,Phe paidbah,public change,Noun,,
4640,Phe shnong,change of village,Noun,,
4641,Phe-ri,migration,Noun,,
4642,Phe-mut,to change one's mind,Verb,,
4643,Phe-rong,to change colour,Verb,,
4644,Phe-kti,to change hands,Verb,,
4645,Phe-noh,to change away,Verb,,
4646,Phe-phai,to turn back,Verb,,
4647,Phe-shiliang,to turn sideways,Verb,,
4648,Phe-lyngba,to change over,Verb,,
4649,Phe-suk,to become calm,Verb,,
4650,Phe-eh,to become difficult,Verb,,
4651,Phei,to slip,Verb,,
4652,Phei,to glide,Verb,,
4653,Phei paidbah,public change,Noun,,
4654,Phei shnong,transfer to another village,Noun,,
4655,Phei ri,migration,Noun,,
4656,Phei mut,to change one's mind,Verb,,
4657,Phei rong,to change colour,Verb,,
4658,Phei noh,to move away,Verb,,
4659,Phei phai,to turn back,Verb,,
4660,Phei syndon,to change completely,Verb,,
4661,Phek,to throw,Verb,,
4662,Phek,to cast,Verb,,
4663,Phek shnong,to throw into the village,Verb,,
4664,Phek ri,to throw across the country,Verb,,
4665,Phek paidbah,to throw before the public,Verb,,
4666,Phek maw,to throw a stone,Verb,,
4667,Phek um,to throw into water,Verb,,
4668,Phek noh,to throw away,Verb,,
4669,Phek phai,to throw back,Verb,,
4670,Phek syndon,to throw away completely,Verb,,
4671,Phem,to swell,Verb,,
4672,Phem,swollen,Adjective,,
4673,Phem shnong,swelling in the village,Noun,,
4674,Phem paidbah,public swelling,Noun,,
4675,Phem briew,swelling of the body,Noun,,
4676,Phem doh,swelling of the flesh,Noun,,
4677,Phem khlieh,swelling of the head,Noun,,
4678,Phem kjat,swelling of the foot,Noun,,
4679,Phem kti,swelling of the hand,Noun,,
4680,Phem met,bodily swelling,Noun,,
4681,Phen,to borrow,Verb,,
4682,Phen,loan,Noun,,
4683,Phen pisa,to borrow money,Verb,,
4684,Phen shnong,village loan,Noun,,
4685,Phen paidbah,public loan,Noun,,
4686,Phen bynta,borrowed share,Noun,,
4687,Phen noh,to lend away,Verb,,
4688,Phen phai,to borrow back,Verb,,
4689,Phen pat,to borrow again,Verb,,
4690,Phen suk,easy loan,Noun,,
4691,Pher,to be different,Verb,,
4692,Pher,different,Adjective,,
4693,Pher bynta,distinction,Noun,,
4694,Pher jait,difference in kind,Noun,,
4695,Pher shnong,from another village,Adjective,,
4696,Pher ri,foreign,Adjective,,
4697,Pher paidbah,publicly different,Adjective,,
4698,Pher noh,to separate,Verb,,
4699,Pher phai,to return separately,Verb,,
4700,Pher syndon,to separate completely,Verb,,
4701,Pher,brilliantly,Adverb,Also used as an intensifier,
4702,Pher,very,Adverb,e.g. ka bneng ka la shai bha pher,
4703,Phet,to run,Verb,,
4704,Phet-kiri,alum,Noun,Hindi loanword,
4705,Phet-iap,to fly for life,Verb,,
4706,Phet-iap,to flee for one's life,Verb,,
4707,Phet-lyndet,to go away without taking leave,Verb,,
4708,Phet-thong,to run a race,Verb,,
4709,Phew,ten,Numeral,"Used in compounds (e.g. shiphew = 10, arphew = 20)",
4710,Phewse,to my surprise,Adverb,,
4711,Phngain,clear,Adjective,Not misty,
4712,Phngar,extremely,Adverb,Intensifier,
4713,Phngit,flying cinders,Noun,,
4714,Phngit,small floating particles,Noun,,
4715,Phngoit,to peep so that only the head is visible,Verb,,
4716,Phnguid,to eat gluttonously,Verb,,
4717,Phi,you,Pronoun,Second person,
4718,Phiak,exactly at the centre,Adverb,At the part aimed at,
4719,Phiang,brass plate,Noun,,
4720,Phiang-phiang,greenish bird with a crest,Noun,,
4721,Phiang-phiang,to arrange and tie grass into bundles for roofing,Verb,,
4722,Phiangshai,porcelain plate,Noun,,
4723,Phiah,to split,Verb,,
4724,Phiah,to cleave,Verb,,
4725,Phiah bynta,to divide into parts,Verb,,
4726,Phiah paidbah,public division,Noun,,
4727,Phiah shnong,division of a village,Noun,,
4728,Phiah ri,partition of a country,Noun,,
4729,Phiah noh,to split apart,Verb,,
4730,Phiah syndon,to split completely,Verb,,
4731,Phiep,to be level,Verb,,
4732,Phiep,even,Adjective,,
4733,Phiep,smooth,Adjective,,
4734,Phieng,to lean,Verb,,
4735,Phieng,to incline,Verb,,
4736,Phieng,slanting,Adjective,,
4737,Phik,to crumble,Verb,,
4738,Phik,to break into small pieces,Verb,,
4739,Phil,to return,Verb,,
4740,Phil,to come back,Verb,,
4741,Phil shnong,to return to the village,Verb,,
4742,Phil ri,to return to one's country,Verb,,
4743,Phil noh,to return again,Verb,,
4744,Phil pat,to return once more,Verb,,
4745,Phil paidbah,public return,Noun,,
4746,Phim,to fit,Verb,,
4747,Phim,suitable,Adjective,,
4748,Phim bynta,suitable share,Noun,,
4749,Phim shnong,suitable for the village,Adjective,,
4750,Phim ri,suitable for the country,Adjective,,
4752,Phinlah,you will be able,Phrase,,
4753,Phir,to turn around,Verb,,
4754,Phir,to revolve,Verb,,
4755,Phir paidbah,public turning,Noun,,
4756,Phir shnong,village circuit,Noun,,
4757,Phit,to press tightly,Verb,,
4758,Phit,to compress,Verb,,
4759,Phit-phit,tightly,Adverb,,
4760,Phit-phit,closely packed,Adverb,,
4761,Phoh,to peel,Verb,,
4762,Phoh,to shell,Verb,,
4763,Phoh soh,to peel fruit,Verb,,
4764,Phoh paidbah,public stripping,Noun,,
4765,Phoh shnong,to strip a village,Verb,,
4766,Phon,to call,Verb,,
4767,Phon,to summon,Verb,,
4768,Phong,to cover,Verb,,
4769,Phong,to wrap,Verb,,
4770,Phong shnong,to cover the village,Verb,,
4771,Phong ri,to cover the country,Verb,,
4772,Phong paidbah,public covering,Noun,,
4773,Phong noh,to cover completely,Verb,,
4774,Phong syndon,to wrap up entirely,Verb,,
4775,Phor,to bore,Verb,,
4776,Phor,to drill,Verb,,
4777,Phor maw,to drill stone,Verb,,
4778,Phor dieng,to bore wood,Verb,,
4779,Phor shnong,to drill through,Verb,,
4780,Phot,to photograph,Verb,Modern loanword,
4781,Phot,cutting,Adjective,,
4782,Phot,sharp,Adjective,,
4783,Phot,to get an intertrigo,Verb,,
4784,Phra,eight,Numeral,,
4785,Phrak-phrak,straightforwardly,Adverb,"e.g. an honest, frank person",
4786,Phrang,front,Noun,,
4787,Phrang,to temper iron,Verb,,
4788,Phrang,to test,Verb,,
4789,Phrangsngi,beginning,Noun,,
4790,Phrangsngi,the first,Noun,,
4791,Phrah,plaited bamboo work,Noun,,
4792,Phrah,to obstruct a doorway with cross-sticks,Verb,,
4793,Phreit,small migratory bird destructive to paddy and maize,Noun,,
4794,Phret,to be broken into pieces,Verb,,
4795,Phret,to be crushed into powder,Verb,,
4796,Phrew,to play with a small bundle of sticks,Verb,,
4797,Phrew,scattered in all directions,Adverb,,
4798,Phria,hailstone,Noun,,
4799,Phriang,to spread out,Verb,,
4800,Phriang,to scatter,Verb,,
4801,Phrieh,to feel nervous,Verb,,
4802,Phrieh,to feel feverish,Verb,,
4803,Phrod,foppish,Adjective,,
4804,Phrong,fat left after oil has been extracted by frying,Noun,,
4805,Phroh,to feed (as a mother bird feeds its young),Verb,,
4806,Phroh-jyndem,hoopoe,Noun,,
4807,Phroi,to crush into powder,Verb,,
4808,Phroi,to sprinkle,Verb,,
4809,Phrung,to push in,Verb,,
4810,Phrung,to enter,Verb,,
4811,Phrung,to insert,Verb,,
4812,Phud,bed of a stream,Noun,,
4813,Phud,mountain gorge,Noun,,
4814,Phud,gannet,Noun,,
4815,Phuh,to blossom,Verb,,
4816,Phuh,to appear cheerful,Verb,,
4817,Phuhmat,to appear cheerful,Verb,,
4818,Phuhsamrkhie,to smile,Verb,,
4819,Phui,let bad luck attend you!,Interjection,Imperative expression,
4820,Phu-iong,soot (especially in cooking vessels),Noun,,
4821,Phuit,to whistle,Verb,,
4822,Phuit,to hiss,Verb,,
4823,Phuit-phuit,whistling sound,Noun,,
4824,Phuk,to strike with the fist,Verb,,
4825,Phuk,to punch,Verb,,
4826,Phuk-phuk,sound of repeated blows,Noun,,
4827,Phum,to heap up,Verb,,
4828,Phum,to pile together,Verb,,
4829,Phum,mound,Noun,,
4830,Phung,to join,Verb,,
4831,Phung,to unite,Verb,,
4832,Phunglang,to unite together,Verb,,
4833,Phungnoh,to join on,Verb,,
4834,Phur,to blow,Verb,,
4835,Phur,to puff,Verb,,
4836,Phur shnong,to blow through a village,Verb,,
4837,Phur um,to blow across water,Verb,,
4838,Phur paidbah,to spread by blowing,Verb,,
4839,Phut,to break open,Verb,,
4840,Phut,to split apart,Verb,,
4841,Phut-phut,bursting sound,Noun,,
4842,Phyllaw,courtyard,Noun,,
4843,Phyllaw,open yard,Noun,,
4844,Phylleng,wide open,Adjective,,
4845,Phylleng,spacious,Adjective,,
4846,Phylli,leaf,Noun,,
4847,Phylli dieng,tree leaf,Noun,,
4848,Phylli sla,foliage,Noun,,
4849,Phyllong,cavity,Noun,,
4850,Phyllong,hollow,Noun,,
4851,Phyllung,valley,Noun,,
4852,Phyllung,depression in the ground,Noun,,
4853,Phyndap,to fill,Verb,,
4854,Phyndap,to make full,Verb,,
4855,Phyndep,to complete,Verb,,
4856,Phyndep,to accomplish,Verb,,
4857,Phynduh,to meet,Verb,,
4858,Phynduh,to encounter,Verb,,
4859,Phyndung,to gather together,Verb,,
4860,Phyndung,to assemble,Verb,,
4861,Phyndunglang,to assemble together,Verb,,
4862,Phyndung paidbah,public gathering,Noun,,
4863,Phyndung shnong,village gathering,Noun,,
4864,Phyndut,to collect,Verb,,
4865,Phyndut,to gather up,Verb,,
4866,Phyni,to show,Verb,,
4867,Phyni,to point out,Verb,,
4868,Phynlong,to make,Verb,,
4869,Phynlong,to cause to become,Verb,,
4870,Phynneh,to preserve,Verb,,
4871,Phynniaw,to reduce to powder,Verb,,
4872,Phynniaw,to pulverize,Verb,,
4873,Phynñiang,to make small,Verb,,
4874,Phynñiang,to diminish,Verb,,
4875,Phynried,to cool,Verb,,
4876,Phynried,to refresh,Verb,,
4877,Phynroi,to enlarge,Verb,,
4878,Phynroi,to develop,Verb,,
4879,Phynsleh,to mix together,Verb,,
4880,Phynsleh,to mingle,Verb,,
4881,Phyntam,to complete,Verb,,
4882,Phyntam,to finish,Verb,,
4883,Phyntip,to inform,Verb,,
4884,Phyntip,to notify,Verb,,
4885,Phyntip paidbah,public notice,Noun,,
4886,Phyntip shnong,village notice,Noun,,
4887,Phynwandur,to transform,Verb,,
4888,Phynwandur,to change appearance,Verb,,
4889,Phyrnai,moonlight,Noun,,
4890,Phyrnai,bright moon,Noun,,
4891,Phyrngap,to listen attentively,Verb,,
4892,Phyrngap,to pay close attention,Verb,,
4893,Phyrngop,to be deceived,Verb,,
4894,Phyrngop,to be trapped,Verb,,
4895,Phyrnguh,to bow,Verb,,
4896,Phyrnguh,to submit,Verb,,
4897,Phyrnguh,obedient,Adjective,,
4898,Phyrshit,cool,Adjective,,
4899,Phyrthuh,to understand clearly,Verb,,
4900,Phyrthuh,to comprehend,Verb,,
4901,Pi,to draw water by dipping a small vessel into it,Verb,,
4902,Pia,heavily,Adverb,More than enough (to eat or carry),
4903,Piada,peon,Noun,Hindi loanword,
4904,Piala,porcelain cup,Noun,Tea cup; Hindi loanword,
4905,Piam,to embrace,Verb,,
4906,Piam,to clasp,Verb,,
4907,Pi-an,short and stout,Adjective,,
4908,Piang,to spread out,Verb,,
4909,Piang,to lay open,Verb,,
4910,Piang-piang,spread widely,Adverb,,
4911,Piar,to become broad,Verb,,
4912,Piar,wide,Adjective,,
4913,Piat,to flatten,Verb,,
4914,Piat,flat,Adjective,,
4915,Pieh,to split,Verb,,
4916,Pieh,to crack,Verb,,
4917,Pien,to fill,Verb,,
4918,Pien,to make full,Verb,,
4919,Pier,to fly,Verb,,
4920,Pier,to soar,Verb,,
4921,Piet,to uproot,Verb,,
4922,Piet,to pull out,Verb,,
4923,Pik,to pinch,Verb,,
4924,Pik,to nip,Verb,,
4925,Pil,to roll,Verb,,
4926,Pil,to wind,Verb,,
4927,Pim,to press,Verb,,
4928,Pim,to squeeze,Verb,,
4929,Pin,to ask,Verb,,
4930,Pin,to request,Verb,,
4931,Ping,to be finished,Verb,,
4932,Ping,complete,Adjective,,
4933,Pip,to drip,Verb,,
4934,Pip,to drop,Verb,,
4935,Pir,to twist,Verb,,
4936,Pir,to wind round,Verb,,
4937,Pis,to rub,Verb,,
4938,Pis,to polish,Verb,,
4939,Pisa,money,Noun,,
4940,Pisa,cash,Noun,,
4941,Pit,to cover,Verb,,
4942,Pit,to close,Verb,,
4943,Pit shnong,to close a village,Verb,,
4944,Pit ri,to close a country,Verb,,
4945,Pit paidbah,public closure,Noun,,
4946,Pit noh,to shut completely,Verb,,
4947,Pit syndon,to seal up,Verb,,
4948,Piu,to whistle softly,Verb,,
4949,Piu-piu,whistling sound,Noun,,
4950,Piw,to squeeze out,Verb,,
4951,Piw,to squeeze out,Verb,,
4952,Piw,to wring,Verb,,
4953,Piw paidbah,to squeeze out publicly,Verb,,
4954,Piw shnong,to wring out,Verb,,
4955,Piw um,to squeeze out water,Verb,,
4956,Piw noh,to wring dry,Verb,,
4957,Piw syndon,to squeeze completely dry,Verb,,
4958,Pli,to bend,Verb,,
4959,Pli,to fold,Verb,,
4960,Pliah,to split open,Verb,,
4961,Pliah,to cleave,Verb,,
4962,Pling,to flash,Verb,,
4963,Pling,to shine suddenly,Verb,,
4964,Plit,to become thin,Verb,,
4965,Plit,thin,Adjective,,
4966,Pluh,to blaze,Verb,,
4967,Pluh,to burn brightly,Verb,,
4968,Plung,to sink,Verb,,
4969,Plung,to dive,Verb,,
4970,Po,to be enough,Verb,,
4971,Po,sufficient,Adjective,,
4972,Po bynta,sufficient share,Noun,,
4973,Po paidbah,public sufficiency,Noun,,
4974,Po shnong,enough for the village,Adjective,,
4975,Poh,belly,Noun,,
4976,Poh,stomach,Noun,,
4977,Poh,inside,Noun,,
4978,Poh shnong,interior of the village,Noun,,
4979,Poh ri,interior of the country,Noun,,
4980,Poh khyndew,underground,Noun,,
4981,Poh um,underwater,Adverb,,
4982,Poh jingïing,inside the house,Adverb,,
4983,Poh dohnud,heart,Noun,"Literally ""inside the chest""",
4984,Poh pyrkhat,inner thought,Noun,,
4985,Poh shnong paidbah,interior community,Noun,,
4986,Poi,to arrive,Verb,,
4987,Poi,to reach,Verb,,
4988,Poi shnong,to arrive at a village,Verb,,
4989,Poi ri,to arrive in a country,Verb,,
4990,Poi sha,to reach to,Verb,,
4991,Poi noh,to arrive completely,Verb,,
4992,Poi syndon,to arrive altogether,Verb,,
4993,Poi bynta,to attain one's share,Verb,,
4994,Poi paidbah,to become public,Verb,,
4995,Poi por,the time has come,Phrase,,
4996,Poi jingïakut,to reach a conclusion,Verb,,
4997,Poi jingïasngewthuh,to reach an understanding,Verb,,
4998,Poi jingïatylli,to reach agreement,Verb,,
4999,Poi shnong paidbah,to reach the public,Verb,,
5000,Pok,to knock,Verb,,
5001,Pong,to bore,Verb,To make a hole,
5002,Pongka (khim),a child whose father is unknown,Noun,A bastard,
5003,Pongkdung,bulging out like a balloon,Adverb,e.g. a cloth swelling in the wind,
5004,Pongkhuh,like a big animal lying helpless,Adverb,,
5005,Pongkiang,crosswise,Adverb,,
5006,Pongkiang,breadth,Noun,Variant: pyngkiang,
5007,Pongpet,to come to nothing,Verb,,
5008,Pongpet,to fail,Verb,,
5009,Pongshai,side-door of a Khasi house,Noun,Also an aperture for letting in light,
5010,'Poh,abdomen,Noun,Abbreviation of kpoh,
5011,'Poh,belly,Noun,,
5012,Poh,low,Adjective,,
5013,Poh,less,Adjective,,
5014,Poh,short of,Adjective,,
5015,P'oh (or Pyoh),to be exposed to smoke or fire,Verb,,
5016,P'oh (or Pyoh),to smoke,Verb,,
5017,Pohbah,to be near delivery,Verb,Referring to pregnancy,
5018,Poh-ia,low or mean,Adjective,Used of actions,
5019,Poh-ia,weekday,Noun,,
5020,Pohjaid,low-caste,Adjective,,
5021,Pohjaid,low-born,Adjective,,
5022,Pohjat,sole of the foot,Noun,,
5023,Poh-rati,low-born,Adjective,,
5024,Pohsah,inwardly,Adverb,,
5025,Pohsah,within one's own mind,Adverb,,
5026,Poh-tit,armpit,Noun,,
5027,Poi,to reach,Verb,,
5028,Poi,to arrive at,Verb,,
5029,Poi-poi (kywet),easily crumbling,Adverb,e.g. old cloth mouldering easily,
5030,Poi-bnai,to menstruate,Verb,,
5031,Poi-kha,to marry,Verb,Imit. poikha-poiman,
5032,Poi-ktien,to get a word,Verb,,
5033,Poi-ktien,to get a reply,Verb,Imit. poiktien-poithylliej,
5034,Poit-poit (dih-),with successive little puffs of smoke,Adverb,,
5035,Poit-poit (dih-),with successive little puffs of water,Adverb,,
5036,Pom,to cut (with a daw),Verb,,
5037,Pom,to sever,Verb,,
5038,Pomblang-u-Dkhar,Durga Poojah,Noun,Hindu festival,
5039,Pomblang-u-Siem Nongkrem,annual festival of the Siem of Nongkrem,Noun,,
5040,Pom-pom,reduced to ashes,Adverb,,
5041,Pompyrthat,to be struck with lightning,Verb,,
5042,Pomtah,to cut slightly,Verb,Especially of trees,
5043,Pomtah,to tap (a tree),Verb,,
5044,Pomwait,to win in gambling,Verb,,
5045,Pop,sin,Noun,Same as pop,
5046,Pur,time,Noun,,
5047,Pur,period,Noun,,
5048,Pur,a small bird,Noun,,
5050,Prah,winnowing basket,Noun,,
5051,Prai,small and in large numbers,Adverb,Used collectively,
5052,Prait,to give way,Verb,,
5053,Prait,to be torn,Verb,As of an old garment,
5054,Pran,to venture,Verb,,
5055,Pran,to dare,Verb,,
5056,Pran,to be presumptuous,Verb,,
5057,Prat,to break through,Verb,,
5058,Prat,to cut grass,Verb,,
5059,Prek,nail,Noun,English loanword,
5060,Prem,like the sudden appearance of people standing in a group,Adverb,Also: prominently,
5061,Pret,to throw away,Verb,,
5062,Prew,small dry bamboo,Noun,,
5063,Prew,reed,Noun,,
5064,Prew,torch,Noun,,
5065,Prie,to vomit,Verb,,
5066,Prie-umksang,to vomit bile,Verb,,
5067,Pring,soot,Noun,,
5068,Pring,black,Adjective,,
5069,Prip,like a collection of small objects,Adverb,e.g. u jhur u la mih prip mynta,
5070,Prong,to break through a fence,Verb,Same as Prang,
5071,Prong,to break through a wall,Verb,,
5072,Proh,fork,Noun,,
5073,Proh,prong,Noun,,
5074,Proh-jingmut,intelligent,Adjective,,
5075,Proh-jingmut,sharp,Adjective,Figurative,
5076,Proi,tumour,Noun,,
5077,Proi,evil spirit believed to cause cancer,Noun,Especially in the sides or armpits,
5078,Pruh,cubit,Noun,Approximately 18 inches; traditional measure,
5079,Pruid,to draw a line,Verb,,
5080,Pruid,to scratch,Verb,,
5081,Prum,sore,Noun,,
5082,Prum,ulcer,Noun,,
5083,Prup-prap,simultaneously,Adverb,,
5084,Prup-prap,hurriedly,Adverb,,
5085,Prut,a species of grass,Noun,Much liked by cattle,
5086,Ptēj-ptēj,very adhesive,Adverb,,
5087,Pu,loaf,Noun,Abbreviation of kpu,
5088,Pu,ground rice,Noun,,
5089,Pu,cake,Noun,"Used in compounds like pukhlein, pumaloi, putharo",
5090,Puka,paddy bird,Noun,Egret,
5091,Pukir,fakir,Noun,Hindi loanword,
5092,Pukni,vulture,Noun,,
5093,Pukri,well,Noun,,
5094,Pud,boundary,Noun,,
5095,Pud,to omit,Verb,,
5096,Pud-pud,timid,Adjective,,
5097,Pudina,marsh mint,Noun,Hindi loanword,
5098,Pung,pool,Noun,,
5099,Pung,joint,Noun,,
5100,Pung-kjat,leg,Noun,"Literally ""leg joint""",
5101,Pung-kti,arm,Noun,"Literally ""arm joint""",
5102,Puh,to dig,Verb,,
5103,Puh,to peck,Verb,,
5104,Puh,to bite,Verb,,
5105,Puh-kylla,"to dig the garden with a hoe, turning the soil upside down",Verb,,
5106,Pui-pui,dust floating in the air,Noun,,
5107,Pui-pui,mist,Noun,,
5108,Puid,to rip open,Verb,,
5109,Puid,to lance,Verb,,
5110,Puid,to dissect,Verb,,
5111,Puid-puid,coward,Adjective,,
5112,Puit,grasshopper,Noun,,
5113,Puit-suwa,locust,Noun,,
5114,Pujer,ground rice distributed at the christening of a child,Noun,,
5115,Pule,to read,Verb,,
5116,Pulit,lock-up,Noun,Prison cell; also police lock-up,
5117,Pulit,private room,Noun,,
5118,Pulit,policeman,Noun,,
5119,Pulo,hen-coop,Noun,,
5120,Pulom,to come to nothing,Verb,,
5121,Pulom,to be fruitless,Verb,,
5122,Pum-pum,mist,Noun,,
5123,Pum-pum,dust floating in the air,Noun,,
5124,Pun,to pave,Verb,,
5125,Pun,to bridge over,Verb,,
5126,Pun,to gestate,Verb,,
5127,Pun,to conceive,Verb,,
5128,Pun,to be with child,Verb,,
5129,Pun-jingkieng,to throw a bridge across,Verb,,
5130,Pur,to creep,Verb,,
5131,Pur,to spread,Verb,,
5132,Pura,complete,Adjective,Hindi loanword,
5133,Pura,full,Adjective,Imit. pura-puri,
5134,Puramit,to league with,Verb,,
5135,Puramit,to hold secret consultations,Verb,,
5136,Puraw,to give in substitution,Verb,,
5137,Puraw,to give in compensation,Verb,,
5138,Puraw,to recoup,Verb,,
5139,Purew,dry pounded rice,Noun,,
5140,Pur-khnam,to feather an arrow,Verb,,
5141,Puri,fairy,Noun,,
5142,Puria,small dried fish,Noun,Imit. puria-purap,
5143,Puriskam,fable,Noun,,
5144,Puriskam,fiction,Noun,,
5145,Puron,one of the female Khasi deities representing the first maternal ancestress,Noun,,
5146,Pushara,whitewash,Noun,Hindi loanword,
5147,Pushara,to whitewash,Verb,,
5148,Pur-a-na,parwana,Noun,Official notice; Hindi loanword,
5149,Pur-a-na,notice,Noun,,
5150,Puson,to ponder,Verb,To muse; to appreciate,
5151,Put,to sound a wind instrument,Verb,,
5152,Put,yet,Adverb,Used with negative verbs in the past tense,
5153,Pute,to be thwarted in one's plan or project,Verb,,
5154,Pute,to end in nothing,Verb,,
5155,Putet,besides,Adverb,,
5156,Putet,at the same time,Adverb,,
5157,Pyngkat,not quite full or to the brim,Adjective,,
5158,Pyngkat,the name of the day on which Mynso Hat is held in the Jaintia Hills,Noun,,
5159,Pyngkhob,to fold,Verb,,
5160,Pyngkhob,to wrestle with,Verb,,
5161,Pyngklit (iaid-),to go by a roundabout way so as to avoid meeting,Verb,Imit. pyngklit-pyngklat,
5162,Pynkriang,to catch hold of one on the way,Verb,,
5163,Pyngngad,cool,Adjective,Refreshing,
5164,Pyngieng,perpendicularly,Adverb,Upright; same as pynieng,
5165,Pyiar,to stretch,Verb,,
5166,Pyiar,to open,Verb,,
5167,Pyiar,to extend,Verb,,
5168,Pyjah,cold,Adjective,Same as pjah,
5169,Pyjar,to strain,Verb,Same as pjar,
5170,Pyjar,to drain,Verb,,
5171,Pylla,pan of a pair of scales,Noun,,
5172,Pyllain (peit-),with prominent small eyes,Adverb,Staringly,
5173,Pyllait,to liberate,Verb,,
5174,Pyllait,to set free,Verb,,
5175,Pyllait-ktien,to break off the match,Verb,Engagement or marriage arrangement,
5176,Pyllait-ksuid,to let loose a fowl or other animal sacrificed to an evil spirit,Verb,,
5177,Pyllait-ksuid,to release a person from an agreement,Verb,,
5178,Pyn-ngat,to let a thing be caught in a spoon or net,Verb,,
5179,Pyn-ngat,to fell a tree,Verb,,
5180,Pynhiar,to let down,Verb,,
5181,Pynhiar,to let down,Verb,,
5182,Pynhiar,to have diarrhoea,Verb,,
5183,Pynhiar,to export,Verb,,
5184,Pynhiar-kput,to avenge,Verb,,
5185,Pynhiar-mynsiem,to breathe,Verb,,
5186,Pynhiar-synjat,to make a formal betrothal,Verb,,
5187,Pynidid,to manage,Verb,"Literally, ""to let a thing walk""",
5188,Pyn-iar,to extend,Verb,,
5189,Pyn-iar,to stretch,Verb,,
5190,Pyn-iar-ti,batten,Noun,,
5191,Pynieng,to make a thing stand up,Verb,,
5192,Pynieng,perpendicularly,Adverb,Followed by da,
5193,Pynjhieh,to wet,Verb,,
5194,Pynjhieh,to moisten,Verb,,
5195,Pynjhieh,to urinate,Verb,,
5196,Pynlah,not to give in or yield in argument,Verb,,
5197,Pynlah,to be headstrong,Verb,,
5198,Pynlah,to be obstinate,Verb,,
5199,Pynlah,to finish up,Verb,,
5200,Pynlat,to delay,Verb,,
5201,Pynlat,to procrastinate,Verb,,
5202,Pyn-ong,to inform,Verb,,
5203,Pyn-ong,to deliver a verbal message,Verb,,
5204,Pynphuh,to beautify,Verb,,
5205,Pynphuh,to make grand,Verb,"Literally ""to make a thing blossom""",
5206,Pynphong,to girdle,Verb,,
5207,Pynphong,to wrap a piece of cloth round the bust,Verb,,
5208,Pynryngkang-par,to banish,Verb,,
5209,Pynryngkang-par,to send into exile,Verb,,
5210,Pynryngkang-par,to deport,Verb,,
5211,Pynshad-khaw-iang,to speak as if intoxicated,Verb,,
5212,Pynshad-khaw-iang,to behave as if intoxicated with liquor,Verb,,
5213,Pynshadkhun,to dandle,Verb,,
5214,Pynshadsuloi,to have parade exercises,Verb,,
5215,Pynshadsuloi,to drill,Verb,,
5216,Pynshait,to be forward,Verb,,
5217,Pynshait,to be bold,Verb,,
5218,Pynshait-ka,arbitration,Noun,,
5219,Pynshait-ka,panchayat,Noun,,
5220,Pynshait-u,arbitrator,Noun,,
5221,Pynshok,State contribution,Noun,In the Khasi States,
5222,Pynshong,to make a reasonable settlement,Verb,,
5223,Pynshong,to give full measure,Verb,,
5224,Pynshoi,to tempt,Verb,,
5225,Pynshoi,to entice,Verb,,
5226,Pynshoi,to allure,Verb,Imitative: pynshoi-pynshad,
5227,Pyntha,level country,Noun,,
5228,Pynthame,to mesmerise,Verb,,
5229,Pynthame,to dazzle,Verb,,
5230,Pynthame,to enchant,Verb,,
5231,Pyntian,to put into the mouth,Verb,,
5232,Pyntip,to make known,Verb,,
5233,Pyntip,to inform,Verb,,
5234,Pyrkhat,to consider,Verb,,
5235,Pyrkhat,to think,Verb,Imitative: pyrkhat-pyrdain,
5236,Pyrkhing,tightly,Adverb,,
5237,Pyrkhing,strictly,Adverb,,
5238,Pyrkhung,to bend,Verb,,
5239,Pyrkhung,to arch,Verb,,
5240,Pyrda,curtain,Noun,Hangings,
5241,Pyrdet,behind,Adverb,,
5242,Pyrdóng (niam-),ceremony performed when reconciliation is brought about between two contending parties,Noun,,
5243,Pyrdung (at-),well-arched,Adjective,e.g. a cloth arched by the wind,
5244,Pyr-em,spring season,Noun,,
5245,Pyr-en,with a swollen belly,Adverb,,
5246,Pyrha,basket for measuring rice (containing about 4–7½ seers),Noun,,
5247,Pyrhut,breezy,Adjective,,
5248,Pyrhut,windy,Adjective,,
5249,Pyrhut,hungry,Adjective,,
5250,Pyrjah,to smack the lips as a sign of anger or appreciation of food,Verb,,
5251,Pyrmán (khmih-),from a distance,Adverb,,
5252,Pyrmán (khmih-),as a spectator,Adverb,,
5253,Pyrsa,nephew,Noun,,
5254,Pyrsa,niece,Noun,,
5255,Pyrsa,son-in-law,Noun,Local usage,
5256,Pyrsa,daughter-in-law,Noun,Local usage,
5257,Pyrsa-ksiew,grand-nephew,Noun,Mother's side,
5258,Pyrsa-ksiew,grand-niece,Noun,Mother's side,
5259,Pyrsat,to breathe,Verb,,
5260,Pyrsat,to blow,Verb,,
5261,Pyrshang,to attempt,Verb,,
5262,Pyrshang,to try,Verb,,
5263,Pyrshah,against,Preposition,,
5264,Pyrshah,opposite to,Preposition,,
5265,Pyrshen,pimple,Noun,,
5266,Pyrshen,stye,Noun,,
5267,Pyrshong (soh),kind of sour fruit,Noun,Assamese kamranga,
5268,Pyrsia,retail buying and selling,Verb,Imitative: pyrsia-pyrkat,
5269,Pyrsit,fine particles of broken rice or pulses,Noun,,
5270,Pyrsut,pair of bellows,Noun,,
5271,Pyrsut,to blow,Verb,Used of a pair of bellows,
5272,Pyrsut,to set air in current,Verb,,
5273,Pyrta,to cry out,Verb,,
5274,Pyrta,to call aloud,Verb,,
5275,Pyrta shnong,to cry round the village,Verb,,
5276,Pyrthat,thunder,Noun,,
5277,Pyrthat,clap of thunder,Noun,kaha tied u pyrthat,
5278,Pyrthei,the world,Noun,,
5279,Pyrthei,exceedingly,Adverb,"Phrase: ym don pyrthei = very, exceedingly",
5280,Pyrthiew,to come out,Verb,As an eruptive disease,
5281,Pyrthiew,to burst,Verb,Of roasted grain,
5282,Pyrthuh,to imitate,Verb,,
5283,Pyrton,regiment,Noun,English loanword,
5284,Pyrtung,bulgingly,Adverb,e.g. flesh bulging after a fish bite,
5285,Pyrtuh,domestic poojah of a Syiem,Noun,Same as pai'tuh,
5286,Pyrwa,to care,Verb,,
5287,Pyrwa,to be mindful of,Verb,,
5288,R,the sixteenth letter of the Khasi alphabet,Noun,,
5289,Rakaid,young,Adjective,Stunted growth,
5290,Rakaid,stunted,Adjective,,
5291,Rakep (bah-),awkwardly,Adverb,Carrying a big person on the back or clinging to another's back,
5292,Raked,in ragged or torn clothes,Adverb,,
5293,Raken,waddlingly,Adverb,,
5294,Rakhe,to observe,Verb,,
5295,Rakho,cowherd,Noun,One who tends cattle,
5296,Rakot,rakshasa,Noun,Hindi loanword,
5297,Rakot,voracious,Adjective,,
5298,Rakot,greedy,Adjective,,
5299,Raktui,shabbily,Adverb,,
5300,Raktai,shabbily,Adverb,Variant of Raktui,
5301,'Rad,animal,Noun,Abbreviation of mrad,
5302,'Rad,abbreviation of kynrad,Noun,,
5303,'Rad-bah,giant,Noun,,
5304,Radha,goose,Noun,Hindi loanword,
5305,Rang,to cease to rain,Verb,,
5306,Rang,to become fine,Verb,Said of the weather,
5307,rang,male,Adjective,Abbreviation of shynrang,
5308,Rangbah,man,Noun,,
5309,Rangbah,elder,Noun,,
5310,Rangbah,grown up,Adjective,,
5311,R'ang,with feet entangled in an elevated position,Adverb,Same as ryang,
5312,Rangai,with long dishevelled hair,Adverb,,
5313,Rangei,with long dishevelled hair,Adverb,Variant,
5314,Rangiep,with long dishevelled hair,Adverb,Variant,
5315,Rang-'iar-khad,sacrificial cock,Noun,,
5316,Rangli,poor lonely woman,Noun,,
5317,Rah,to lift,Verb,,
5318,Rah,to carry,Verb,,
5319,Rah-rong,to carry about as a show,Verb,,
5320,Rah-rong,to expose another's faults,Verb,"Also ""to calumniate""",
5321,Rai,to decide,Verb,,
5322,Rai,to pass orders,Verb,,
5323,'rai,millet,Noun,Abbreviation of krai,
5324,Raibi,hereditary taint,Noun,,
5325,Raikhoh,lean,Adjective,,
5326,Raikhoh,thin,Adjective,,
5327,Raiain,big and having much foliage,Adjective,Said of a tree,
5328,Rai-eh,waste land covered with thick jungle,Noun,Virgin soil,
5329,Raiep,like a fool clad in shabby clothes,Adverb,,
5330,Raid,stunted,Adjective,,
5331,Raid,dwarfish,Adjective,,
5332,Rain,self-respect,Noun,,
5333,Rain,honour,Noun,,
5334,"Raimaw-raidieng (her-, phet-)",wildly,Adverb,Anywhere and everywhere (run),
5335,Raiot,subject,Noun,Rayat; Hindi loanword,
5336,'Raishan,species of millet resembling grass,Noun,Bot. Paspalum sanguinale,
5337,Rai shilliang,to be partial in deciding a case,Verb,,
5338,Rai shilliang,ex parte judgment,Noun,,
5339,'Raisoh,Italian millet,Noun,Bot. Setaria italica,
5340,Raitong,poor lonely man,Noun,Imitative: raitong-rainot,
5341,'Raitruh,species of millet,Noun,Bot. Eleusine coracana,
5342,Raiup,with hair standing erect,Adverb,,
5343,Raiup,bristling,Adverb,,
5344,Ram,to dry in the sun,Verb,,
5345,Ram,to expose to the sun,Verb,,
5346,Raman,lively,Adjective,,
5347,Raman,active,Adjective,,
5348,Raman,brisk,Adjective,,
5349,Raman,cheerful,Adjective,,
5350,Raman,energetic,Adjective,,
5351,Raiup,with the hair standing erect,Adverb,,
5352,Raiup,bristling,Adverb,,
5353,Ram,to dry in the sun,Verb,,
5354,Ram,to expose to the sun,Verb,,
5355,Raman,lively,Adjective,,
5356,Raman,active,Adjective,,
5357,Raman,brisk,Adjective,,
5358,Raman,cheerful,Adjective,,
5359,Raman,energetic,Adjective,,
5360,Ram-iatylli,to dry together,Verb,,
5361,Ram-khlaw,to clear jungle by drying before burning,Verb,,
5362,Ram-lyngkha,to sun-dry paddy,Verb,,
5363,Ram-pynkhuid,to dry for preservation,Verb,,
5364,Ram shnong,to dry in the village,Verb,,
5365,Ram um,to dry after getting wet,Verb,,
5366,Ram-ram,thoroughly dried,Adjective,,
5367,Ramdor,drying charge,Noun,,
5368,Ramlang,to dry together in the sun,Verb,,
5369,Ramnoh,to put out to dry,Verb,,
5370,Ramphlang,hay,Noun,Sun-dried grass,
5371,Ramsaw,sun-dried meat,Noun,,
5372,Ramshrah,to spread out for drying,Verb,,
5373,Ramthiah,to lie in the sun,Verb,,
5374,Ramtynrai,to dry seed,Verb,,
5375,Ran,to run,Verb,,
5376,Ran,to race,Verb,,
5377,Ran-iap,to run for one's life,Verb,,
5378,Ran-kylleng,to run around,Verb,,
5379,Ran-lyngba,to run across,Verb,,
5380,Ran-noh,to run away,Verb,,
5381,Ran,to contract,Verb,,
5382,Ran,to shrivel,Verb,,
5383,Ran,to shrink,Verb,,
5384,Randa,plane,Noun,Carpenter's plane,
5385,Ranain,having plenty of foliage,Adverb,Said of a tree,
5386,Ranap,slope of a hill,Noun,,
5387,Rani,reward given to the discoverer of a lost article,Noun,,
5388,'Rap,to help,Verb,Abbreviation of iarap,
5389,'Rap,Khasi circular flat leaf umbrella,Noun,Abbreviation of trap,
5390,Rapiej,as if pressed with a heavy load on the back,Adverb,,
5391,Rashi,sickle,Noun,Hindi loanword,
5392,Rashing,slope,Noun,,
5393,Rashing,side of a precipice,Noun,,
5394,Rasong,great good fortune,Noun,,
5395,Rasong,goddess of good luck,Noun,,
5396,Rat,to uproot,Verb,Imitative: rat-thiew,
5397,Ratap,piece of plaited bamboo work used to protect the body from the impact of a load,Noun,,
5398,Rat-da,"conditional particle meaning ""might"" or ""possibly""",Particle,Used with yn or ym,
5399,Rati,small seed used for weighing gold and silver,Noun,Traditional weight,
5400,Rati,a very small quantity,Noun,,
5401,Rdong,in an arched position,Adverb,As a cat before springing,
5402,Red,fabulous sea monster,Noun,,
5403,Red,brave or daring fellow,Noun,,
5404,R'e,full,Adjective,e.g. full stomach,
5405,R'e,puffed up,Adjective,Said of the belly,
5406,R'eng,with projecting lips,Adverb,,
5407,R'eng-'mat,with protruding eyes,Adverb,,
5408,Reng,to become dry,Verb,,
5409,Reng,to dry up,Verb,,
5410,Reng,to wither,Verb,,
5411,Reng,horn,Noun,,
5412,Reng,antler,Noun,,
5413,Reng-ngap,cheek-bone,Noun,,
5414,Reng-'mat,eyebrow,Noun,,
5415,Rem,to be defeated,Verb,,
5416,Rem,to be guilty,Verb,,
5417,Rem,to be expensive,Verb,,
5418,Rem,to get offended,Verb,,
5419,Rem,dear,Adjective,Highly priced,
5420,Reit-shan,a very hard and durable wood used for posts,Noun,,
5421,Ren,sea-monster,Noun,,
5422,Rep,to cultivate,Verb,,
5423,Rep,to plant,Verb,Imitative: rep-riang,
5424,Rew,honeycomb,Noun,,
5425,Rew,brittle,Adjective,Said of wood only,
5426,Rew,weak,Adjective,Said of wood only,
5427,Rnga,charcoal,Noun,,
5428,Rngat,to be dried up,Verb,,
5429,Rngat,to evaporate,Verb,,
5430,Rngai (ha-),illusion,Noun,,
5431,Rngai (ha-),dream,Noun,,
5432,Rngain,holding fast,Adverb,Of a bite,
5433,Rngain-rngain (iong-),as black as coal,Adverb,,
5434,Rngaw,to cease raining for a time,Verb,,
5435,Rngiew,luck,Noun,,
5436,Rngiew,individuality,Noun,,
5437,Rngiew,essence of humanity,Noun,,
5438,Rngiew,spirit,Noun,Imitative: rngiew-rngang,
5439,Rhang,disappointed,Adjective,,
5440,Rheng,disappointed,Adjective,Variant of Rhang,
5441,Rhit,to become lean,Verb,,
5442,Rhit,to waste away,Verb,,
5443,Rhit,lean,Adjective,,
5444,Ri,country,Noun,,
5445,Ri,land,Noun,,
5446,Ri,region,Noun,,
5447,Ri,to rear,Verb,,
5448,Ri,to bring up,Verb,Said of children,
5449,Ri,to nourish,Verb,,
5450,Ri shnong,village land,Noun,,
5451,Ri lum,hill country,Noun,,
5452,Ri thor,plain country,Noun,,
5457,Ri paidbah,public land,Noun,,
5458,Ri shnong,village territory,Noun,,
5459,Ri kur,ancestral land,Noun,,
5460,Ri trai,native land,Noun,,
5461,Ri kynti,cultivated land,Noun,,
5462,Ri paidbah,common land,Noun,,
5463,Ri syiem,kingdom,Noun,,
5464,Ri raid,administrative territory,Noun,,
5465,Ri shnong paidbah,community land,Noun,,
5466,Ri-eh,uncultivated land,Noun,,
5467,Ri-kynti,cultivated field,Noun,,
5468,Ri-lum,hilly region,Noun,,
5469,Ri-thor,plain region,Noun,,
5470,Ri-tymmen,ancient land,Noun,,
5471,Ri-um,riverside country,Noun,,
5473,Ria,to split,Verb,,
5474,Ria,to crack,Verb,,
5475,Riah,to stretch oneself,Verb,,
5476,Riah,to yawn,Verb,,
5477,Riat,to scatter,Verb,,
5478,Riat,to spread abroad,Verb,,
5479,Ribit,a narrow ridge,Noun,,
5480,Ribit,narrow strip of land,Noun,,
5481,Richot,to shake,Verb,,
5482,Richot,to tremble,Verb,,
5483,Rid,to be finished,Verb,,
5484,Rid,to be exhausted,Verb,,
5485,Rid shnong,deserted village,Noun,,
5486,Rid ri,deserted country,Noun,,
5487,Rieh,to hide,Verb,,
5488,Rieh,to take shelter,Verb,,
5489,Rieh shnong,to take refuge in a village,Verb,,
5490,Rieh paidbah,to hide from the public,Verb,,
5491,Riem,field,Noun,,
5492,Riem,cultivated land,Noun,,
5493,Riem shnong,village field,Noun,,
5494,Riem kba,paddy field,Noun,,
5495,Rieng,to dry up,Verb,,
5496,Rieng,wither,Verb,,
5497,Riet,sand,Noun,,
5498,Riet,sandy ground,Noun,,
5499,Rif,to pull,Verb,,
5500,Rif,to drag,Verb,,
5501,Rih,to hide,Verb,,
5502,Rih,fever demon,Noun,,
5503,Rih,ague,Noun,,
5504,Rijied,post,Noun,Imitative: u rijied-u khnong,
5505,Rim,old,Adjective,,
5506,'Rimet,large species of rattan cane,Noun,Bot. Calamus,
5507,Rin,in a row,Adverb,,
5508,Rin,in a line,Adverb,e.g. ki briew ki ieng rin harud wah,
5509,'Riphin,very small species of rattan cane,Noun,,
5510,'Ri-raj,raj,Noun,Public land,
5511,Risa,to shout exultingly,Verb,,
5512,Risang,squirrel,Noun,,
5513,Risaw,October,Noun,,
5514,Risaw,small bamboo used for making arrows,Noun,,
5515,Rishot,chief post,Noun,,
5516,Rishot,pillar,Noun,,
5517,Rit,small,Adjective,,
5518,Riti,legal customs,Noun,,
5519,Riti,established customs,Noun,,
5520,Rit-jingmut,narrow-minded,Adjective,,
5522,Rmen,people living in the north of the Nongkhlaw Elaka,Noun,,
5523,Rmen,valleys,Noun,,
5524,Rmiang,margin,Noun,,
5525,Rmiang,rim,Noun,,
5526,Rmiang,border (of cloth),Noun,,
5527,Rmiang shyntur,lip,Noun,,
5528,Rmiew (um-),exudation from a wound or sore,Noun,Serum,
5529,Rniang,anvil,Noun,,
5530,Rnong,brass,Noun,,
5531,Rnong,bronze,Noun,,
5532,Rnuid,having grooves like a peeled orange,Adjective,,
5533,Rnuid,furrow,Noun,,
5534,Rnai,tough kind of bamboo used for making string,Noun,Same as mriai,
5535,Ro,mercury,Noun,,
5536,Rong,colour,Noun,,
5537,Rong,paint,Noun,,
5538,Rong,show,Noun,,
5539,Rong,display,Noun,,
5540,Rong,to carry between the teeth (as a cat carries a rat),Verb,To carry away,
5541,Rong-bthuh,grey colour,Noun,Mouldy grey colour,
5542,Rong-ka-tarasa,show,Noun,Display; tamasha,
5543,Rong-iong,black colour,Noun,,
5544,Rong-jugem,reddish-black colour,Noun,,
5545,Rong-jyrngam,green or blue colour,Noun,,
5546,Rong-jyrngum,blackish-green colour,Noun,,
5547,Rong-lieh,white colour,Noun,,
5548,Rong-pad,tinsel,Noun,Lead foil,
5549,Rongphong,showy,Adjective,Gay; ostentatious; having an appearance of sham,
5550,Rong-pyllun,heart,Noun,Card-playing suit,
5551,Rong-saw,red colour,Noun,,
5552,Rong-sawdong,diamond,Noun,Card-playing suit,
5553,Rong-shiria,club,Noun,Card-playing suit,
5554,Rong-stem,yellow colour,Noun,,
5555,Rong-tham,spade,Noun,Card-playing suit,
5556,Roi,to increase,Verb,,
5557,Roi,to make progress,Verb,,
5558,Roi-roi,full of holes,Adverb,Riddled with many small holes,
5559,Roit-roit,violently,Adverb,In quick succession,
5560,Ron,the least of all the deities worshipped by the Syntengs,Noun,,
5561,Ronsing,blowing horn,Noun,Trumpet,
5562,Rot,to desist,Verb,,
5563,Rot,to shrink from,Verb,,
5564,Rot,to object,Verb,See also throt,
5565,Rsham,all the necessary things spread on the ground when making a sacrifice,Noun,"Includes bottle-gourd, leaves, rice, sieve, etc.",
5566,Rshiang,a kind of sun-grass,Noun,,
5567,R-ta,age,Noun,Same as ryta or yrta,
5568,Rtan,fast,Adjective,Clinging firmly,
5569,Rtiang,oak tree,Noun,Quercus serrata,
5570,Rtin,tenaciously,Adverb,"Holding firmly, e.g. a kite gripping prey",
5571,Rudi,to sing,Verb,Same as rwai,
5572,Rubibar,Sunday,Noun,Hindi loanword,
5573,Rud,border,Noun,,
5574,Rud,side,Noun,,
5575,Leit rud,to relieve the bowels,Verb,Idiomatic expression,
5576,Rukom,manner,Noun,,
5577,Rukom,custom,Noun,,
5578,Rukom,way,Noun,,
5579,Rukom-rukom,of different kinds,Adverb,,
5580,Rung,to enter,Verb,,
5581,Rung-Balang,to enrol,Verb,To be admitted as a member of a church,
5582,Ruh,also,Adverb,,
5583,Ruh,cage,Noun,,
5584,Ruh,snare,Noun,,
5585,Rui,cotton,Noun,Hindi loanword,
5586,Ruid-dak,to draw a line,Verb,,
5587,Ruid-nur,to cut a drain,Verb,,
5588,Rui-rui,dirt suspended in water,Noun,,
5589,Rum,lower or hinder part,Noun,,
5590,Rum,south,Noun,,
5591,Ruma,to be delirious,Verb,,
5592,Ruma,to speak incoherently,Verb,Imitative: ruma-rutit,
5593,Rumar,pocket handkerchief,Noun,,
5594,Rumpei,the last room of a Khasi house next to the hearth,Noun,Where odds and ends are kept,
5595,Runar,criminal,Noun,See also riewnar,
5596,Rupa,silver,Noun,,
5597,Rupatylli,collar bone,Noun,,
5598,Rupatylli,silver necklace,Noun,,
5599,Rusni,firework,Noun,,
5600,Ruti,loaf,Noun,Hindi loanword,
5601,Rwai,to sing,Verb,,
5602,Rwai,song,Noun,,
5603,Rwai paidbah,public singing,Noun,,
5604,Rwai shnong,village song,Noun,,
5605,Rwai jingïaroh,hymn of praise,Noun,,
5606,Rwai paidbah,chorus,Noun,,
5607,Rwai lang,to sing together,Verb,,
5608,Rwai jingïaroh,to sing praises,Verb,,
5609,Rwai jingïaleh,war song,Noun,,
5610,Rwai jingïathuhkhana,narrative song,Noun,,
5611,Rwai sngi,daily song,Noun,,
5612,Rwai miet,evening song,Noun,,
5613,Rwai jingïaseng,church song,Noun,,
5614,Rwai paidbah shnong,community song,Noun,,
5615,Rwai jingrwai,melody,Noun,,
5616,Rwai sur,tune,Noun,,
5617,Rwai sur paidbah,public melody,Noun,,
5618,Rwih,to whistle,Verb,,
5619,Rwih,to hiss,Verb,,
5620,Rwih-rwih,whistling sound,Noun,,
5621,Rwip,to shine,Verb,,
5622,Rwip,to glitter,Verb,,
5623,Rwip-rwip,sparkling,Adjective,,
5624,Rwit,to tear,Verb,,
5625,Rwit,to rip,Verb,,
5626,Rwit paidbah,public tearing,Noun,,
5627,Rwit shnong,village tearing,Noun,,
5628,Rwit noh,to tear away,Verb,,
5629,Rwit syndon,to tear completely,Verb,,
5630,Ryngkat,together,Adverb,,
5631,Ryngkat,equal,Adjective,,
5632,Ryngkat lang,together with,Phrase,,
5633,Ryngkat paidbah,together publicly,Adverb,,
5634,Ryngkat shnong,together as a village,Adverb,,
5635,Ryngkat ri,together as a nation,Adverb,,
5636,Ryngkew,earth,Noun,,
5637,Ryngkew,ground,Noun,,
5638,Ryngkew paidbah,public land,Noun,,
5639,Ryngkew shnong,village ground,Noun,,
5640,Ryngkew-ri,land of a country,Noun,,
5641,Ryngkew-bah,world,Noun,,
5642,Ryngngat,to meet,Verb,,
5643,Ryngngat,to encounter,Verb,,
5644,Ryngngat paidbah,public meeting,Noun,,
5645,Ryngngat shnong,village meeting,Noun,,
5646,Ryngngat jingïakynduh,encounter,Noun,,
5647,Ryngthuh,to understand,Verb,,
5648,Ryngthuh,to comprehend,Verb,,
5649,Ryngthuh paidbah,public understanding,Noun,,
5650,Ryngthuh jingïakren,mutual understanding,Noun,,
5651,Rynguh,to be pleased,Verb,,
5652,Rynguh,to be delighted,Verb,,
5653,Rynguh,happiness,Noun,,
5654,Rynguh paidbah,public happiness,Noun,,
5655,Rynguh shnong,village happiness,Noun,,
5656,Rynguh mynsiem,joy of heart,Noun,,
5657,Ryngwiang,strange,Adjective,,
5658,Ryngwiang,uncommon,Adjective,,
5659,Ryngwiang paidbah,unusual among people,Adjective,,
5660,Ryngwiang shnong,strange in the village,Adjective,,
5661,Ryngkhat,to tie together,Verb,,
5662,Ryngkhat,to fasten,Verb,,
5663,Ryngkhat paidbah,collective bond,Noun,,
5664,Ryngkhat shnong,village agreement,Noun,,
5665,Ryngkhat jingïateh,binding agreement,Noun,,
5666,Ryngkhat,knot,Noun,,
5667,Ryngkew,ground,Noun,,
5668,Ryngkew,earth,Noun,,
5669,Ryngkew paidbah,common ground,Noun,,
5670,Ryngkew shnong,village land,Noun,,
5671,Ryngkew ri,country land,Noun,,
5672,Ryngkynmaw,to remember,Verb,,
5673,Ryngkynmaw,remembrance,Noun,,
5674,Ryngkynmaw paidbah,public memory,Noun,,
5675,Ryngkynmaw shnong,village remembrance,Noun,,
5676,Ryngkynmaw ïa,to recall,Verb,,
5677,Ryngkynmaw biang,to remember again,Verb,,
5678,Ryngkynmaw paidbah,collective memory,Noun,,
5679,Ryngkyrteng,to be famous,Verb,,
5680,Ryngkyrteng,renowned,Adjective,,
5681,Ryngkyrteng paidbah,publicly known,Adjective,,
5682,Ryngkyrteng shnong,famous in the village,Adjective,,
5683,Ryngkyrteng ri,famous in the country,Adjective,,
5684,Ryngkyrteng briew,famous person,Noun,,
5685,Ryngkyrteng jingïaleh,famous achievement,Noun,,
5686,Ryngkyrteng jinglong,reputation,Noun,,
5687,Ryngkyrteng kyrteng,good name,Noun,,
5688,Ryngkyrteng paidbah,public reputation,Noun,,
5689,Ryngkyrteng shnong,village reputation,Noun,,
5690,Ryngkyrteng ri,national reputation,Noun,,
5691,Ryngkyrteng jingïathuhkhana,legendary reputation,Noun,,
5692,Ryngkyrteng paidbah,widespread fame,Noun,,
5693,Ryngkyrteng jingïaroh,praise-worthy name,Noun,,
5694,Ryngkyrteng mynsiem,honour,Noun,,
5695,Ryngkyrteng burom,prestige,Noun,,
5696,Ryngkyrteng jingïaleh,achievement,Noun,,
5697,Ryngkyrteng jingïoh,recognition,Noun,,
5698,Ryngkyrteng jingïarap,remembered help,Noun,,
5699,Ryngkyrteng jingïatrei,remembered work,Noun,,
5700,Ryngkyrteng jingïadei,remembered relationship,Noun,,
5701,Ryngkyrteng,distinguished,Adjective,,
5702,Ryngkyrteng,notable,Adjective,,
5703,Ryngkyrteng,celebrated,Adjective,,
5704,Ryngkyrteng paidbah,publicly celebrated,Adjective,,
5705,Ryngkyrteng shnong,known in the village,Adjective,,
5706,Ryngkyrteng ri,known throughout the country,Adjective,,
5707,Ryngkyrteng briew,reputation of a person,Noun,,
5708,Ryngkyrteng kam,reputation for work,Noun,,
5709,Ryngkyrteng burom,honourable reputation,Noun,,
5710,Ryngkyrteng kyrteng,good name,Noun,,
5711,Ryngkyrteng jingïaleh,achievement,Noun,,
5712,Ryngkyrteng jingïarap,remembered assistance,Noun,,
5713,Ryngkyrteng jingïatrei,remembered service,Noun,,
5714,Ryngkyrteng jingïoh,recognition,Noun,,
5715,Ryngkyrteng jingïathuh,known story,Noun,,
5716,Ryngkyrteng jingïaroh,praise,Noun,,
5717,Ryngkyrteng jingïapher,distinction,Noun,,
5718,Ryngkyrteng jingïasnoh,famous connection,Noun,,
5719,Ryngkyrteng paidbah,public honour,Noun,,
5720,Ryngkyrteng shnong,village honour,Noun,,
5721,Ryngkyrteng ri,national honour,Noun,,
5722,Ryngkyrteng paidbah,widespread fame,Noun,,
5723,Ryngkyrteng jingïakren,spoken reputation,Noun,,
5724,Ryngkyrteng jingïathuhkhana,legendary fame,Noun,,
5725,Ryngkyrteng jingïohburom,honour received,Noun,,
5726,Ryngkyrteng jingïasnoh,respected association,Noun,,
5727,Ryngkyrteng jingïatreilang,recognised cooperation,Noun,,
5728,Ryngkyrteng jingïakhun,recognised struggle,Noun,,
5729,Ryngkyrteng jingïaleh paidbah,public achievement,Noun,,
5730,Ryngkyrteng jingïarap paidbah,public service,Noun,,
5731,Ryngkew,dry land (as opposed to water),Noun,,
5732,Ryngkew-u-Basa,village patron God,Noun,,
5733,Ryngngi,sunny side of a place,Noun,Opposite of dymmiew,
5734,Ryngkhai (ot-),closely; too near,Adverb,Used of cutting too close,
5735,Ryngkhat,accidentally; by chance,Adverb,,
5736,Ryngkhi (bud-),following very closely,Adverb,Said of children's ages,
5737,Ryngkhi,back of a knife or sword,Noun,,
5738,Ryngkhiang,dry; parched,Adjective,,
5739,Ryngkuh,"bending, but tall and big",Adverb,,
5740,Rynghang,widely open; ajar,Adverb,,
5742,Ryngmang-ryngmang,quite unexpectedly,Adverb,,
5743,Ryngwiang,fishing rod; small leafless bamboo,Noun,,
5744,Rymbai,Khasi bean,Noun,,
5745,Rymbai-ktung,species of bean,Noun,Bot. Glycine soja,
5746,Rymbai-ja,species of bean,Noun,Bot. Phaseolus calcaratus,
5747,Rymbain (shri-),with a wrinkled face,Adverb,,
5748,Rymmuin,beautifully (smiling),Adverb,,
5749,Rymphai (noh-),like flowing hair,Adverb,,
5750,Ryndang,neck; voice,Noun,Imitative: u ryndang-u tang,
5731,Ryngkew,dry land (as opposed to water),Noun,,
5732,Ryngkew-u-Basa,village patron God,Noun,,
5733,Ryngngi,sunny side of a place,Noun,Opposite of dymmiew,
5734,Ryngkhai (ot-),closely; too near,Adverb,Used of cutting too close,
5735,Ryngkhat,accidentally; by chance,Adverb,,
5736,Ryngkhi (bud-),following very closely,Adverb,Said of children's ages,
5737,Ryngkhi,back of a knife or sword,Noun,,
5738,Ryngkhiang,dry; parched,Adjective,,
5739,Ryngkuh,"bending, but tall and big",Adverb,,
5740,Rynghang,widely open; ajar,Adverb,,
5742,Ryngmang-ryngmang,quite unexpectedly,Adverb,,
5743,Ryngwiang,fishing rod; small leafless bamboo,Noun,,
5744,Rymbai,Khasi bean,Noun,,
5745,Rymbai-ktung,species of bean,Noun,Bot. Glycine soja,
5746,Rymbai-ja,species of bean,Noun,Bot. Phaseolus calcaratus,
5747,Rymbain (shri-),with a wrinkled face,Adverb,,
5748,Rymmuin,beautifully (smiling),Adverb,,
5749,Rymphai (noh-),like flowing hair,Adverb,,
5750,Ryndang,neck; voice,Noun,Imitative: u ryndang-u tang,
5768,Sah-daifimur,a form of punishment in the Khasi Penal Code by which a criminal is confined for life,Noun,,
5769,Saheb,a European,Noun,Hindi loanword; imitative form u saheb-u suba,
5770,Sahiaw,asthma; bronchial wheezing sound,Noun,,
5771,Sahit,firmament; sky,Noun,,
5772,Sah-jit,to remain unnoticed or rejected by all,Verb,,
5773,Sah-nang-ang,to be known as a tell-tale,Verb,Imitative form noted in dictionary,
5774,Sah-pud,to be omitted,Verb,,
5775,Sah-teng,what still remains to be done or completed,Noun,,
5776,Sah-ti,to sit,Verb,OCR unclear; entry appears as Sah'ti / Bati,
5777,Bahuh (leh-),lavishly; prodigally,Adverb,,
5778,'Sai,thread,Noun,Abbreviation of hsai,
5779,'Sai-kait,fibre of a plantain tree,Noun,,
5780,'Saikhum,rope for binding a criminal; bonds,Noun,Imitative: saikhum-saiteh,
5781,'Saikun,rope attached to a boat for drawing it along shallow water,Noun,,
5782,Said,to plead; to argue,Verb,,
5783,S'aid,warm,Adjective,Same as syaid,
5784,Said-ksan,to hold on in argument in spite of failure,Verb,,
5785,Said-ding,to warm near the fire,Verb,,
5786,Said-lah,to keep arguing in spite of failure; obstinately stupid,Verb,,
5787,Said-lwet,to gossip,Verb,,
5788,Said-sngi,to bask in the sun,Verb,Same as syaid-sngi,
5789,Said-thma,to debate; deliver a speech in a Khasi Darbar; to babble,Verb,Imitative: saidthma-saidktien,
5790,'Saihpñ,sun-hemp,Noun,OCR spelling uncertain,
5768,Sah-daifimur,a form of punishment in the Khasi Penal Code by which a criminal is confined for life,Noun,,
5769,Saheb,a European,Noun,Hindi loanword; imitative form u saheb-u suba,
5770,Sahiaw,asthma; bronchial wheezing sound,Noun,,
5771,Sahit,firmament; sky,Noun,,
5772,Sah-jit,to remain unnoticed or rejected by all,Verb,,
5773,Sah-nang-ang,to be known as a tell-tale,Verb,Imitative form noted in dictionary,
5774,Sah-pud,to be omitted,Verb,,
5775,Sah-teng,what still remains to be done or completed,Noun,,
5776,Sah-ti,to sit,Verb,OCR unclear; entry appears as Sah'ti / Bati,
5777,Bahuh (leh-),lavishly; prodigally,Adverb,,
5778,'Sai,thread,Noun,Abbreviation of hsai,
5779,'Sai-kait,fibre of a plantain tree,Noun,,
5780,'Saikhum,rope for binding a criminal; bonds,Noun,Imitative: saikhum-saiteh,
5781,'Saikun,rope attached to a boat for drawing it along shallow water,Noun,,
5782,Said,to plead; to argue,Verb,,
5783,S'aid,warm,Adjective,Same as syaid,
5784,Said-ksan,to hold on in argument in spite of failure,Verb,,
5785,Said-ding,to warm near the fire,Verb,,
5786,Said-lah,to keep arguing in spite of failure; obstinately stupid,Verb,,
5787,Said-lwet,to gossip,Verb,,
5788,Said-sngi,to bask in the sun,Verb,Same as syaid-sngi,
5789,Said-thma,to debate; deliver a speech in a Khasi Darbar; to babble,Verb,Imitative: saidthma-saidktien,
5790,'Saihpñ,sun-hemp,Noun,OCR spelling uncertain,
5791,'sailung,a jhumed piece of land recently allowed to run waste,Noun,,
5792,'sailum,raw cotton thread,Noun,,
5793,'saimuka,muga silk-thread,Noun,,
5794,Sain,to melt,Verb,,
5795,Sain,to smelt,Verb,,
5796,Sain,to burn a part of grass so as to clear a fire-line,Verb,,
5797,Sain,to please,Verb,,
5798,'sainalia,jute,Noun,Assamese: riha,
5799,'sai-nar,wire,Noun,Telegraph wire,
5800,Sain-lung,place recently reserved for the growth of trees,Noun,,
5801,'saipuid,finer kind of muga cloth,Noun,,
5802,'saipan,long purse worn round the waist,Noun,Waist-thread,
5803,'saiphareng,rolled English cotton-thread,Noun,,
5804,'saiphla,witness,Noun,A third person to whom a case is referred for confirmation,
5805,'sai-ryndia,eri-silk thread,Noun,,
5806,'sai-s'iang,fiddle-string having the highest pitch,Noun,,
5807,'sai-siej,bow string,Noun,,
5808,'saispur,cotton yarn,Noun,,
5809,'sai-stei,thread obtained from a fibrous plant called Villebrania integrifolia,Noun,,
5810,Sait,to wash,Verb,,
5811,Saitmet,offensive,Adjective,Used with sngew- or i-,
5812,'sai-tar,telegraph wire,Noun,,
5813,'sai-tluh,"very tough fibre obtained from the bark of the tree ""ka tluh""",Noun,,
5814,'sai-tyllai,rope,Noun,,
5815,'sai-woh,skein,Noun,,
5816,'sai-wul,wool,Noun,,
5817,Saja,punishment,Noun,Also: to punish (verb),
5818,Sala,cotton cloth,Noun,,
5819,Salia,disgusted; tired of; bothered,Adjective,Imitative: salia-salait,
5820,Salit,not in the body but from the side,Adverb,Example usage given in dictionary,
5821,Salit,chip,Noun,Imitative: salit-samong,
5822,Salu,red cotton cloth,Noun,,
5823,Sam,to divide,Verb,,
5824,Sam,to share,Verb,,
5825,Sam,to bore,Verb,,
5826,Sam,to pierce,Verb,,
5827,Sam,to feel inclined; to feel a desire,Verb,Prefix usage: sam-khyndew,
5828,S'am,to be peevish,Verb,Same as syam,
5829,S'am,to be sulky,Verb,,
5830,Sameh-blang,a kind of shrub having tough bark and milky juice,Noun,,
5831,Samep,woolly; thick with hair,Adjective,Example refers to thick hair,
5832,Samla,youth,Noun,,
5833,Samla,young person,Noun,,
5834,Samla-khynnah,young boy,Noun,,
5835,Samla-kynthai,young girl,Noun,,
5836,Samlang,unmarried young man,Noun,,
5837,Samla-samhoi,young people together,Noun,Imitative form noted,
5838,Sammut,funny; fanciful; exciting mirth,Adjective,,
5839,Samoi,season; time,Noun,,
5840,Samparat,a kind of palm-tree with plicated leaves,Noun,Usually grows on precipices,
5841,Samsam,bitter cold,Adverb,,
5842,Samsia,terrible-looking,Adjective,,
5843,Samtari,sentinel,Noun,,
5844,Samtawi,to have giddiness,Verb,With prefix shad-,
5845,Samuh,with a long beard,Adverb,,
5846,San,five,Numeral,Also: to grow up (verb),
5847,Sanad,sanad; appointment letter,Noun,Same as sunod,
5848,Santer,to grow up prematurely,Verb,Said of a person,
5849,Sani,to remand a case for retrial,Verb,,
5850,Sanium,place overgrown with grass,Noun,,
5851,Saniur,like a heap of tall grass,Adjective,,
5852,Sap,inherent quality,Noun,"Also: instinct, alloy, genius",
5853,Sap,alloy,Noun,,
5854,Sap,genius,Noun,,
5855,Hamsap,to take bribes,Verb,Compound with sap,
5856,Sapa,enough,Adjective,,
5857,Sapa,sufficient,Adjective,Usually used with ym,
5858,Saphriang,to spread,Verb,,
5859,Saphriang,to extend,Verb,,
5860,Saphret,scattered,Adjective,,
5861,Saphret,crumbs,Noun,Imitative: saphret-saphrong,
5862,Sapiet,splinter,Noun,,
5863,Sapiet,chip,Noun,Imitative: sapiet-sapai,
5864,Sapoh,rice mixed with yeast and fermented for making liquor,Noun,Malt,
5865,Sapra,to scatter,Verb,,
5866,Sar,to sweep,Verb,,
5867,Sar,serge,Noun,Kashmiri chadar,
5868,Sara,to raise seedlings for transplantation,Verb,,
5869,Sarang,to become rusty,Verb,,
5870,Sarang,rust,Noun,,
5871,Saraw,earthen saucer or plate,Noun,,
5872,Sarew (prum),scab of a sore,Noun,,
5873,Sarew (prum),scales,Noun,,
5874,Saro,bird of the starling family,Noun,,
5875,Sarong,proud,Adjective,,
5876,Sarong,kind of violin,Noun,,
5877,Sat,hot,Adjective,,
5878,Sat,acrid,Adjective,,
5879,Sat,pungent,Adjective,,
5880,Sat,sorely,Adverb,,
5881,Sat,trouble; calamity,Noun,Imitative: ka sat-ka jew,
5882,S'at,addicted to,Adjective,Much given to; same as syat,
5883,S'at,much given to,Adjective,Same as syat,
5884,Satap,space between strata of rocks,Noun,,
5885,Satap,crevice,Noun,,
5886,Satar,tough,Adjective,,
5887,Satar,tough flesh,Noun,ha doh satar,
5888,Sat-hyrsia,pungent,Adjective,,
5889,Sat-hyrsia,acrid,Adjective,,
5890,Sa-tdani,carefully,Adverb,,
5891,Sakhap,lean and stunted,Adjective,,
5892,Sakhi,witness; evidence,Noun,Imitative: sakhi-satar,
5893,Sakhiuh,to knock the head against,Verb,,
5894,Sakhiuh,to butt,Verb,,
5895,Sakhoit,itch caused by a parasite,Noun,,
5896,Sakhrai,to feel tired or stiff,Verb,,
5897,Sak'iah,hiccough,Noun,Same as saki'iah,
5898,Sakma,to go astray,Verb,,
5899,Sakor,wet sugar; unrefined sugar,Noun,,
5900,Sak-sak (laid-),straight on; precariously,Adverb,Used of walking or illness; without consideration or mercy,
5901,Saktiang,reaching down to the knee like a clergyman's coat,Adverb,,
5902,Saktiaw,like a poor little girl,Adverb,,
5903,Saktup,like a bull frog,Adverb,,
5904,Sakuda,notch or corn; hard swelling,Noun,,
5905,Sakudom-rai-eh,a thick-set fellow,Noun,,
5906,Sakyn,covered with long hair all over like a bear,Adverb,,
5907,Sad,ceiling,Noun,Also the goddess who takes care of the Syiem's clan,
5908,Sad,to comb,Verb,,
5909,Sad,house where the Syiem performs his poojah,Noun,,
5910,Sada,blank; plain,Adjective,,
5911,Sadai,earnest money,Noun,,
5912,Sadhai,at pleasure; at random,Adverb,,
5913,Sadom,to drag or beat,Verb,,
5914,Sador,tin,Noun,,
5915,Sang,incestuous; sacrilegious; forbidden; taboo,Adjective,,
5916,Sang,to roast; to toast,Verb,Same as syang,
5917,Sangam,part of the jungle thick with trees and wet,Noun,,
5918,Sangeh,to pause; to stop,Verb,,
5919,Sangeh,inwardly; secretly,Adverb,,
5920,Sangoh,to butt (the head),Verb,,
5921,Sangot,town crier; village policeman or petty official,Noun,,
5922,Sangrang,dear; very much,Adverb,"Also: hard, unrelenting",
5923,Sangsot,forbidden; piteous,Adjective,,
5924,Sah,to remain; to lag or stay behind,Verb,Also used as a suffix meaning continual repetition,
5925,Sah,to elbow; to strike,Verb,,
5926,Sahiaw,asthma; bronchial wheezing sound,Noun,,
5927,Sahit,firmament; sky,Noun,,
5928,Sah-jit,to remain unnoticed or rejected by all,Verb,,
5929,Sah-nang-ang,to be known as a tell-tale,Verb,Imitative form noted,
5930,Sah-pud,to be omitted,Verb,,
5931,Sah-teng,what still remains to be done or completed,Noun,,
5932,Sah'ti,to sit,Verb,OCR spelling uncertain in original scan,
5933,Bahuh (leh-),lavishly; prodigally,Adverb,,
5934,'Sai,thread,Noun,Abbreviation of hsai,
5935,'Sai-kait,fibre of a plantain tree,Noun,,
5936,'Saikhum,rope for binding a criminal; bonds,Noun,,
5937,'Saikun,rope attached to a boat for drawing it along shallow water,Noun,,
5938,Said,to plead; to argue,Verb,,
5939,S'aid,warm,Adjective,Same as syaid,
5940,Said-ksan,to hold on in argument despite failure,Verb,,
5941,Said-ding,to warm near the fire,Verb,,
5942,Said-lah,to keep arguing in spite of failure,Verb,,
5943,Said-lwet,to gossip,Verb,,
5944,Said-sngi,to bask in the sun,Verb,Same as syaid-sngi,
5945,Said-thma,to debate; deliver a speech; babble,Verb,,
5946,'Saihpn,sun-hemp,Noun,,
5947,'Sailung,jhumed piece of land recently allowed to run waste,Noun,,
5948,'Sailum,raw cotton thread,Noun,,
5949,'Saimuka,muga silk-thread,Noun,,
5950,Sain,to melt; to smelt,Verb,,
5951,Sain,to burn a part of grass so as to clear a fire-line,Verb,Also: to please,
5952,'Sainalia,jute,Noun,Assamese: riha,
5953,'Sai-nar,wire; telegraph wire,Noun,,
5954,Sain-lung,place recently reserved for the growth of trees,Noun,,
5955,'Saipfid,finer kind of muga cloth,Noun,OCR spelling uncertain in scan,
5956,'Saipan,long purse worn round the waist; waist-thread,Noun,,
5957,'Saiphareng,rolled English cotton-thread,Noun,,
5958,'Saiphla,witness; third person to whom a case is referred for confirmation,Noun,,
5959,'Sai-ryndia,eri-silk thread,Noun,,
5960,'Sai-s'iang,fiddle-string having the highest pitch,Noun,,
5961,'Sai-siej,bow string,Noun,,
5962,'Saispur,cotton yarn,Noun,,
5963,'Sai-stei,thread obtained from a fibrous plant (Villebrania integrifolia),Noun,,
5964,Sait,to wash,Verb,,
5965,Saitmet,offensive,Adjective,Used with sngew- or i-,
5966,'Sai-tar,telegraph wire,Noun,,
5967,'Sai-tluh,"very tough fibre obtained from bark of ""ka tluh"" tree",Noun,,
5968,'Sai-tyllai,rope,Noun,,
5969,'Sai-woh,skein,Noun,,
5970,'Sai-wul,wool,Noun,,
5971,Saja,punishment,Noun,Also verb: to punish,
5972,Sala,cotton cloth,Noun,,
5973,Salia,disgusted; tired of; bothered,Adjective,Imitative: salia-salait,
5974,Salit,not in the body but from the side,Adverb,,
5975,Salit,chip,Noun,Imitative: salit-samong,
5976,Salu,red cotton cloth,Noun,,
5977,Sam,to divide; to share,Verb,,
5978,Sam,to bore; to pierce,Verb,"Also prefix meaning ""to feel inclined/desire""",
5979,S'am,to be peevish; to be sulky,Verb,Same as syam,
5980,Sameh-blang,kind of shrub having tough bark and milky juice,Noun,,
5981,Samep,woolly; thick with hair,Adjective,,
5982,Samla,youth,Noun,,
5983,Samla,young person,Noun,,
5984,Samlang,unmarried young man,Noun,,
5985,Samla-samhoi,young people together,Noun,,
5986,Sammut,funny; fanciful; exciting mirth,Adjective,,
5987,Samoi,season; time,Noun,,
5988,Samparat,a kind of palm-tree with plicated leaves,Noun,Usually grows on precipices,
5989,Samsam,bitter cold,Adverb,,
5990,Samsia,terrible-looking,Adjective,,
5991,Samtari,sentinel,Noun,,
5992,Samtawi,to have giddiness,Verb,With prefix shad-,
5993,Samuh,with a long beard,Adverb,,
5994,San,five,Numeral,Also: to grow up,
5995,Sanad,sanad; appointment letter,Noun,Same as sunod,
5996,Santer,to grow up prematurely,Verb,,
5997,Sani,to remand a case for retrial,Verb,,
5998,Sanium,place overgrown with grass,Noun,,
5999,Saniur,like a heap of tall grass,Adjective,,
6000,Sap,inherent quality; instinct; alloy; genius,Noun,,
6001,Sapa,enough; sufficient,Adjective,Generally used with ym,
6002,Saphriang,to spread; to extend,Verb,,
6003,Saphret,scattered,Adjective,ki = crumbs; imitative form saphret-saphrong,
6004,Sapiet,splinter; chip,Noun,Imitative: ka sapiet ka sapai,
6005,Sapoh,rice mixed with yeast and fermented for making liquor,Noun,Malt,
6006,Sapra,to scatter,Verb,,
6007,Sar,to sweep,Verb,,
6008,Sar,serge; Kashmiri chadar,Noun,,
6009,Sara,to raise seedlings for transplantation,Verb,,
6010,Sarang,to become rusty,Verb,,
6011,Sarang,rust,Noun,,
6012,Saraw,earthen saucer or plate,Noun,,
6013,Sarew (prum),scab of a sore; scales,Noun,,
6014,Saro,bird of the starling family,Noun,,
6015,Sarong,proud,Adjective,,
6016,Sarong,kind of violin,Noun,,
6017,Sat,hot; acrid; pungent,Adjective,,
6018,Sat,sorely,Adverb,,
6019,Sat,trouble; calamity,Noun,Imitative: ka sat-ka jew,
6020,S'at,addicted to; much given to,Adjective,Same as syat,
6021,Satap,space between strata of rocks,Noun,,
6022,Satap,crevice,Noun,,
6023,Satar,tough,Adjective,,
6024,Satar,tough flesh,Noun,,
6025,Sat-hyrsia,pungent; acrid,Adjective,,
6026,Sa-tdani,carefully,Adverb,,
6027,Sakhap,lean and stunted,Adjective,,
6028,Sakhi,witness; evidence,Noun,Imitative: sakhi-satar,
6029,Sakhiuh,to knock the head against; to butt,Verb,,
6030,Sakhoit,itch caused by a parasite,Noun,,
6031,Sakhrai,to feel tired or stiff,Verb,,
6032,Sak'iah,hiccough,Noun,Same as saki'iah,
6033,Sakma,to go astray,Verb,,
6034,Sakor,wet sugar; unrefined sugar,Noun,,
6035,Sak-sak (laid-),straight on; precariously,Adverb,"Used for walking straight, illness, or without consideration/mercy",
6036,Saktiaw,reaching down to the knee like a clergyman's coat; like a poor little girl,Adverb,,
6037,Saktup,like a bull frog,Adverb,,
6038,Sakuda,notch or corn; hard swelling,Noun,,
6039,Sakudom-rai-eh,a thick-set fellow,Noun,,
6040,Sakyn,covered with long hair all over like a bear,Adverb,,
6041,Sad,ceiling; goddess who takes care of the Syiem's clan,Noun,Also verb: to comb,
6042,Sad,to comb,Verb,,
6043,Sada,blank; plain,Adjective,,
6044,Sadai,earnest money,Noun,,
6045,Sadhai,at pleasure; at random,Adverb,,
6046,Sadom,to drag or beat,Verb,,
6047,Sador,tin,Noun,,
6048,Sang,incestuous; sacrilegious; forbidden; taboo,Adjective,,
6049,Sang,to roast; to toast,Verb,Same as syang,
6050,Sangam,part of jungle thick with trees and wet,Noun,,
6051,Sangeh,to pause; to stop,Verb,,
6052,Sangeh,inwardly; secretly,Adverb,,
6053,Sangoh,to butt (the head),Verb,,
6054,Sangot,town crier; village policeman or petty official,Noun,,
6055,Sangrang,dear; very much,Adverb,Example: kane ka jain ka la rem sangrang eh,
6056,Sangrang,hard; unrelenting,Adjective,,
6057,Sangsot,forbidden; piteous,Adjective,,
6058,Sah,to remain; to lag or stay behind,Verb,,
6059,Sah,to elbow; to strike,Verb,,
6061,Saham,to yawn,Verb,,
6062,Saham,to warn; to hint at,Verb,,
6063,Sahkut,to be confined or kept in a place,Verb,,
6064,Sah-daifimur,form of punishment in Khasi Penal Code where a criminal is confined for life,Noun,,
6065,Saheb,European,Noun,Hindi loanword; imitative form saheb-suba,
6066,Sahiaw,asthma; bronchial wheezing sound,Noun,,
6067,Sahit,firmament; sky,Noun,,
6068,Sah-jit,to remain unnoticed or rejected by all,Verb,,
6069,Sah-nang-ang,to be known as a tell-tale,Verb,Imitative form noted,
6070,Sah-pud,to be omitted,Verb,,
6071,Sah-teng,what still remains to be done or completed,Noun,,
6072,Sah'ti,to sit,Verb,Original scan spelling unclear,
6073,Bahuh (leh-),lavishly; prodigally,Adverb,,
6074,'Sai,thread,Noun,Abbreviation of hsai,
6075,'Sai-kait,fibre of a plantain tree,Noun,,
6076,'Saikhum,rope for binding a criminal; bonds,Noun,Imitative: saikhum-saiteh,
6077,'Saikun,rope attached to a boat for drawing it along shallow water,Noun,,
6078,Said,to plead; to argue,Verb,,
6079,S'aid,warm,Adjective,Same as syaid,
6080,Said-ksan,to hold on in argument in spite of failure,Verb,,
6081,Said-ding,to warm near the fire,Verb,,
6082,Said-lah,to keep arguing in spite of failure; obstinately stupid,Verb,,
6083,Said-lwet,to gossip,Verb,,
6084,S'aid-sngi,to bask in the sun,Verb,Same as syaid-sngi,
6085,Said-thma,to debate; deliver a speech in a Khasi Darbar; to babble,Verb,Imitative: saidthma-saidktien,
6086,'Saihpn,sun-hemp,Noun,,
6087,'Sailung,jhumed piece of land recently allowed to run waste,Noun,,
6088,'Sailum,raw cotton thread,Noun,,
6089,'Saimuka,muga silk-thread,Noun,,
6090,Sain,to melt; to smelt,Verb,,
6091,Sain,to burn a part of grass to clear a fire-line; to please,Verb,,
6092,'Sai-nalia,jute; riha (Assamese),Noun,,
6093,'Sai-nar,wire; telegraph wire,Noun,,
6094,Sain-lung,place recently reserved for growth of trees,Noun,,
6095,'Saipfid,finer kind of muga cloth,Noun,OCR spelling uncertain,
6096,'Saipan,long purse worn round the waist; waist-thread,Noun,,
6097,'Saiphareng,rolled English cotton-thread,Noun,,
6098,'Saiphla,witness; third person to whom a case is referred for confirmation,Noun,,
6099,'Sai-ryndia,eri-silk thread,Noun,,
6100,'Sai-s'iang,fiddle-string having the highest pitch,Noun,,
6101,'Sai-siej,bow string,Noun,,
6102,'Saispur,cotton yarn,Noun,,
6103,'Sai-stei,thread obtained from a fibrous plant called Villebrania integrifolia,Noun,,
6104,Sait,to wash,Verb,,
6105,Saitmet,offensive,Adjective,Used with sngew- or i-,
6106,'Sai-tar,telegraph wire,Noun,,
6107,'Sai-tluh,"very tough fibre obtained from the bark of the tree ""ka tluh""",Noun,,
6108,'Sai-tyllai,rope,Noun,,
6109,'Sai-woh,skein,Noun,,
6110,'Sai-wul,wool,Noun,,
6111,Saja,punishment,Noun,Also verb: to punish,
6112,Sala,cotton cloth,Noun,,
6113,Salia,disgusted; tired of; bothered,Adjective,Imitative: salia-salait,
6114,Salit,not in the body but from the side,Adverb,,
6115,Salit,chip,Noun,Imitative: salit-samong,
6116,Salu,red cotton cloth,Noun,,
6117,Sam,to divide; to share,Verb,,
6118,Sam,to bore; to pierce,Verb,Also prefix: to feel inclined/desire,
6119,S'am,to be peevish; to be sulky,Verb,Same as syam,
6120,Sameh-blang,kind of shrub having tough bark and milky juice,Noun,,
6121,Samep,woolly; thick with hair,Adjective,,
6122,Samla,youth,Noun,,
6123,Samla,young person,Noun,,
6124,Samla-khynnah,young boy,Noun,,
6125,Samla-kynthai,young girl,Noun,,
6126,Samlang,unmarried young man,Noun,,
6127,Samla-samhoi,young people together,Noun,,
6128,Sammut,funny; fanciful; exciting mirth,Adjective,,
6129,Samoi,season; time,Noun,,
6130,Samparat,a kind of palm-tree with plicated leaves,Noun,,
6131,Samsam,bitter cold,Adverb,,
6132,Samsia,terrible-looking,Adjective,,
6133,Samtari,sentinel,Noun,,
6134,Samtawi,to have giddiness,Verb,,
6135,Samuh,with a long beard,Adverb,,
6136,San,five,Numeral,Also: to grow up,
6137,Sanad,sanad; appointment letter,Noun,Same as sunod,
6138,Santer,to grow up prematurely,Verb,,
6139,Sani,to remand a case for retrial,Verb,,
6140,Sanium,place overgrown with grass,Noun,,
6141,Saniur,like a heap of tall grass,Adjective,,
6142,Sap,inherent quality; instinct; alloy; genius,Noun,,
6143,Sap,alloy,Noun,,
6144,Sap,genius,Noun,,
6145,Bamsap,to take bribes; to commit secret faults,Verb,Compound entry,
6146,Hamsap,to take bribes,Verb,Compound form of sap,
6147,Sapa,enough; sufficient,Adjective,Generally used with ym,
6148,Saphriang,to spread; to extend,Verb,,
6149,Saphret,scattered,Adjective,Also: crumbs (ki),
6150,Sapiet,splinter; chip,Noun,Imitative: ka sapiet ka sapai,
6151,Sapoh,rice mixed with yeast and fermented for making liquor; malt,Noun,,
6152,Sapra,to scatter,Verb,,
6153,Sar,to sweep,Verb,,
6154,Sar,serge; Kashmiri chadar,Noun,,
6155,Sara,to raise seedlings for transplantation,Verb,,
6156,Sarang,to become rusty,Verb,,
6157,Sarang,rust,Noun,,
6158,Saraw,earthen saucer or plate,Noun,,
6159,Sarew (prum),scab of a sore; scales,Noun,,
6160,Saro,bird of the starling family,Noun,,
6161,Sarong,proud,Adjective,,
6162,Sarong,kind of violin,Noun,,
6163,Sat,hot; acrid; pungent,Adjective,,
6164,Sat,sorely,Adverb,,
6165,Sat,trouble; calamity,Noun,Imitative: ka sat-ka jew,
6166,S'at,addicted to; much given to,Adjective,Same as syat,
6167,Satap,space between strata of rocks; crevice,Noun,,
6168,Satar,tough,Adjective,ha doh satar = tough flesh,
6169,Sat-hyrsia,pungent; acrid,Adjective,,
6170,Sa-tdani,short and stout,Adjective,,
6173,Sa,sign of future tense showing contingency,Particle,Example: nga'n sa leit,
6174,Sa,used with past tense verbs,Particle,Example: u sa leit noh,
6175,Sa,in absence of another alternative,Particle,Example: accepting what is given because no other choice exists,
6176,Sab,cleanly,Adjective,Imitative: sab-suba,
6177,Sabiah,at all,Adverb,,
6178,Sabiah,rice cropped during the rainy season,Noun,,
6179,Sabniup,hairy; bushy,Adverb,Example refers to thick animal hair,
6180,Sabon,soap,Noun,,
6181,Sabuit,to corrupt a thing by enchantment or witchery,Verb,"Applied to edible things; ""evil eye""",
6182,Sabut,proof; clue,Noun,,
6183,Sak,straightway; straight ahead,Adverb,,
6184,Sakar,not closely; apart from one another,Adverb,,
6185,Sa-ka-said,very narrowly escaped,Adverb,,
6186,Sa-i-said,very narrowly escaped,Adverb,Variant form,
6187,Sab,cleanly,Adjective,Imitative: sab-suba,
6188,Sabiah,at all,Adverb,,
6189,Sabiah,rice cropped during the rainy season,Noun,,
6190,Sabniup,hairy; bushy,Adverb,,
6191,Sabon,soap,Noun,,
6192,Sabuit,to corrupt a thing by enchantment or witchery,Verb,"Applied to eatable things only; ""evil eye""",
6193,Sabut,proof; clue,Noun,,
6194,Sak,straightway; straight ahead,Adverb,,
6195,Sakar,not closely; apart from one another,Adverb,,
6196,Sa-ka-said,very narrowly escaped,Adverb,,
6197,Sa-i-said,very narrowly escaped,Adverb,,
6198,Sakhap,lean and stunted,Adjective,,
6199,Sakhi,witness; evidence,Noun,Imitative: sakhi-satar,
6200,Sakhiuh,to knock the head against; to butt,Verb,,
6201,Sakhoit,itch caused by a parasite,Noun,,
6202,Sakhrai,to feel tired or stiff,Verb,,
6203,Sak'iah,hiccough,Noun,Same as saki'iah,
6204,Sakma,to go astray,Verb,,
6205,Sakor,wet sugar; unrefined sugar,Noun,,
6206,Sak-sak (laid-),straight on; precariously,Adverb,"Walking straight, illness, without consideration or mercy",
6207,Saktiaw,reaching down to the knee like a clergyman's coat; like a poor little girl,Adverb,,
6208,Saktup,like a bull frog,Adverb,,
6209,Sakuda,notch or corn; hard swelling,Noun,,
6210,Sakudom-rai-eh,a thick-set fellow,Noun,,
6211,Sakyn,covered with long hair all over like a bear,Adverb,,
6212,Sad,ceiling; goddess who takes care of the Syiem's clan,Noun,,
6213,Sad,to comb,Verb,,
6214,Sada,blank; plain,Adjective,,
6215,Sadai,earnest money,Noun,,
6216,Sadhai,at pleasure; at random,Adverb,,
6217,Sadom,to drag or beat,Verb,,
6218,Sador,tin,Noun,,
6219,Sang,incestuous; sacrilegious; forbidden; taboo,Adjective,,
6220,Sang,to roast; to toast,Verb,Same as syang,
6221,Sangam,part of jungle thick with trees and wet,Noun,,
6222,Sangeh,to pause; to stop,Verb,,
6223,Sangeh,inwardly; secretly,Adverb,,
6224,Sangoh,to butt (the head),Verb,,
6225,Sangot,town crier; village policeman or petty official,Noun,,
6226,Sangrang,dear; very much,Adverb,,
6227,Sangrang,hard; unrelenting,Adjective,,
6228,Sangsot,forbidden; piteous,Adjective,,
6229,Sah,to remain; to lag or stay behind,Verb,,
6230,Sah,to elbow; to strike,Verb,,
6232,Saham,to yawn; to warn; to hint at,Verb,,
6233,Sahkut,to be confined or kept in a place,Verb,,
6234,Sah-daifimur,punishment where a criminal is confined for life,Noun,Khasi Penal Code term,
6235,Saheb,European,Noun,Hindi loanword; saheb-suba imitation,
6236,Sahiaw,asthma; bronchial wheezing sound,Noun,,
6237,Sahit,firmament; sky,Noun,,
6238,Sah-jit,to remain unnoticed or rejected by all,Verb,,
6239,Sah-nang-ang,to be known as a tell-tale,Verb,,
6240,Sah-pud,to be omitted,Verb,,
6241,Sah-teng,what still remains to be done or completed,Noun,,
6242,Sah'ti,to sit,Verb,Original scan spelling unclear,
6243,Bahuh (leh-),lavishly; prodigally,Adverb,,
6244,'Sai,thread,Noun,Abbreviation of hsai,
6245,'Sai-kait,fibre of a plantain tree,Noun,,
6246,'Saikhum,rope for binding a criminal; bonds,Noun,,
6247,'Saikun,rope attached to a boat for drawing it along shallow water,Noun,,
6248,Said,to plead; to argue,Verb,,
6249,S'aid,warm,Adjective,Same as syaid,
6250,Said-ksan,to hold on in argument in spite of failure,Verb,,
6251,Said-ding,to warm near the fire,Verb,,
6252,Said-lah,to keep arguing in spite of failure; obstinately stupid,Verb,,
6253,Said-lwet,to gossip,Verb,,
6254,Said-sngi,to bask in the sun,Verb,Same as syaid-sngi,
6255,Said-thma,to debate; deliver a speech in a Khasi Darbar; to babble,Verb,,
6256,'Saihpn,sun-hemp,Noun,,
6257,'Sailung,jhumed piece of land recently allowed to run waste,Noun,,
6258,'Sailum,raw cotton thread,Noun,,
6259,'Saimuka,muga silk-thread,Noun,,
6260,Sain,to melt; to smelt,Verb,,
6261,Sain,to burn a part of grass so as to clear a fire-line; to please,Verb,,
6262,'Sainalia,jute,Noun,Assamese: riha,
6263,'Sai-nar,wire; telegraph wire,Noun,,
6264,Sain-lung,place recently reserved for growth of trees,Noun,,
6265,'Saipfid,finer kind of muga cloth,Noun,OCR spelling uncertain,
6266,'Saipan,long purse worn round the waist; waist-thread,Noun,,
6267,'Saiphareng,rolled English cotton-thread,Noun,,
6268,'Saiphla,witness; third person to whom a case is referred for confirmation,Noun,,
6269,'Sai-ryndia,eri-silk thread,Noun,,
6270,'Sai-s'iang,fiddle-string having the highest pitch,Noun,,
6271,'Sai-siej,bow string,Noun,,
6272,'Saispur,cotton yarn,Noun,,
6273,'Sai-stei,thread obtained from a fibrous plant (Villebrania integrifolia),Noun,,
6274,Sait,to wash,Verb,,
6275,Saitmet,offensive,Adjective,Used with sngew- or i-,
6276,'Sai-tar,telegraph wire,Noun,,
6277,'Sai-tluh,very tough fibre obtained from bark of ka tluh,Noun,,
6278,'Sai-tyllai,rope,Noun,,
6279,'Sai-woh,skein,Noun,,
6280,'Sai-wul,wool,Noun,,
6281,Saja,punishment,Noun,Also verb: to punish,
6282,Sala,cotton cloth,Noun,,
6283,Salia,disgusted; tired of; bothered,Adjective,,
6284,Salit,not in the body but from the side,Adverb,,
6285,Salit,chip,Noun,Imitative: salit-samong,
6286,Salu,red cotton cloth,Noun,,
6287,Sam,to divide; to share,Verb,,
6288,Sam,to bore; to pierce,Verb,,
6289,S'am,to be peevish; to be sulky,Verb,Same as syam,
6290,Sameh-blang,kind of shrub having tough bark and milky juice,Noun,,
6291,Samep,woolly; thick with hair,Adjective,,
6292,Samla,youth,Noun,,
6293,Samla,young person,Noun,,
6294,Sammut,funny; fanciful; exciting mirth,Adjective,,
6295,Samoi,season; time,Noun,,
6296,Samparat,a kind of palm-tree with plicated leaves,Noun,Generally grows on precipices,
6297,Samsam,bitter cold,Adverb,,
6298,Samsia,terrible-looking,Adjective,,
6299,Samtari,sentinel,Noun,,
6300,Samtawi,to have giddiness,Verb,,
6301,Samuh,with a long beard,Adverb,,
6303,Sanad,sanad; appointment letter,Noun,Same as sunod,
6304,Santer,to grow up prematurely,Verb,Said of a person,
6305,Sani,to remand a case for retrial,Verb,,
6306,Sanium,place overgrown with grass,Noun,,
6307,Saniur,like a heap of tall grass,Adjective,,
6308,Sap,inherent quality; instinct; alloy; genius,Noun,,
6309,Hamsap,to take bribes,Verb,Compound with sap,
6310,Sapa,enough; sufficient,Adjective,Generally used with ym,
6311,Saphriang,to spread; to extend,Verb,,
6313,Sapiet,splinter; chip,Noun,Imitative: ka sapiet ka sapai,
6314,Sapoh,rice mixed with yeast and fermented for making liquor; malt,Noun,,
6315,Sapra,to scatter,Verb,,
6317,Sara,to raise seedlings for transplantation,Verb,,
6319,Saraw,earthen saucer or plate,Noun,,
6320,Sarew (prum),scab of a sore; scales,Noun,,
6321,Saro,bird of the starling family,Noun,,
6324,S'at,addicted to; much given to,Adjective,Same as syat,
6325,Satap,space between strata of rocks; crevice,Noun,,
6327,Sat-hyrsia,pungent; acrid,Adjective,,
6328,Sa-tdani,carefully,Adverb,,
6329,Saw,to ask,Verb,,
6330,Saw,question,Noun,,
6291,Samep,woolly; thick with hair,Adjective,,
6292,Samla,youth,Noun,,
6293,Samla,young person,Noun,,
6294,Sammut,funny; fanciful; exciting mirth,Adjective,,
6295,Samoi,season; time,Noun,,
6296,Samparat,a kind of palm-tree with plicated leaves,Noun,Generally grows on precipices,
6297,Samsam,bitter cold,Adverb,,
6298,Samsia,terrible-looking,Adjective,,
6299,Samtari,sentinel,Noun,,
6300,Samtawi,to have giddiness,Verb,,
6301,Samuh,with a long beard,Adverb,,
6303,Sanad,sanad; appointment letter,Noun,Same as sunod,
6304,Santer,to grow up prematurely,Verb,Said of a person,
6305,Sani,to remand a case for retrial,Verb,,
6306,Sanium,place overgrown with grass,Noun,,
6307,Saniur,like a heap of tall grass,Adjective,,
6308,Sap,inherent quality; instinct; alloy; genius,Noun,,
6309,Hamsap,to take bribes,Verb,Compound with sap,
6310,Sapa,enough; sufficient,Adjective,Generally used with ym,
6311,Saphriang,to spread; to extend,Verb,,
6313,Sapiet,splinter; chip,Noun,Imitative: ka sapiet ka sapai,
6314,Sapoh,rice mixed with yeast and fermented for making liquor; malt,Noun,,
6315,Sapra,to scatter,Verb,,
6317,Sara,to raise seedlings for transplantation,Verb,,
6319,Saraw,earthen saucer or plate,Noun,,
6320,Sarew (prum),scab of a sore; scales,Noun,,
6321,Saro,bird of the starling family,Noun,,
6324,S'at,addicted to; much given to,Adjective,Same as syat,
6325,Satap,space between strata of rocks; crevice,Noun,,
6327,Sat-hyrsia,pungent; acrid,Adjective,,
6328,Sa-tdani,carefully,Adverb,,
6329,Saw,to ask,Verb,,
6330,Saw,question,Noun,,
6331,Saw,to ask,Verb,,
6332,Saw,question,Noun,,
6333,Saw,to request; to enquire,Verb,,
6334,Sawar,to spread; to scatter,Verb,,
6335,Sawari,ride; conveyance,Noun,,
6336,Sawdoh,meat of an animal killed for a feast,Noun,,
6337,Sawdong,diamond (card suit),Noun,,
6338,Sawfiah,clear; distinct,Adjective,,
6339,Sawfiah,plainly; clearly,Adverb,,
6340,Sawhan,place where a dead body is laid,Noun,,
6341,Sawkhlaw,a kind of tree,Noun,,
6342,Sawkher,to be startled,Verb,,
6343,Sawkher,sudden fright,Noun,,
6344,Sawkyn,to be startled; alarmed,Verb,,
6345,Sawkyn,frightened,Adjective,,
6346,Sawlah,to gossip; speak ill,Verb,,
6347,Sawleh,to do; to make,Verb,,
6348,Sawleh,deed; action,Noun,,
6349,Sawlyngdoh,a kind of bird,Noun,,
6350,Sawma,to be ashamed,Verb,,
6351,Sawma,shame,Noun,,
6352,Sawpud,omitted; left out,Adjective,,
6353,Sawpud,to omit; leave out,Verb,,
6354,Sawr,to scatter,Verb,,
6355,Sawriang,to spread abroad,Verb,,
6356,Sawriew,human sacrifice,Noun,,
6357,Sawtung,a kind of bird,Noun,,
6358,Sawut,to be ashamed,Verb,,
6359,Sawut,shameful,Adjective,,
6360,Say,to warm,Verb,,
6361,Say,warm,Adjective,,
6362,Say,to dry,Verb,,
6363,Say,dry,Adjective,,
6364,Sayap,to spread wings,Verb,,
6365,Sayap,wing,Noun,,
6367,Sayang,dear; beloved,Adjective,,
6368,Saydiah,clean; pure,Adjective,,
6369,Saydiah,clearly; distinctly,Adverb,,
6370,Sayngi,sun; sunlight,Noun,,
6371,Sait,to wash,Verb,,
6372,Saitmet,offensive,Adjective,Used with sngew- / i-,
6373,'Sai-tar,telegraph-wire,Noun,,
6374,'Sai-tluh,very tough fibre obtained from the bark of ka tluh,Noun,,
6375,'Sai-tyllai,rope,Noun,,
6376,'Sai-woh,skein,Noun,,
6377,'Sai-wul,wool,Noun,,
6378,Saja,punishment,Noun,Also verb: to punish,
6379,Sala,cotton cloth,Noun,,
6380,Salia,disgusted; tired of; bothered,Adjective,Imitative: salia-salait,
6381,Salit,not in the body but from the side,Adverb,,
6382,Salit,chip,Noun,Imitative: salit-samong,
6383,Salu,red cotton cloth,Noun,,
6384,Sam,to divide; to share,Verb,,
6385,Sam,to bore; to pierce,Verb,Also prefix meaning to feel inclined/desire,
6386,S'am,to be peevish; to be sulky,Verb,Same as syam,
6387,Sameh-blang,kind of shrub with tough bark and milky juice,Noun,,
6388,Samep,woolly; thick with hair,Adjective,,
6389,Samla,youth,Noun,Imitative: samla-samhoi,
6390,Sammut,funny; fanciful; exciting mirth,Adjective,,
6391,Samoi,season; time,Noun,,
6392,Samparat,a kind of palm-tree with plicated leaves which generally grows on precipices,Noun,,
6393,Samsam,bitter (cold),Adverb,,
6394,Samsia,terrible-looking,Adjective,,
6395,Samtari,sentinel,Noun,,
6396,Samtawi (shad-),to have giddiness,Verb,,
6397,Samuh,with a long beard,Adverb,,
6399,Sanad,sanad; appointment letter,Noun,Same as sunod,
6400,Santer,to grow up prematurely (of person),Verb,,
6401,Sani,to remand a case for retrial,Verb,,
6402,Sanium,a place overgrown with grass,Noun,,
6403,Saniur,like a heap of tall grass,Adjective,,
6404,Sap,inherent quality; instinct; alloy; genius,Noun,,
6405,Sapa,enough; sufficient,Adjective,,
6406,Saphriang,to spread; to extend,Verb,,
6408,Sapiet,splinter; chip,Noun,Imitative: sapiet-sapai,
6409,Sapoh,rice mixed with yeast and fermented for making liquor; malt,Noun,,
6410,Sapra,to scatter,Verb,,
6463,Sait,to wash,Verb,,
6464,Saitmet,offensive,Adjective,,
6465,Sai-tar,telegraph wire,Noun,,
6466,Sai-tluh,tough fibre obtained from bark of tluh,Noun,,
6467,Sai-tyllai,rope,Noun,,
6468,Sai-woh,skein,Noun,,
6469,Sai-wul,wool,Noun,,
6471,Sala,cotton cloth,Noun,,
6472,Salia,disgusted; tired of; bothered,Adjective,,
6473,Salit,not in the body but from the side; chip,Noun,,
6474,Salu,red cotton cloth,Noun,,
6475,Sam,to divide; to share,Verb,,
6476,Sam,to bore; to pierce,Verb,,
6477,S'am,to be peevish; sulky,Verb,,
6478,Sameh-blang,a shrub with tough bark and milky juice,Noun,,
6479,Samep,woolly; thick with hair,Adjective,,
6480,Samla,youth,Noun,,
6481,Sammut,funny; fanciful; exciting mirth,Adjective,,
6482,Samoi,season; time,Noun,,
6483,Samparat,a kind of palm tree growing on precipices,Noun,,
6484,Samsam,bitter cold,Adverb,,
6485,Samsia,terrible-looking,Adjective,,
6486,Samtari,sentinel,Noun,,
6487,Samtawi,to have giddiness,Verb,,
6488,Samuh,with a long beard,Adverb,,
6490,Sanad,sanad; appointment letter,Noun,,
6491,Santer,to grow up prematurely,Verb,,
6492,Sani,to remand a case for retrial,Verb,,
6493,Sanium,a place overgrown with grass,Noun,,
6494,Saniur,like a heap of tall grass,Adjective,,
6495,Sap,inherent quality; instinct; alloy; genius,Noun,,
6496,Sapa,enough; sufficient,Adjective,,
6497,Saphriang,to spread; extend,Verb,,
6499,Sapiet,splinter; chip,Noun,,
6500,Sapoh,fermented rice/malt used for liquor,Noun,,
6502,Sara,to raise seedlings for transplantation,Verb,,
6504,Saraw,an earthen saucer or plate,Noun,,
6505,Sarew (prum),scab of a sore; scales,Noun,,
6506,Saro,a bird of the starling family,Noun,,
6509,S'at,addicted to; much given to,Adjective,,
6510,Satap,space between strata of rocks; crevice,Noun,,
6512,Sat-hyrsia,pungent; acrid,Adjective,,
6513,Sa-tdani,short and stout,Adjective,,
6514,Satep,thatch at the ridges of a roof,Noun,,
6515,Sathe,with a big and long coat,Adverb,,
6516,Sati,ring,Noun,,
6518,Sati-synjat,wedding ring,Noun,,
6519,Sati-yngkuid,magic ring in Khasi folklore,Noun,,
6520,Satlak,all over,Adverb,,
6521,Satlip,with swollen eyelids,Adverb,,
6522,Sator,weak; unsteady,Adjective,,
6523,Sat-syllang,very hot or painful,Adjective,,
6524,Satrew,sore caused by itch,Noun,,
6526,S'dw / Syaw,to put near the fire; expose to smoke,Verb,,
6527,Sawa,to sound; to echo,Verb,,
6528,Sawang,light; portentous,Adjective,,
6529,Sawar,plummet,Noun,,
6530,Saw-ka-siaw,excitement; heat of passion,Phrase,,
6532,Sawiah-bsein,species of wild arum common in Khasi and Jaintia Hills,Noun,,
6533,Sawlia,very tender and reddish,Adjective,,
6535,Sawrang,red (sunburnt),Adjective,,
6536,Sawreng,brown (as if from smoke),Adjective,,
6537,Sawriang,red (like the dawn),Adjective,,
6538,Sawriew,bloodshot,Adjective,,
6539,Saw-saw-mynsiem,hot-tempered; irritable,Adjective,,
6540,Sawsyng-iang,bright red; crimson,Adjective,,
6541,Sawtriang,red (as from anger),Adjective,,
6542,Sbak,with a thud (falling),Adverb,,
6543,Sbai,cowry; shell; money,Noun,,
6544,Sbiak,exactly; fitting perfectly,Adverb,,
6545,Sbok,exactly; fitting perfectly,Adverb,,
6547,Sbu,a plant yielding black dye used for colouring cloth,Noun,,
6548,Sbuh,to affect to be kind,Verb,,
6549,Sbuu,kind; good-hearted; generous,Adjective,,
6550,Sbur,rich (soil),Adjective,,
6551,Skak,tightly; firmly fastened,Adverb,,
6552,Skah,thick; adhesive (said of boiled rice or lime mortar),Adjective,,
6554,Skah,thick; adhesive (as boiled rice or lime mortar),Adjective,,
6557,Skait,to scratch; scrape,Verb,,
6558,Skit,narrow; cramped,Adjective,,
6559,Skoh,to burn; scorch,Verb,,
6560,Skor,to support; prop up,Verb,,
6561,Skub,quickly; hastily,Adverb,,
6562,Skud,to bend; bow down,Verb,,
6563,Skum,foam; froth,Noun,,
6564,Skun,to shake; tremble,Verb,,
6566,Sla,to hit; beat; strike,Verb,,
6567,Slap,to sleep,Verb,,
6568,Slieh,to be awake; vigilant,Verb,,
6569,Sliang,to lean; incline,Verb,,
6571,Sngap,to bite; sting,Verb,,
6572,Sngi,sun; day,Noun,,
6573,Sngap-sngi,sunrise,Noun,,
6574,Sngap,to burn; be hot,Verb,,
6575,Sngi-khraw,noon,Noun,,
6576,Sngop,growing between high trees so as to be entirely overshadowed,Adjective,,
6577,Sngi,sun; day,Noun,,
6578,Sngi-Balang,Wednesday; a day when the Church meeting is held,Noun,,
6579,Sngi-pali,Thursday,Noun,,
6580,Sngi-poh-ia,week-day,Noun,,
6581,Sngi-saitjaiñ,Saturday,Noun,,
6582,Sngi-thohdieng,Friday,Noun,,
6583,Sngi-u-Blei,Sunday (among Christians only),Noun,,
6584,Sngur,clear; transparent,Adjective,,
6585,Sha,to; towards,Preposition,,
6586,Sha,tea,Noun,,
6587,Shaba,chewed mixture of pan and betel nut; red layers and flesh inside fish gills,Noun,,
6588,Shaba kurat,sawdust,Noun,,
6589,Shabein,big and distorted (mouth),Adverb,,
6590,Shabar,outside; externally,Adverb,,
6591,Shabi,key,Noun,,
6592,Shak,exactly equal,Adjective,,
6593,Shakhait,to handle or deal severely; to gnaw,Verb,,
6594,Shakhat,a small bird,Noun,,
6595,Shakiar,the side of a house; eaves,Noun,,
6596,Shakri,servant,Noun,,
6597,Shaku,knife,Noun,,
6598,Shakuriaw,jingling small bell; tinkling cymbal,Noun,,
6599,Shakyntir,small bird of mottled colour,Noun,,
6600,Shad,to dance,Verb,,
6601,Shad-khalek,to dance round a group of girls (done by men only),Verb,,
6602,Shadem,chest; breast,Noun,,
6603,Shadien,behind,Adverb,,
6604,Shad-mastieh,sword-dance,Noun,,
6605,Shad-nolikjat,a dance performed by members of the organising family before the general dance,Noun,,
6606,Shado,old persons,Noun,,
6607,Shador,chadar; thin white cotton cloth,Noun,,
6608,Shado-ki-shadia,old persons,Noun,,
6609,Shad-sawangki,to dance like nautch girls,Verb,,
6610,Shad-sohtyngker,to dance round and round by joining hands together,Verb,,
6611,Shaduh,up to; as far as,Adverb,,
6613,Shah,to suffer; endure; permit; side with; be due from,Verb,,
6614,Shah,cactus (same as shinjah),Noun,,
6615,Shahksew,sill (lower part of a door/window frame),Noun,,
6616,Shahaw,having defective teeth,Adjective,,
6617,Shah-jing-it,to fast,Verb,,
6618,Shahshkor,to listen; be attentive,Verb,,
6619,Shai,to become clear; become light,Verb,,
6620,Shaia,late at night,Adverb,,
6621,Shai-byrngut,to become twilight,Verb,,
6622,Shain,to chop,Verb,,
6623,Shaiong,to become dizzy; puzzled; dazed,Verb,,
6625,Shaitmet,to become healthy or strong,Verb,,
6627,Shalak,clever; active; tactful,Adjective,,
6628,Shalai,to manage,Verb,,
6629,Shalami,inclined; sloping,Adjective,,
6630,Shalan,to export; send up,Verb,,
6631,Shalani,small round winnowing basket; sieve,Noun,,
6632,Shalap,a chip; a small piece of wood split from a bigger one,Noun,,
6633,Shalor,upwards,Adverb,,
6634,Shalyngka,lever; jumper,Noun,,
6635,Shalyng-or,spinning top,Noun,,
6636,Shalyng-ur,a kind of wasp,Noun,,
6637,Shalymmen,a small chirping insect; cymbal,Noun,,
6638,Shalynnai,a small fish common in hill streams,Noun,,
6639,Shalyntem,wheel,Noun,,
6640,Sham-sham,very precipitous,Adjective,,
6641,Shamok,to produce fire from a flint; strike fire,Verb,,
6642,Shamoit,a small spoon,Noun,,
6643,Shan,to support; to prop; to hold on,Verb,,
6644,Shana,gram,Noun,,
6645,Shanam,a small metal lime-case,Noun,,
6646,Shan-khung,rafter,Noun,,
6647,Shan-dang,gold or silver necklace,Noun,,
6648,Shanduh,to take or use a walking-stick,Verb,,
6649,Shanduwa,high canopy of cloth placed above a funeral pyre (shamianah),Noun,,
6650,Shane,hither; this side,Adverb,,
6652,Shaniah,to trust; lean on; confide in,Verb,,
6653,Shan-mohor,obsolete silver coin of the Jaintia Rajas,Noun,,
6654,Shano,where?,Adverb,,
6655,Shano-shano,anywhere; wherever,Adverb,,
6656,Shano-re-shano,somewhere,Adverb,,
6657,Shanti,to support or rest on the hand,Verb,,
6659,Shaphang,towards; in the direction of; with reference to,Preposition,,
6660,Shaphrang,forward; to the front,Adverb,,
6661,Shaphrat,iron/copper badge worn by servants (chaprass),Noun,,
6662,Shapia,to press; squeeze,Verb,,
6663,Shapoh,inside; inwardly; internally,Adverb,,
6665,Sharak,to arrange; put in order,Verb,,
6666,Sharaw,to throw; fling,Verb,,
6667,Shari,a ladder; steps,Noun,,
6668,Shapher,to separate; divide,Verb,,
6669,Shaphiang,to turn aside; divert,Verb,,
6670,Shapher-shapher,separately; apart,Adverb,,
6671,Shat,a hundred,Numeral,,
6672,Shat bynta,hundred parts; percentage,Noun,,
6673,Shathap,to seal tightly; close firmly,Verb,,
6674,Shathang,side; direction,Noun,,
6675,Shatphang,sideways; towards the side,Adverb,,
6676,Shat bynta,share; portion,Noun,,
6677,Shawi,to move away; go aside,Verb,,
6678,Shawei,to another place; elsewhere,Adverb,,
6679,Shawei-shawei,somewhere else; different places,Adverb,,
6680,Shem,to find; meet,Verb,,
6681,Shem,discovery; finding,Noun,,
6682,Shem bynta,to receive a share,Verb,,
6683,Shem jingïakynduh,to encounter; meet with,Verb,,
6684,Shiah,to rain,Verb,,
6685,Shiah slap,heavy rain,Noun,,
6686,Shiah sngi,sunshine after rain,Noun,,
6687,Shiah um,rainfall; rain water,Noun,,
6688,Shikha,one kind; one sort,Noun,,
6689,Shikynmaw,remembrance; memory,Noun,,
6691,Shiliang,half; opposite side; one side,Noun,,
6692,Shiliang-khmat,partially; dishonestly,Adverb,,
6696,Shim,one; a single,Numeral,,
6697,Shim bynta,a portion; a share,Noun,,
6698,Shim bynta shnong,part of a village,Noun,,
6699,Shimiet,one night,Noun,,
6701,Shim bynta,one part; one section,Noun,,
6702,Shimphang,one direction; one side,Noun,,
6703,Shim shnong,one village,Noun,,
6704,Shim bynta shnong,village section,Noun,,
6705,Shim-syngap,silent; quiet,Adjective,,
6706,Shimtad,one time; once,Adverb,,
6707,Shimtieng,one leg; one side,Noun,,
6709,Shim- bynta,single share,Noun,,
6710,Shin,thorn; spine,Noun,,
6711,Shini,sugar,Noun,,
6712,Shipa,need; want; trouble,Noun,,
6713,Shipaid,a length as much as can be clasped with both outstretched arms,Noun,,
6714,Shipki,sepoy; soldier,Noun,,
6715,Shiphang,for a short time; for the time being,Adverb,,
6716,Shiphah,a measure equal to one spoonful of iron ore,Noun,,
6717,Shi-piam,a length as much as can be passed round with both arms; clasp,Noun,,
6718,Shi-piam-star,a length measured with a head-strap (“star”),Noun,,
6719,Shipung,a length from one joint to another,Noun,,
6720,Shir,an open handful of things; as much as fills the hollow of a hand,Noun,,
6721,Shira,parched rice,Noun,,
6722,Shi-ryn-ieng,from head to foot,Adverb,,
6723,Shisien,once; at one time,Adverb,,
6724,Shish,expression: fie!,Interjection,,
6726,Shisyndon,at once; immediately,Adverb,,
6727,Shit,hot; warm; close,Adjective,,
6728,Sh’it,to pinch; to nip,Verb,,
6729,Shi-tda,a length measured from thumb tip to middle finger tip when stretched,Noun,,
6730,Shit-dang,to feel very hot (of persons),Verb,,
6732,Shiteng-ar-teng,more than one occasion; often,Adverb,,
6733,Shiteng-synnia,midnight,Noun,,
6734,Shithi,letter; epistle,Noun,,
6735,Shithoh,a very small quantity,Noun,,
6736,Shidr,devotedly; very much (given to),Adverb,,
6737,Shit-lhep / Shit-lhop,to be close (atmosphere); oppressively hot,Verb,,
6738,Shitom,trouble; pain; difficulty,Noun,,
6739,Shitor,a large flat fish,Noun,,
6740,Shit-rhem,to become glowingly hot; become zealous/enthusiastic,Verb,,
6741,Shi-tyllup,all over; throughout,Adverb,,
6742,Shiwait,one sweep of the sword; one throw in dice gambling,Noun,,
6744,Shla,to be angry; indignant,Verb,,
6745,Shlak,to dare; to venture,Verb,,
6746,Shlan,a plant whose leaves resemble a pineapple plant (Pandanus),Noun,,
6747,Shlei,to overflow,Verb,,
6749,Shlem,smelting-house; iron workshop,Noun,,
6750,Shier,very long and pointed,Adjective,,
6751,Shlim,small earthen cup fitted to a hookah for smoking,Noun,,
6752,Shlir,very pointed; tapering,Adjective,,
6754,Shna,to make; build; create,Verb,,
6755,Shna shnong,to build a village; settle,Verb,,
6756,Shniah,to trust; have confidence in,Verb,,
6757,Shniah mynsiem,to rely on; trust completely,Verb,,
6758,Shngain,safe; secure; comfortable,Adjective,,
6759,Shngap,quiet; silent,Adjective,,
6760,Shnong,village; place of residence,Noun,,
6761,Shnong shnong,villages; settlements,Noun,,
6762,Shnongbah,town; capital; large settlement,Noun,,
6763,Shnongkur,ancestral village,Noun,,
6764,Shnongrim,foundation; basis,Noun,,
6766,Shoh,to beat; strike,Verb,,
6767,Shohbieit,to beat unfairly; ill-treat,Verb,,
6768,Shoh paidbah,to beat publicly,Verb,,
6769,Shohsat,to beat cruelly,Verb,,
6770,Shoh pyrshah,to oppose; resist,Verb,,
6771,Shong,to sit; stay; reside,Verb,,
6772,Shong shnong,to settle; inhabit,Verb,,
6773,Shong jingïaseng,to attend a meeting,Verb,,
6774,Shongkur,family settlement,Noun,,
6775,Shongshit,enthusiasm; excitement,Noun,,
6776,Shongprah-shongshang,to a very old age,Adverb,,
6777,Shong-rait-hoh,stingy; niggard,Adjective,,
6778,Shongsang,to contract an incestuous marriage,Verb,,
6779,Shongsah,to sit in the same place; remain permanently; abide,Verb,,
6780,Shong-sngi,to be off one's work; to rest,Verb,,
6781,Shongshan,to have an unpleasant or sinister appearance,Verb,,
6782,Shong-shiliangkhmat,having second sight,Adjective,,
6783,Shongsynran,to act as a bride's man or bride's maid,Verb,,
6784,Shongsynri,to be visited with the sin of one who acts treacherously against a clan member,Verb,,
6785,Shongsynrop,to sit close together,Verb,,
6786,Shong-thap,to settle temporarily in a place; to sojourn,Verb,,
6788,Shoh-dap,to castrate (a bull),Verb,,
6789,Shoh-doh,to kill an animal for food,Verb,,
6790,Shoh-dohkha,to poison fish,Verb,,
6791,Shoh-'niangkur,to sacrifice a pig and call clan members together to partake,Verb,,
6792,Shoh-noh,"to commit murder for propitiation of ""u Thlen""",Verb,,
6793,Shoh-samthiah,to drowse,Verb,,
6795,Shoh-thaw,to work in iron; work as a blacksmith,Verb,,
6796,Shoh-tyndep,to confound; mislead; bewitch,Verb,,
6797,Shoh-tyrkhong,to beat hollow; defeat completely,Verb,,
6798,Shoh-wah,to beat severely,Verb,,
6799,Shoi,to come out; appear; emerge,Verb,,
6800,Shoi paidbah,to appear publicly,Verb,,
6801,Shoi pyrthei,to become known; be revealed,Verb,,
6802,Shong,to sit; stay; reside,Verb,,
6803,Shong jingïaseng,to attend a meeting,Verb,,
6804,Shong shnong,to settle; inhabit a place,Verb,,
6805,Shong-sah,to remain; stay behind,Verb,,
6806,Shong jingïaid,to sit and travel (ride),Verb,,
6807,Shong jingïa,to sit together; associate,Verb,,
6808,Shong-khmat,to sit facing; confront,Verb,,
6809,Shong-dien,to sit behind; remain after,Verb,,
6810,Shong-lieh,to sit quietly; remain silent,Verb,,
6811,Shong-mynjur,to agree; consent,Verb,,
6812,Shong- jingïakren,to hold a discussion,Verb,,
6813,Shong- jingïateh,to make an agreement,Verb,,
6814,Shong- jingïapynbeit,to settle a dispute,Verb,,
6815,Shong- jingïarap,to remain together for help,Verb,,
6816,Shong- jingïatreilang,to cooperate; work together,Verb,,
6797,Shohshkor,an earring,Noun,,
6798,Shoi,to the brim; full,Adverb,,
6799,Shoi,a very small bird,Noun,,
6800,Shon,to press; impress; print,Verb,,
6801,Shop,"to thrust out; oust; thresh (rice, millet, etc.); husk a second time",Verb,,
6802,Shrak,in order; in a row,Adverb,,
6803,Shi-iak,in order; in a row,Adverb,,
6804,Shrang,dry; parched (earth or weather),Adjective,,
6805,Shrah,arable land; fallow land,Noun,,
6806,Shrat,to clear off scales of a fish with a sharp instrument,Verb,,
6807,Shreng,fin on the back of a fish; rind of jackfruit or similar fruit; spine; prickle,Noun,,
6809,Shrei,appearing in great numbers (as eggs or teeth); abundantly,Adverb,,
6810,Shrem,many (standing prominently),Adverb,,
6811,Shri,to show the teeth; to grin,Verb,,
6812,Shriak,well arranged; in order,Adverb,,
6813,Shrieh,a monkey; an ape,Noun,,
6814,Shiiew,an arum-root,Noun,,
6815,Shrip,a basket put in a stream for catching fish,Noun,,
6816,Shrong,carved margin; ornamental work,Noun,,
6817,Shroin,brittle,Adjective,,
6818,Shrop,all at once (onomatopoeic; especially of money),Adverb,,
6820,Shtah,to dress a stone with a mason's chisel or wood with an adze,Verb,,
6822,Shuki,a chair,Noun,,
6823,Shukor,to deceive; to cheat,Verb,,
6824,Shukor,treacherous,Adjective,,
6825,Shuh,again; furthermore,Adverb,,
6827,Shubshuwa,wait for the present,Phrase,,
6828,Shuin,to touch; to come in contact with; to press upon,Verb,,
6829,Shum,there you are!,Interjection,,
6830,Shun,to hate; to be inimical with,Verb,,
6831,Shun,lime,Noun,,
6832,Shun-kot,catechu,Noun,,
6833,Shun-kpu,slaked lime,Noun,,
6834,Shun-dewiong,lime burnt with coal,Noun,,
6835,Shun-dieng,lime burnt with wood,Noun,,
6836,Shun-maw,unslaked lime; quick lime,Noun,,
6837,Shun-thlongmluh-thlongsying,to cherish a bitter inimical spirit; to be at daggers drawn,Phrase,,
6838,Shur,to press forward,Verb,,
6839,Shuri,a long knife; dagger,Noun,,
6840,Shut,to sharpen; whet; hotly discuss,Verb,,
6841,Shutak,a chatak (weight measure),Noun,,
6842,Shuti,a dirty/base thing; holiday; underhand work,Noun,,
6843,Shuwa,first; before; previously; beforehand,Adverb,,
6844,Shwar,an evil spirit believed to possess certain clans in the Khasi Hills; attacks people by convulsive fits,Noun,,
6845,Shyngkhan (or Shyngkhen),to be in a fix or dilemma; between Scylla and Charybdis,Verb,,
6846,Shyngkup,first room of a Khasi house; enclosed porch,Noun,,
6847,Shyng-iar,jet of water; stream of water; fountain,Noun,,
6848,Shyng-oid,manger,Noun,,
6849,Shyllangmat,brow,Noun,,
6850,Shylliah,mat,Noun,,
6851,Shyllip-nud,pit of the stomach,Noun,,
6852,Shylluit,to bloom,Verb,,
6853,Shym,particle used with negative verbs in the past tense,Particle,,
6854,Shympet,carbuncle,Noun,,
6855,Shympriah-ti,finger,Noun,,
6856,Shympriah-jat,toe,Noun,,
6857,Shymprong,prawn; shrimp,Noun,,
6858,Shyndiid (leh-),poutingly; sulkily,Adverb,,
6859,Shynna,conspicuously; clearly,Adverb,,
6860,Shynnai,afterbirth; placenta,Noun,,
6861,Shynrang,male; pipe,Noun,,
6862,Shynrang-kjat,shins,Noun,,
6863,Shynrdi,turmeric,Noun,,
6864,Shynraifi,noble; grand; dignified,Adjective,,
6865,Shynrain,a dried small twig,Noun,,
6866,Shynrain,to cut jokes; to flirt,Verb,,
6867,Shynreh,buffalo,Noun,,
6868,Shynriah'ti,finger (same as Shympriah'ti),Noun,,
6869,Shynrong,skull; egg-shell; timber frame of a roof,Noun,,
6870,Shynroin,beautifully set (teeth),Adjective,,
6871,Shynroin-riap,possessing winning manners; sociable,Adjective,,
6872,Shyntur,mouth; word,Noun,,
6873,Shyrkait,groin,Noun,,
6874,Shyrkhei,to set the teeth on edge; to be dreadful,Verb,,
6875,Shyrpet,fat oily part of a fish,Noun,,
6876,Shyrti,to clear the jungle for cultivation; to jhum,Verb,,
6877,Shyrtong,crest of a fowl or bird,Noun,,
6878,Shyrwat,see Shirwat,Noun,,
6879,Si,abbreviation of masi (cow/bull); abbreviation of ksi (head vermin),Noun,,
6881,Siak,straight on,Adverb,,
6883,S'iang,high (pitch),Adjective,,
6884,Siang-tyrpeng,shoulder-blade,Noun,,
6885,Siah,to pare; to cut,Verb,,
6886,Sian,clever; intelligent,Adjective,,
6887,Sianti,cunning; precocious; clever,Adjective,,
6888,S'ian,full,Adjective,,
6889,Siap,to insert,Verb,,
6891,Siar,gold (abbreviation of ksiar),Noun,,
6892,S'iar,cock; hen; fowl,Noun,,
6893,Siarkait,plantain-flower; work resembling a plantain-flower,Noun,,
6894,Siarkha,ornamental hollow wristlet,Noun,,
6895,Siarkhang,fan-shaped earring,Noun,,
6896,Siarkyllai,bracelet,Noun,,
6897,Siar-liar,to wander about; move without purpose,Verb,,
6898,Siat,to shoot; shoot with a gun; throw,Verb,,
6899,Siat-khmat,to shoot in the face; to face directly,Verb,,
6900,Siat-lieng,to throw a spear,Verb,,
6901,Siat-mrad,to shoot wild animals,Verb,,
6902,Siat-pyrshah,to shoot in opposition; retaliate,Verb,,
6903,Siat-pyrthuh,to shoot at random,Verb,,
6904,Sib,to bathe; wash,Verb,,
6905,Sib-jingim,to bathe ceremonially after birth,Verb,,
6906,Sib-ryntih,to bathe after a funeral,Verb,,
6907,Sier,to sprinkle; scatter,Verb,,
6910,Siewri,cheap; low-priced,Adjective,,
6911,Siewspah,to bargain; haggle over price,Verb,,
6912,Siew-synrang,bride price; marriage payment,Noun,,
6914,Sih-ling,six annas,Noun,,
6915,Sihphew,sixty,Numeral,,
6916,Sihphew-saw,sixty-four,Numeral,,
6917,Sihphew-ar-phew,seventy,Numeral,,
6918,Sih-rynai,six months,Noun,,
6919,Sih-tylli,six pieces,Numeral,,
6920,Sihun,a small measure,Noun,,
6921,Sik,to suck; sip,Verb,,
6922,Sik-khaw,to suck sugarcane,Verb,,
6923,Siki,a small coin; quarter anna,Noun,,
6924,Sil,thread; fibre,Noun,,
6925,Silang,to spread; extend,Verb,,
6926,Silang-khmat,in front; before,Adverb,,
6927,Silang-dien,behind; afterwards,Adverb,,
6928,Silat,smooth; polished,Adjective,,
6929,Sim,to fold; bend,Verb,,
6930,Sim bynta,part; portion,Noun,,
6931,Sim,bird,Noun,,
6932,Si-met,insect-mite; vermin which infests fowls,Noun,,
6933,Sim-krai,small bird resembling a lark,Noun,,
6934,Sim-kyllai-dohdit,wagtail,Noun,,
6935,Sim-khi-dieng,meddlesome and talkative fellow,Noun,,
6936,Sim-puhdieng,a creeper bird,Noun,,
6937,Sim-puhwieh,woodcock,Noun,,
6938,Sim-pyllieng,rainbow,Noun,,
6939,Sim-sohphoh,hoopoe; fop,Noun,,
6940,Sim-tung,blackbird,Noun,,
6941,Bim-tyngwieng,water-ouzel; a man who makes much show of his turban; fop,Noun,,
6942,Sin,to nickname,Verb,,
6943,Sip,to break a thing between the front teeth (as an acorn),Verb,,
6944,Sip-sip-sap-sap,in an underhand way; not openly,Adverb,,
6946,Sisa,lead,Noun,,
6947,Sisia,wild cinnamon; cassia,Noun,,
6948,S’it,evening; night-time,Adverb,,
6949,Siw-siw (khriat-),very cold,Adverb,,
6950,Siw-siw-siaw-siaw,whisperingly,Adverb,,
6951,Sid,leaf; surface; page,Noun,,
6952,Slak,firmly,Adverb,,
6953,Slait,tightly; well fitted,Adverb,,
6954,Sla’jat,sole (of foot),Noun,,
6955,Slap,rain,Noun,,
6956,Sla’ti,palm (of hand),Noun,,
6957,Sleh,to anoint; to wash the head,Verb,,
6958,Sleit,slate,Noun,,
6959,Slem,long; late,Adjective,,
6960,Slew,kind of palm tree used for making leaf umbrellas,Noun,,
6961,Sliang,to thirst,Verb,,
6962,Sliah,to detach; take off; denude,Verb,,
6963,Slieng,to put on the loin cloth,Verb,,
6964,Bliew,to blow wind into; kindle a fire,Verb,,
6965,Sloit,to detach off; come off,Verb,,
6966,Slor,to come off (as hair),Verb,,
6967,Slung,lock-up for lunatics in the Khasi Hills,Noun,,
6968,Sma,to smell; have a bad smell,Verb,,
6969,Sma,to smell; have a bad smell,Verb,,
6971,Sma-jingim,smell of life; breath,Noun,,
6972,Sma-jingiap,smell of death,Noun,,
6973,Smat,clever; skilful; quick,Adjective,,
6974,Smat-leh,clever in doing things,Adjective,,
6975,Smei,to wash; bathe,Verb,,
6976,Smeit,to clean; purify,Verb,,
6977,Smem,to be weak; feeble,Adjective,,
6978,Smiej,ashamed; bashful,Adjective,,
6979,Smiej-smiej,shyly; modestly,Adverb,,
6980,Smiej-riew,timid person,Noun,,
6981,Smuh,to hide; conceal,Verb,,
6982,Smuhtur,to cover the mouth; keep silent,Verb,,
6983,Smu-kti,hidden; concealed,Adjective,,
6984,Snad,to spread; scatter,Verb,,
6985,Snam,to recognise; identify,Verb,,
6986,Sngew,to feel; think; perceive,Verb,,
6987,Sngewbha,to be pleased; happy,Verb,,
6988,Sngewblei,to fear God; be religious,Verb,,
6989,Sngewbha,goodness; kindness,Noun,,
6990,Sngewkhia,to worry; feel anxious,Verb,,
6991,Sngewlyngngoh,to be surprised; wonder,Verb,,
6992,Sngewsynei,to pity; feel compassion,Verb,,
6993,Sngewthuh,to understand,Verb,,
6994,Sngewtynnad,to be delighted; enjoy,Verb,,
6995,Sngewthuh paidbah,to understand clearly,Verb,,
6996,Sngop,growing between high trees so as to be entirely overshadowed,Adjective,,
6997,Sngi,sun; day,Noun,,
6998,Sngi-Balang,Wednesday; a day when the Church meeting is held,Noun,,
6999,Sngi-pali,Thursday,Noun,,
7000,Sngi-poh-ia,week-day,Noun,,
7001,Sngi-saitjain,Saturday,Noun,,
7002,Sngi-thohdieng,Friday,Noun,,
7003,Sngi-u-Blei,Sunday (among Christians only),Noun,,
7004,Sngur,clear; transparent,Adjective,,
7005,Sha,to; towards,Preposition,,
7006,Sha,tea,Noun,,
7007,Shaba,chewed mixture of pan and betel nut; red layers and flesh inside fish gills,Noun,,
7008,Shaba kurat,sawdust,Noun,,
7009,Shabein,big and distorted (mouth),Adverb,,
7010,Shabar,outside; externally,Adverb,,
7011,Shabi,key,Noun,,
7013,Shakhait,to handle or deal severely; to gnaw,Verb,,
7014,Shakhat,a small bird,Noun,,
7015,Shakiar,side of a house; eaves,Noun,,
7016,Shakri,servant,Noun,,
7017,Shaku,knife,Noun,,
7018,Shakuriaw,jingling small bell; tinkling cymbal,Noun,,
7019,Shakyntir,small bird of mottled colour,Noun,,
7020,Shad,to dance,Verb,,
7021,Shad-khalek,to dance round a group of girls (performed by men only),Verb,,
7022,Shadem,chest; breast,Noun,,
7023,Shadien,behind,Adverb,,
7024,Shad-mastieh,sword-dance,Noun,,
7025,Shad-nolikjat,dance performed by members of the organising family before the general dance,Noun,,
7026,Shado,old persons,Noun,,
7027,Shador,chadar; thin white cotton cloth,Noun,,
7028,Shado-ki-shadia,old persons,Noun,,
7029,Shad-sawangki,to dance like nautch girls,Verb,,
7030,Shad-sohtyngker,to dance round and round by joining hands together,Verb,,
7031,Shaduh,up to; as far as,Adverb,,
7033,Shah,to suffer; endure; permit; side with; be due from,Verb,,
7034,Sh'ah,cactus,Noun,,
7035,Shahksew,sill,Noun,,
7036,Shahaw,having defective teeth,Adverb,,
7037,Shah-jing-it,to fast,Verb,,
7038,Shahshkor,to listen; be attentive,Verb,,
7039,Shai,to become clear; become light,Verb,,
7040,Shaia,late at night,Adverb,,
7041,Shai-byrngut,to become twilight,Verb,,
7042,Shain,to chop,Verb,,
7043,Shaiong,to become dizzy; to be puzzled; to be dazed,Verb,,
7045,Shaitmet,to become healthy or strong,Verb,,
7047,Shalak,clever; active; tactful,Adjective,,
7048,Shalai,to manage,Verb,,
7049,Shalami,inclined; sloping,Adjective,,
7050,Shalan,to export; to send up,Verb,,
7051,Shalani,small round winnowing basket; sieve,Noun,,
7052,Shalap,chip; small piece of wood split from a bigger one,Noun,,
7053,Shalor,upwards,Adverb,,
7054,Shaltai,egg-shaped; oviform,Adjective,,
7055,Shalyngka,lever; jumper,Noun,,
7056,Shalyng-or,spinning top,Noun,,
7057,Shalyng-ur,a kind of wasp,Noun,,
7058,Shalymmen,small chirping insect; cymbal,Noun,,
7059,Shalynnai,small fish common in hill streams,Noun,,
7060,Shalyntem,wheel,Noun,,
7061,Sham-sham,very precipitous,Adjective,,
7062,Shamok,to produce fire from a flint; strike fire,Verb,,
7063,Shamoit,small spoon,Noun,,
7064,Shan,to support; to prop; to hold on,Verb,,
7065,Shana,gram,Noun,,
7066,Shanam,small metal lime-case,Noun,,
7067,Shan-khung,rafter,Noun,,
7068,Shan-dang,gold or silver necklace,Noun,,
7069,Shanduh,to take or use a walking-stick,Verb,,
7070,Shanduwa,high canopy of cloth placed above a funeral pyre (shamianah),Noun,,
7071,Shane,hither; this side,Adverb,,
7073,Shaniah,to trust; lean on; confide in,Verb,,
7074,Shdn-mohor,obsolete silver coin of the Jaintia Rajas,Noun,,
7075,Shano,where?,Adverb,,
7076,Shano-shano,anywhere; wherever,Adverb,,
7077,Shano-re-shano,somewhere,Adverb,,
7078,Shanti,to support or rest on the hand,Verb,,
7080,Shaphang,towards; in the direction of; with reference to,Preposition,,
7081,Shaphrang,forward; to the front,Adverb,,
7082,Shaphrat,iron/copper badge worn by servants (chaprass),Noun,,
7083,Shapia,to press; squeeze,Verb,,
7084,Shapoh,inside; inwardly; internally,Adverb,,
7085,Shapyn,to cause; make; put into a state,Verb,,
7086,Sharak,to arrange; put in order,Verb,,
7087,Sharaw,to throw; fling,Verb,,
7088,Shari,ladder; steps,Noun,,
7089,Shapher,to separate; divide,Verb,,
7090,Shaphiang,to turn aside; divert,Verb,,
7091,Shapher-shapher,separately; apart,Adverb,,
7092,Shat,a hundred,Numeral,,
7093,Shat bynta,hundred parts; percentage,Noun,,
7094,Shathap,to seal tightly; close firmly,Verb,,
7095,Shathang,side; direction,Noun,,
7096,Shatphang,sideways; towards the side,Adverb,,
7097,Shat bynta,share; portion,Noun,,
7098,Shawi,to move away; go aside,Verb,,
7099,Shawei,to another place; elsewhere,Adverb,,
7100,Shawei-shawei,somewhere else; different places,Adverb,,
7101,Shem,to find; meet,Verb,,
7102,Shem bynta,to receive a share,Verb,,
7103,Shem jingïakynduh,to encounter; meet with,Verb,,
7104,Shiah,to rain,Verb,,
7105,Shiah slap,heavy rain,Noun,,
7106,Shiah sngi,sunshine after rain,Noun,,
7107,Shiah um,rainfall; rain water,Noun,,
7108,Shikha,one kind; one sort,Noun,,
7109,Shikynmaw,remembrance; memory,Noun,,
7111,Shikhmat,lifetime,Noun,,
7112,Shikhrum-ka-bneng,the whole world; the whole lot,Phrase,,
7113,Shikhub,measurement equal to the breadth of four fingers,Noun,,
7114,Shikia,circular frame of cane or bamboo-tie suspended for putting in or carrying things,Noun,,
7115,Shiklah,an arm’s length,Noun,,
7116,Shiktien,a mouthful,Noun,,
7117,Shi-kur,one clan,Noun,,
7118,Shi-kuri,a number containing 20; a score,Numeral,,
7119,Shi-kuro,a faction,Noun,,
7120,Shikyntien,a morsel; a single word,Noun,,
7121,Shida,innocent; simple; unsophisticated,Adjective,,
7122,Shi-dana,a bit; a little quantity,Noun,,
7123,Shi-dur,of the same form or shape; peculiar,Adjective,,
7124,Shi-rukom,peculiar,Adjective,,
7125,Sh’ing,bone; cowrie/pice after cardinal numbers; seed,Noun,,
7126,Sh’ing-budlum,spine,Noun,,
7127,Shi-hali,a number containing four,Numeral,,
7128,Shi-hara,a set; a group of the same kind of things,Noun,,
7130,Shi-iing-shisem,one family; one house,Noun,,
7132,Shiliang,half; opposite; one side,Noun,,
7133,Shiliang-khmat,partially; dishonestly,Adverb,,
7134,Shiliang-shiliang,each side; each party,Noun,,
7137,Shi-lymbher,one large heap,Noun,,
7138,Shi-lynter,the whole length; one piece cut off from a whole length,Noun,,
7139,Shim,to take; to receive,Verb,,
7140,Shim-bteng,to take the place of; continue; succeed to,Verb,,
7141,Shimi,a chemise,Noun,,
7142,Shim-shah,to buy a thing on credit,Verb,,
7143,Shim-siew,to take a thing by paying its cost price,Verb,,
7144,Shi-mynsiem,dearly; intimately,Adverb,,
7145,Shin (peit-),scrutinously; searchingly,Adverb,,
7146,Shini,sugar,Noun,,
7147,Shipa,need; want; trouble,Noun,,
7148,Shipaid,a length as much as can be clasped with both outstretched arms,Noun,,
7149,Shipki,sepoy; soldier,Noun,,
7150,Shiphang,for a short time; for the time being,Adverb,,
7151,Shiphah,a measure equal to one spoonful of iron ore,Noun,,
7152,Shi-piam,a length as much as can be passed round with both arms; a clasp,Noun,,
7153,Shi-piam-star,a length measured with a head-strap (“star”),Noun,,
7154,Shipung,a length from one joint to another,Noun,,
7155,Shir,an open handful of things; as much as fills the hollow of a hand,Noun,,
7156,Shira,parched rice,Noun,,
7157,Shi-ryn-ieng,from head to foot,Adverb,,
7158,Shisien,once; at one time,Adverb,,
7159,Shish,fie!,Interjection,,
7161,Shisyndon,at once,Adverb,,
7162,Shit,hot; warm; close,Adjective,,
7163,Sh'it,to pinch; to nip,Verb,,
7164,Shi-tda,length measured from tip of thumb to middle finger when stretched,Noun,,
7165,Shit-dang,to feel very hot (of persons only),Verb,,
7167,Shiteng-ar-teng,more than one occasion; often,Adverb,,
7168,Shiteng-synnia,midnight,Noun,,
7169,Shithi,letter; epistle,Noun,,
7170,Shithoh,a very small quantity,Noun,,
7171,Shidr,devotedly; much (given to),Adverb,,
7172,Shit-lhep / Shit-lhop,to be close (atmosphere); oppressively hot,Verb,,
7173,Shitom,trouble; pain; difficulty,Noun,,
7174,Shitor,a large flat fish,Noun,,
7175,Shit-rhem,to become glowingly hot; become zealous/enthusiastic,Verb,,
7176,Shi-tyllup,all over; throughout,Adverb,,
7177,Shiwait,one sweep of the sword; one throw in dice gambling,Noun,,
7179,Shla,to be angry; indignant,Verb,,
7180,Shlak,to dare; to venture,Verb,,
7181,Shlan,a plant whose leaves resemble a pineapple plant (Pandanus),Noun,,
7182,Shlei,to overflow,Verb,,
7184,Shlem,smelting-house; iron workshop,Noun,,
7185,Shler,very long and pointed,Adjective,,
7186,Shlim,small earthen cup fitted to a hookah for smoking,Noun,,
7187,Shlir,very pointed; tapering,Adjective,,
7189,Shna,to make; build; create,Verb,,
7190,Shniah,to trust; have confidence in,Verb,,
7191,Shngain,safe; secure; comfortable,Adjective,,
7192,Shngap,quiet; silent,Adjective,,
7193,Shnong,village; place of residence,Noun,,
7194,Shnongbah,town; capital; large settlement,Noun,,
7195,Shnongrim,foundation; basis,Noun,,
7196,Shoh,to beat; strike,Verb,,
7197,Shohbieit,to beat unfairly; ill-treat,Verb,,
7198,Shoh-doh,to kill an animal for food,Verb,,
7199,Shoh-noh,to commit murder for propitiation of “u Thlen”,Verb,,
7200,Shoh-tyndep,to confound; mislead; bewitch,Verb,,
7201,Shohshkor,earring,Noun,,
7202,Shoi,to the brim; full,Adverb,,
7203,Shoi,a very small bird,Noun,,
7204,Shon,to press; impress; print,Verb,,
7205,Shop,to thrust out; oust; thresh rice/millet; husk a second time,Verb,,
7206,Shrak,in order; in a row,Adverb,,
7207,Shi-iak,in order; in a row,Adverb,,
7208,Shrang,dry; parched (earth or weather),Adjective,,
7209,Shrah,arable land; fallow land,Noun,,
7210,Shrat,to clear off the scales of a fish with a sharp instrument,Verb,,
7211,Shreng,fin on the back of a fish; rind of jackfruit; spine; prickle,Noun,,
7212,Shrei,appearing in great numbers; abundantly,Adverb,,
7213,Shrem,many (standing prominently),Adverb,,
7214,Shri,to show the teeth; to grin,Verb,,
7215,Shriak,well arranged; in order,Adverb,,
7216,Shrieh,monkey; ape,Noun,,
7217,Shiiew,arum-root,Noun,,
7218,Shrip,basket placed in a stream for catching fish,Noun,,
7219,Shrong,carved margin; ornamental work,Noun,,
7220,Shroin,brittle,Adjective,,
7221,Shrop,all at once (especially of money),Adverb,,
7222,Shrut,to seize with the teeth; gnaw,Verb,,
7223,Shtah,to dress a stone with a mason's chisel or wood with an adze,Verb,,
7225,Shuki,chair,Noun,,
7226,Shukor,to deceive; to cheat,Verb,,
7227,Shukor,treacherous,Adjective,,
7228,Shuh,again; furthermore,Adverb,,
7230,Shubshuwa,wait for the present,Phrase,,
7231,Shuin,to touch; to come in contact with; to press upon,Verb,,
7232,Shum,there you are!,Interjection,,
7233,Shun,to hate; to be inimical with,Verb,,
7234,Shun,lime,Noun,,
7235,Shun-kot,catechu,Noun,,
7236,Shun-kpu,slaked lime,Noun,,
7237,Shun-dewiong,lime burnt with coal,Noun,,
7238,Shun-dieng,lime burnt with wood,Noun,,
7239,Shun-maw,unslaked lime; quick lime,Noun,,
7240,Shun-thlongmluh-thlongsying,to cherish a bitter inimical spirit; to be at daggers drawn,Phrase,,
7241,Shur,to press forward,Verb,,
7242,Shuri,long knife; dagger,Noun,,
7243,Shut,to sharpen; whet; hotly discuss,Verb,,
7244,Shutak,chatak (weight measure),Noun,,
7245,Shuti,dirty/base thing; holiday; underhand work,Noun,,
7246,Shuwa,first; before; previously; beforehand,Adverb,,
7247,Shwar,an evil spirit believed to possess certain clans in the Khasi Hills; attacks people by convulsive fits,Noun,,
7248,Shyngkhan / Shyngkhen,to be in a fix or dilemma; between Scylla and Charybdis,Verb,,
7249,Shyngkup,first room of a Khasi house; enclosed porch,Noun,,
7250,Shyng-iar,jet of water; stream of water; fountain,Noun,,
7251,Shyng-oid,manger,Noun,,
7252,Shyllangmat,brow,Noun,,
7253,Shylliah,mat,Noun,,
7254,Shyllip-nud,pit of the stomach,Noun,,
7255,Shylluit,to bloom,Verb,,
7256,Shym,particle used with negative verbs in the past tense,Particle,,
7257,Shympet,carbuncle,Noun,,
7258,Shympriah'ti,finger,Noun,,
7259,Shympriah'jat,toe,Noun,,
7260,Shymprong,prawn; shrimp,Noun,,
7261,Shyndiid,poutingly; sulkily,Adverb,,
7262,Shynna,conspicuously; clearly,Adverb,,
7263,Shynnai,afterbirth; placenta,Noun,,
7264,Shynrang,male; pipe,Noun,,
7265,Shynrang-kjat,shins,Noun,,
7266,Shynrdi,turmeric,Noun,,
7267,Shynraifi,noble; grand; dignified,Adjective,,
7268,Shynrain,dried small twig,Noun,,
7269,Shynrain,to cut jokes; to flirt,Verb,,
7270,Shynreh,buffalo,Noun,,
7271,Shynriah'ti,finger,Noun,,
7272,Shynrong,skull; egg-shell; timber frame of a roof,Noun,,
7273,Shynroin,beautifully set (teeth),Adjective,,
7274,Shynroin-riap,possessing winning manners; sociable,Adjective,,
7275,Shyntur,mouth; word,Noun,,
7276,Shyrkait,groin,Noun,,
7277,Shyrkhei,to set the teeth on edge; to be dreadful,Verb,,
7278,Shyrpet,fat oily part of a fish,Noun,,
7279,Shyrti,to clear the jungle for cultivation; to jhum,Verb,,
7280,Shyrtong,crest of a fowl or bird,Noun,,
7281,Shyrwat,see Shirwat,Noun,,
7282,Si,abbreviation of masi (cow/bull); abbreviation of ksi (head vermin),Noun,,
7284,Siak,straight on,Adverb,,
7286,S'iang,high (pitch),Adjective,,
7287,Siang-tyrpeng,shoulder-blade,Noun,,
7288,Siah,to pare; to cut,Verb,,
7289,Sian,clever; intelligent,Adjective,,
7290,Sianti,cunning; precocious; clever,Adjective,,
7291,S'ian,full,Adjective,,
7292,Siap,to insert,Verb,,
7294,Siar,gold (abbreviation of ksi-ar),Noun,,
7295,S'iar,cock; hen; fowl,Noun,,
7296,Siarkait,plantain-flower; a work like a plantain-flower,Noun,,
7297,Siarkha,wristlet (ornamental and hollow ones),Noun,,
7298,Siarkhang,earring resembling the shape of a fan,Noun,,
7299,Siar-long-kha,any treacherous act affecting the father or his relatives,Noun,,
7300,Siar-shrong,a kind of earring worn by males,Noun,,
7301,Siar-sla,gold leaf,Noun,,
7302,Siar-tylli,solid gold; a solid gold earring,Noun,,
7303,Sia-sia,in anger and in a threatening attitude,Adverb,,
7304,Sia-shi-sia,unceasingly; constantly,Adverb,,
7305,Siat,to shoot; to infect,Verb,,
7306,Siat-jingmut,to strike one's mind,Verb,,
7307,Siat-shon-shiw,to tread on the corns of another,Verb,,
7308,Siat-thong,to have a shooting match,Verb,,
7309,Siaw,to whistle,Verb,,
7310,Siaw-maw-iang,to teach one a hard lesson,Verb,,
7311,Siaw-siaw,in a whisper,Adverb,,
7312,Si-khar,a small cow imported from the plains and considered inferior,Noun,,
7313,Si-khynna,"a hill cow, considered superior to plains cattle",Noun,,
7314,Sied,to pounce upon; spring upon,Verb,,
7315,Sieng,smelling like snuff or chillies,Adjective,,
7317,Siej,bamboo,Noun,,
7318,S'iem,a king; chief; member of a Siem family,Noun,,
7319,S'iem-iong,a term applied to the Siem of Nongspung,Noun,,
7321,Sieng,smelling like snuff or chillies,Adjective,,
7323,Siej,bamboo,Noun,,
7324,S'iem,a king; chief; member of a Siem family,Noun,,
7325,S'iem-iong,a term applied to the Siem of Nongspung,Noun,,
7327,Siep,to be hidden; concealed,Verb,,
7330,Siewri,cheap; low-priced,Adjective,,
7331,Siewspah,to bargain; haggle over price,Verb,,
7332,Siew-synrang,bride price; marriage payment,Noun,,
7334,Sih-ling,six annas,Noun,,
7335,Sihphew,sixty,Numeral,,
7336,Sihphew-saw,sixty-four,Numeral,,
7337,Sihphew-ar-phew,seventy,Numeral,,
7338,Sih-rynai,six months,Noun,,
7339,Sih-tylli,six pieces,Numeral,,
7340,Sihun,a small measure,Noun,,
7341,Sik,to suck; sip,Verb,,
7342,Sik-khaw,to suck sugarcane,Verb,,
7343,Siki,a small coin; quarter anna,Noun,,
7344,Sil,thread; fibre,Noun,,
7345,Silang,to spread; extend,Verb,,
7346,Silang-khmat,in front; before,Adverb,,
7347,Silang-dien,behind; afterwards,Adverb,,
7348,Silat,smooth; polished,Adjective,,
7349,Sim,to fold; bend,Verb,,
7350,Sim bynta,part; portion,Noun,,
7351,Sim,bird,Noun,,
7352,Si-met,insect-mite; vermin which infests fowls,Noun,,
7353,Sim-krai,small bird resembling a lark,Noun,,
7354,Sim-kyllai-dohdit,wagtail,Noun,,
7355,Sim-khi-dieng,meddlesome and talkative fellow,Noun,,
7356,Sim-puhdieng,a creeper bird,Noun,,
7357,Sim-puhwieh,woodcock,Noun,,
7358,Sim-pyllieng,rainbow,Noun,,
7359,Sim-sohphoh,hoopoe; fop,Noun,,
7360,Sim-tung,blackbird,Noun,,
7361,Sim-tyngwieng,water-ouzel; a man who makes much show of his turban; fop,Noun,,
7362,Sin,to nickname,Verb,,
7363,Sip,to break a thing between the front teeth (as an acorn),Verb,,
7364,Sip-sip-sap-sap,in an underhand way; not openly,Adverb,,
7365,S’ir,to feel giddy; to be afraid of,Verb,,
7366,Sisa,lead,Noun,,
7367,Sisia,wild cinnamon; cassia,Noun,,
7368,S’it,evening; night-time,Noun,,
7369,Siw-siw,very cold,Adverb,,
7370,Siw-siw-siaw-siaw,whisperingly,Adverb,,
7371,Sid,leaf; surface; page,Noun,,
7372,Slak,firmly,Adverb,,
7373,Slait,tightly; well fitted,Adverb,,
7374,Sla’jat,sole of foot,Noun,,
7375,Slap,rain,Noun,,
7376,Sla’ti,palm of hand,Noun,,
7377,Sleh,to anoint; wash the head,Verb,,
7378,Sleit,slate,Noun,,
7379,Slem,long; late,Adjective,,
7380,Slew,kind of palm tree used for making leaf umbrellas,Noun,,
7381,Sliang,to thirst,Verb,,
7382,Sliah,to detach; take off (as a spear head from its handle); to denude,Verb,,
7383,Slieng,to put on the loin cloth,Verb,,
7384,Bliew,to blow wind into; to kindle a fire,Verb,,
7385,Sloit,to detach off; come off (as a knife from its handle),Verb,,
7386,Slor,to come off (as hair),Verb,,
7387,Slung,lock-up in which lunatics are confined in the Khasi Hills,Noun,,
7388,Sma,to have a bad smell; to smell,Verb,,
7389,Smak,smartly; strongly (as beating),Adverb,,
7390,Smai,to swear; to take an oath,Verb,,
7391,Smaintien,to wash the lips,Verb,,
7392,Smat,active; smart,Adjective,,
7393,Smep,in a large bundle (as herbs),Adverb,,
7394,Smiar,to the brim,Adverb,,
7395,Smiej,to feel ticklish; to feel dreadful,Verb,,
7396,Smoin,to the brim,Adverb,,
7397,Smom-smom,very soft (as wool),Adjective,,
7398,Smop-smop,very soft; tender,Adjective,,
7399,Sbur,rich; fertile (soil); generous,Adjective,,
7400,Snad,comb,Noun,,
7401,Snah,"expert in climbing up or sitting on a tree, rock, horse, etc.",Adjective,,
7402,Sndi,tired; irksome,Adjective,,
7403,Snaiap,spirit; ghost; wraith; incubus,Noun,,
7404,Snait,strainer,Noun,,
7405,Snam,blood,Noun,,
7406,Snap,relic; remaining articles,Noun,,
7407,Snar,wedge; hard and seasoned wood; heart of a tree,Noun,,
7408,Sneng,to reprove; correct; advise,Verb,,
7409,Snem,year; evil spirit causing headache/diseases; cholera,Noun,,
7410,Snep,bark; rind; cover,Noun,,
7411,Snep-kor,coconut,Noun,,
7412,Sn’er,feather,Noun,,
7414,Suing,tree of the oak family,Noun,,
7415,Sniang,pig,Noun,,
7416,Snieh,skin; hide; leather,Noun,,
7417,Snieh-doh,complexion; appearance,Noun,,
7418,Snier,entrails; bowels; limit,Noun,,
7419,Sniew,bad; evil; wicked,Adjective,,
7420,Sniew-bok,unlucky,Adjective,,
7421,Sniew-jew,very ugly,Adjective,,
7422,Sni-riang-ksiar,a god of the Synteng people located in a plantain tree or shrub near a dwelling house,Noun,,
7423,Snob,to cling; to adhere; to hang on,Verb,,
7424,Snuid,grove; corrugation,Noun,,
7425,Snur,cleavage; crack; seam,Noun,,
7426,Smir-thapbawa,spider's web,Noun,,
7427,Sok,equal to the occasion; faithful,Adjective,,
7430,Soh-amirphor,fabulous fairy fruit,Noun,,
7431,Soh-baingon,brinjal,Noun,,
7432,Soh-ben,"a very palatable fruit eaten after being cooked, resembling the core of a mango fruit stone",Noun,,
7433,Sohblei,"a sacrificer or puja maker, held sacred for the time being",Noun,,
7434,Soh-brdi,a small sour fruit with a hard seed,Noun,,
7435,Soh-buh,a fruit resembling a small orange,Noun,,
7436,Soh-byrthuh,a fruit resembling a lemon,Noun,,
7437,Soh-byrthuh-khlaw,a wild fruit resembling a lemon,Noun,,
7438,Soh-dieng,fruit of a tree; wooden fruit-like object,Noun,,
7439,Soh-dieng-khlaw,wild tree fruit,Noun,,
7440,Soh-doh,fruit; flesh/meat of fruit,Noun,,
7441,Soh-doh-bla,the edible flesh of a fruit,Noun,,
7442,Soh-jam,fruit of the rose-apple tree,Noun,,
7443,Soh-jam-jngam,a kind of wild fruit,Noun,,
7444,Soh-jyrmit,a kind of sour fruit,Noun,,
7445,Soh-khaw,sugarcane,Noun,,
7446,Soh-khlaw,wild fruit,Noun,,
7447,Soh-khlieh,orange,Noun,,
7448,Soh-khyndai,a kind of fruit,Noun,,
7449,Soh-kpait,a kind of fruit,Noun,,
7450,Soh-ksiar,"a fruit eaten by birds; literally ""golden fruit""",Noun,,
7451,Soh-kynbat,medicinal fruit/plant,Noun,,
7452,Soh-lyngdoh,a kind of wild fruit,Noun,,
7453,Soh-mynken,a kind of sour fruit,Noun,,
7454,Soh-mynri,a fruit resembling a plum,Noun,,
7455,Soh-pieh,a kind of wild fruit,Noun,,
7456,Soh-pyrshit,fruit of the prickly pear/cactus,Noun,,
7457,Soh-riew,a kind of fruit,Noun,,
7458,Soh-saw,a red fruit,Noun,,
7459,Soh-siar,a kind of fruit,Noun,,
7460,Soh-synrang,a kind of fruit,Noun,,
7461,Soh-tli,a kind of fruit,Noun,,
7462,Soh-tung,a kind of fruit,Noun,,
7463,Soh-tyrni,a kind of fruit,Noun,,
7464,Soh-um,water fruit; watery fruit,Noun,,
7465,Soh-padoi,to rock; to swing,Verb,,
7466,Soh-pai,fruit resembling a lime but with a sweetish taste,Noun,,
7467,Soh-pailen,water-fungus,Noun,,
7468,Soh-pairah,fruit used for washing clothes,Noun,,
7469,Soh-pdok,small berry; tomato,Noun,,
7470,Soh-pdung,large tubercular root used as a target in archery matches; a butt,Noun,,
7471,Soh-pen,wild earth-nut,Noun,,
7472,Soh-pet,navel; ends of a twisted string,Noun,,
7473,Soh-phan,jack-fruit,Noun,,
7474,Sohphi,sour fruit about the size of a plum with rough outside,Noun,,
7475,Sohphlang,edible root,Noun,,
7476,Sohphoh,wild apple; crab apple,Noun,,
7477,Sohphoh-Nongkhhiw,pear,Noun,,
7478,Soh-pieng,mango,Noun,,
7479,Soh-pong,species of fig,Noun,,
7480,Soh-prew,fruit of a creeper; cultivated variety used as vegetable,Noun,,
7481,Soh-pri-am,guava,Noun,,
7482,Soh-pyrshit,small black fruit used as fish-bait and for making ink,Noun,,
7483,Soh-pyrshong,Assamese kamranga (star fruit),Noun,,
7485,Soh-ramdieng,small fruit (Baccauria sapida; latka),Noun,,
7486,Soh-ryngkham,very small edible fruit of a shrub,Noun,,
7487,Soh-shang,sour red fruit about the size of an apricot,Noun,,
7488,Soh-shanglew,fruit of a shrub resembling an areca nut,Noun,,
7489,Sohshtin,strawberry,Noun,,
7490,Sohshnong,stranger; one who is not a citizen of a state/village,Noun,,
7491,Sohshur,wild pear,Noun,,
7492,Sohs'iem,alien; foreigner,Noun,,
7494,Soh-trun,pineapple,Noun,,
7495,Soh-tyngkoh,to limp,Verb,,
7496,Soh-tyntoi,tamarind,Noun,,
7498,Soin,straight on; without difficulty,Adverb,,
7499,Soit,away,Adverb,,
7500,Soitan,Satan,Noun,,
7502,Sop-bajar,to thatch a house by putting another layer of grass over the old one,Verb,,
7503,Sop-jat,legging,Noun,,
7504,Sop-sarang,to become rusty,Verb,,
7505,Sop-sieh,to repair old thatching by spreading grass where necessary,Verb,,
7506,Sopti,coat,Noun,,
7511,Sorkar,Government,Noun,,
7512,Sorki,mortar,Noun,,
7513,Sordar,sirdar; village headman,Noun,,
7514,S'or,to crack,Verb,,
7517,Stieh,shield,Noun,,
7518,Sting,light; not heavy,Adjective,,
7519,Stir,mud partition in a paddy field separating one bed from another; isle,Noun,,
7520,Stung,sod; turf,Noun,,
7521,Stui,well heaped up,Adverb,,
7523,Suba-ni,fastidiously clean,Adverb,,
7524,Suk,happy; contented,Adjective,,
7525,Suka,four-anna piece; one-fourth of a rupee,Noun,,
7526,Suki,slow; gradual,Adjective,,
7527,Sud,to take off; pull out,Verb,,
7528,Sudu,fool; simpleton,Noun,,
7532,Suh,to sew; to thrust; to suffer from colic/throes; to deal in an underhand way,Verb,,
7533,Suhbudkhia,back-stitching,Noun,,
7534,Suh-buit,to incite; to plot,Verb,,
7535,Suh-khun,to be in labour,Verb,,
7536,Suh-khylliap,hemming,Noun,,
7537,Suh-kyndang,to pass a string/thread/stick through the body of a thing; to string pieces of meat together,Verb,,
7538,Suh-dong,to stretch far inland or into another’s kingdom,Verb,,
7539,Suh-jut,to have false pains,Verb,,
7540,Suh-jyllai,to have intermittent or neuralgic pains,Verb,,
7542,Suh-mar-iap,to make the last effort; hazard oneself,Verb,,
7543,Suh-ot,dysentery,Noun,,
7544,Suh-pynpur,running-stitch,Noun,,
7546,Suh-sieng,very pungent (smell),Adjective,,
7547,Suh-synri,pain caused by contraction of the womb after childbirth,Noun,,
7548,Suh-tak,a long temporary stitch; tack,Noun,,
7549,Suh-thied,to take root,Verb,,
7550,Suh-tok,to throw gently (as in playing with cowries),Verb,,
7551,Suh-tyngka,to bribe,Verb,,
7552,Suid,evil spirit; devil (abbreviation of ksuid),Noun,,
7553,Suid-khai,to care; to take heed,Verb,,
7554,Suid-kynsai,to bewitch; cast an evil spell,Verb,,
7555,Suid-lait,to free from evil influence,Verb,,
7556,Suid-lam,to injure by the influence of an evil spirit,Verb,,
7557,Suid-nongthaw,evil spirit believed to cause disease,Noun,,
7558,Suid-tynrai,ancestral evil spirit,Noun,,
7559,Suih,to peel; strip off; remove,Verb,,
7560,Suih-jain,to strip off clothes,Verb,,
7561,Suih-khniang,to remove husk/outer covering,Verb,,
7562,Suih-kor,to peel the bark of a tree,Verb,,
7563,Suih-pyrshah,to strip off in opposition; uncover,Verb,,
7564,Suih-rben,to remove a wrapper or covering,Verb,,
7565,Suih-sap,to peel completely,Verb,,
7566,Suih-teng,to peel gradually,Verb,,
7567,Suih-tynrai,to remove the original covering,Verb,,
7568,Suin,to suck; absorb,Verb,,
7569,Suin-um,to drink by sucking,Verb,,
7570,Suip,to dip; immerse; soak,Verb,,
7571,Suip-jynriew,to baptise; immerse ceremonially,Verb,,
7572,Suit,to replace; exchange,Verb,,
7573,Suit-jingmut,to change one's mind,Verb,,
7574,Suit-shong,to change residence,Verb,,
7575,Suit-sylla,to change position/place,Verb,,
7576,Suit-tyngka,to exchange money,Verb,,
7577,Sujuh,to refuse; reject,Verb,,
7579,Suk-jingmut,to be pleased; satisfied mentally,Verb,,
7580,Suk-ksiang,happiness; contentment,Noun,,
7581,Suk-luk,to be fortunate; lucky,Verb,,
7582,Suk-mon,gladness; pleasure,Noun,,
7583,Suk-riew,to be very happy,Verb,,
7584,Suk-sah,to remain contented,Verb,,
7585,Suk-suk,very happy; cheerful,Adjective,,
7586,Sukynrad,to be fortunate,Verb,,
7587,Suloi,a kind of bird,Noun,,
7588,Sum,to bathe,Verb,,
7589,Sum-jan,to bathe someone,Verb,,
7590,Sum-jingim,ceremonial bathing after birth,Noun,,
7591,Sum-khlieh,to bathe in cold water,Verb,,
7592,Sum-lieh,to bathe secretly,Verb,,
7593,Sum-lum,to wash completely,Verb,,
7594,Sum-pynkhuid,to cleanse; purify,Verb,,
7595,Sum-sngi,to bathe in sunlight,Verb,,
7596,Sum-thiah,to bathe before sleeping,Verb,,
7597,Sum-tyngka,to bathe with money offering (ceremonial),Verb,,
7598,Suna,a small fish,Noun,,
7599,Sung,to carry on the back; bear,Verb,,
7600,Sung-dorbar,court messenger; official attendant,Noun,,
7601,Sung-jingmut,to carry responsibility; bear a burden,Verb,,
7602,Sung-khmut,to carry secretly,Verb,,
7603,Sung-nong,to support; maintain,Verb,,
7604,Sung-riew,to carry someone,Verb,,
7605,Sung-sngi,to carry during the daytime,Verb,,
7606,Sung-um,to carry water,Verb,,
7607,Suin,the sky; atmosphere,Noun,,
7608,Suit,to pour as a libation; to gild,Verb,,
7609,'suit,matter from a sore or wound; pus,Noun,,
7610,Suit,to pour water into fire in order to put it out,Verb,,
7611,'suit-nam,matter mixed with blood,Noun,,
7612,Sulet,to be useful; to be fit,Verb,,
7613,Suloi,gun,Noun,,
7614,Suloi-shamok,matchlock,Noun,,
7615,Sulom,dandruff on the face,Noun,,
7616,Sum,to bathe,Verb,,
7617,Sumar,to take care of; to be careful,Verb,,
7618,Sunod,sanad; appointment parwana,Noun,,
7619,Sup,"big basket for putting grain, etc.",Noun,,
7620,Supdok,short and stout,Adjective,,
7621,Suphu,bulky,Adjective,,
7622,Supiw,with fat and sunken eyes,Adjective,,
7623,Sur,tune; voice; sound,Noun,,
7624,Sur,to blow the nose,Verb,,
7625,Sur-ang,to cover the mouth of an overfull sack with leaves and stitch it,Verb,,
7626,Sur-dam,to stitch so as to close an opening or rent,Verb,,
7627,Sur-eitmat,to have the eye glued with eye-pus,Verb,,
7628,Sur-eitmut,to blow the nose,Verb,,
7629,Suri,wolf,Noun,,
7630,Surik,to conspire or secretly consult with,Verb,,
7631,Surok,road,Noun,,
7632,Sur-thapbawa,to be covered with spider’s web,Verb,,
7633,Sut,interest,Noun,,
7634,Sut,to pull gently; to drag,Verb,,
7635,Suwai,particles of dust or sand,Noun,,
7636,Suwan,satisfied; complete,Adjective,,
7637,Suwaga,borax,Noun,,
7638,Suwara,saltpetre,Noun,,
7639,Suware,perfunctorily,Adverb,,
7640,Swai,frail; weak; infirm,Adjective,,
7641,Swait,to fly about; hover; prowl; watch for opportunities; be on the look-out,Verb,,
7642,Swar,to cross-examine,Verb,,
7643,Sybak,with a thud (same as sbak),Adverb,,
7644,Syboh,manure; adhesive froth (same as sboh),Noun,,
7645,Sydang,to begin; to commence,Verb,,
7646,Syngkai,waist; loins,Noun,,
7647,Syngkai-bamon,"a god who causes people to die by violent death (battle, tiger, etc.)",Noun,,
7648,Syngken,maternal uncle’s wife,Noun,,
7649,Syngken-kurim,mother-in-law,Noun,,
7650,Syngket,precipice,Noun,,
7651,Syngkha,armlet,Noun,,
7653,Syngkhin,bayonet,Noun,,
7654,Syngkhlieh,pillow,Noun,,
7655,Syngkhor,to snore,Verb,,
7656,Syngngeit,to throw down to the ground with force,Verb,,
7657,Syng-iang,bright red,Adjective,,
7658,Syng-it,tight; choking,Adjective,,
7659,Syng-it-ldm,place/saddle where two hills meet,Noun,,
7660,Synglan,pointed-headed (as a pointed hill/peak),Adjective,,
7661,Sylla,to consult; conspire; plot; instigate,Verb,,
7662,Syllang,very hot or pungent (as from blisters),Adjective,,
7663,Syllai,cultivated land recently abandoned,Noun,,
7664,Sylli,small species of bamboo found on the Cherra side,Noun,,
7665,Syllih,flying squirrel,Noun,,
7666,Syllok,to insinuate; take counsel together; have fellowship,Verb,,
7667,Syllut,from one side to another; right through; clean through,Adverb,,
7668,Syntiew,flower,Noun,,
7669,Syntiew-bap,a kind of flower,Noun,,
7670,Syntiew-jingmut,thought; idea; imagination,Noun,,
7671,Syntiew-khlieh,head ornament/flower decoration,Noun,,
7672,Syntiew-khraw,a large flower,Noun,,
7673,Syntiew-pyrshah,opposite flower; counter decoration,Noun,,
7674,Syntiew-riew,wild flower,Noun,,
7675,Syntiew-sngi,sunflower,Noun,,
7676,Syntiew-tiar,a flower used as ornament,Noun,,
7677,Synton,to be united; joined together,Verb,,
7678,Syntu,to push; press,Verb,,
7679,Syntuid,to pour down; flow,Verb,,
7680,Syntyr,to tremble; shake,Verb,,
7681,Sypa,to break into pieces; split,Verb,,
7682,Syngai,to give; offer,Verb,,
7683,Syngat,to lift; raise,Verb,,
7684,Syngkha,armlet,Noun,,
7685,Syngkhlieh,pillow,Noun,,
7686,Syngkhor,to snore,Verb,,
7687,Syngngeit,to throw down violently,Verb,,
7688,Synglap,to spread; extend,Verb,,
7689,Syngkhai,to begin; start,Verb,,
7690,Syngkyn,to meet; encounter,Verb,,
7691,Syngkyr,to tremble; shake,Verb,,
7692,Syngngiew,to shine; glitter,Verb,,
7693,Syngphong,to overflow; spill over,Verb,,
7694,Syngrang,male; masculine,Adjective,,
7695,Syngrim,foundation; base,Noun,,
7696,Syngroi,to grow; increase,Verb,,
7697,Syngsah,to remain; continue,Verb,,
7698,Syngshai,to become clear; bright,Verb,,
7700,Syngthoh-dak,handwriting; written letter,Noun,,
7701,Syngthoh-lypa,written document,Noun,,
7702,Syngthoh-shithi,written letter,Noun,,
7703,Syngtuid,to flow down; descend,Verb,,
7704,Syngtyr,to tremble; quiver,Verb,,
7705,Syngwait,to fly about; hover,Verb,,
7706,Syngwiah,to become clean; clear,Verb,,
7707,Syngwiang,to shine brightly,Verb,,
7708,Syng-ïew,market; place of trade,Noun,,
7709,Syng-kynthei,marriage ceremony,Noun,,
7710,Syng-lyngkot,shortness; brevity,Noun,,
7711,Symbai,seed,Noun,,
7712,Symboh,grain; a piece of the inside of a fruit,Noun,,
7713,Bymboh-kpieng,a single bead,Noun,,
7714,Sympa,natural hive (as in crevices of rocks or hollow trees),Noun,,
7715,Sympain,to wrap; to dress; to caress,Verb,,
7716,Symparat,species of palm which generally grows on precipitous places,Noun,,
7717,Symparbret,nettle-rash,Noun,,
7718,Sympat,to whip; to thrash,Verb,,
7719,Sympei,a heap of earth in front of the hole of a mouse,Noun,,
7720,Symphiah,whisk,Noun,,
7721,Symphlein,bloodlessly (white),Adverb,,
7722,Symphlen,destitute of hair,Adjective,,
7724,Syndam,flat; low; depressed; well beaten,Adjective,,
7725,Syndem,flat-nosed,Adjective,,
7726,Syndim,crouchingly; stealthily,Adverb,,
7727,Syndong,to roll up the clothes as when wading a stream,Verb,,
7728,Syndon,finally; once for all,Adverb,,
7729,Syndot-myrsiang,having the peculiar unpleasant smell of a jackal; smelling of musk,Adjective,,
7730,Synduk,box,Noun,,
7731,Syiang,high pitched,Adjective,,
7732,Synjap,slack; not tight,Adjective,,
7733,Synjat,pledge; earnest,Noun,,
7734,Synjor,loose; not tight; lax,Adjective,,
7735,Synjuk,to be unanimous; agree; come to an understanding,Verb,,
7736,Synlar,plain; simple (food),Adjective,,
7737,Synnia,night; darkness,Noun,,
7739,Synrang,coping of a rock or cave,Noun,,
7740,Synrdi,autumn,Noun,,
7741,Synran,disciple; follower,Noun,,
7742,Synrap,to join; to coalesce,Verb,,
7743,Synrei,pestle generally made of wood,Noun,,
7744,Synreit,to sprinkle,Verb,,
7745,Synri,to be joined; united; related,Verb,,
7746,Synriang,to spread; extend; become wider,Verb,,
7747,Synrum,to gather together; assemble,Verb,,
7748,Syntiew,flower,Noun,,
7749,Syntiew-bap,a kind of flower,Noun,,
7750,Syntiew-jingmut,thought; idea; imagination,Noun,,
7751,Syntiew-khlieh,head ornament made of flowers,Noun,,
7752,Syntiew-khraw,a large flower,Noun,,
7753,Syntiew-pyrshah,opposite flower; counter decoration,Noun,,
7754,Syntiew-riew,wild flower,Noun,,
7755,Syntiew-sngi,sunflower,Noun,,
7756,Syntiew-tiar,flower used as ornament,Noun,,
7757,Synton,to be united; joined together,Verb,,
7758,Syntu,to push; press,Verb,,
7759,Syntuid,to pour down; flow,Verb,,
7760,Syntyr,to tremble; shake,Verb,,
7761,Sypa,to break into pieces; split,Verb,,
7762,Syngai,to give; offer,Verb,,
7763,Syngat,to lift; raise,Verb,,
7764,Synglap,to spread; extend,Verb,,
7765,Syngkhai,to begin; start,Verb,,
7766,Syngkyn,to meet; encounter,Verb,,
7767,Syngkyr,to tremble; shake,Verb,,
7768,Syngngiew,to shine; glitter,Verb,,
7769,Syngphong,to overflow; spill over,Verb,,
7770,Syngrang,male; masculine,Adjective,,
7771,Syngrim,foundation; base,Noun,,
7772,Syngroi,to grow; increase,Verb,,
7773,Syngsah,to remain; continue,Verb,,
7774,Syngshai,to become clear; bright,Verb,,
7776,Syngthoh-dak,handwriting; written letter,Noun,,
7777,Syngthoh-lypa,written document,Noun,,
7778,Syngthoh-shithi,written letter,Noun,,
7779,Syngtuid,to flow down; descend,Verb,,
7780,Syngtyr,to tremble; quiver,Verb,,
7781,Syngwait,to fly about; hover,Verb,,
7782,Syngwiah,to become clean; clear,Verb,,
7783,Syngwiang,to shine brightly,Verb,,
7784,Syng-ïew,market; place of trade,Noun,,
7785,Syng-kynthei,marriage ceremony,Noun,,
7786,Syng-lyngkot,shortness; brevity,Noun,,
7787,Symbai,seed,Noun,,
7788,Symboh,grain; piece of the inside of a fruit,Noun,,
7789,Sympa,natural hive (in rocks or hollow trees),Noun,,
7790,Sympain,to wrap; dress; caress,Verb,,
7791,Symparat,species of palm growing on precipitous places,Noun,,
7792,Symparbret,nettle-rash,Noun,,
7793,Sympat,to whip; thrash,Verb,,
7794,Sympei,heap of earth in front of a mouse hole,Noun,,
7795,Symphiah,whisk,Noun,,
7796,Symphlein,bloodlessly (white),Adverb,,
7797,Symphlen,destitute of hair,Adjective,,
7799,Syndam,flat; low; depressed; well beaten,Adjective,,
7800,Syndem,flat-nosed,Adjective,,
7801,Syndim,crouchingly; stealthily,Adverb,,
7802,Syndong,to roll up clothes when wading a stream,Verb,,
7803,Syndon,finally; once for all,Adverb,,
7804,Syndot-myrsiang,having the unpleasant smell of a jackal; smelling of musk,Adjective,,
7805,Synduk,box,Noun,,
7806,Syiang,high pitched,Adjective,,
7807,Synjap,slack; not tight,Adjective,,
7808,Synjat,pledge; earnest,Noun,,
7809,Synjor,loose; not tight; lax,Adjective,,
7810,Synjuk,to be unanimous; agree; come to an understanding,Verb,,
7811,Synlar,plain; simple (food),Adjective,,
7812,Synnia,night; darkness,Noun,,
7814,Synrang,coping of a rock or cave,Noun,,
7815,Synrdi,autumn,Noun,,
7816,Synran,disciple; follower,Noun,,
7817,Synrap,to join; to coalesce,Verb,,
7818,Synrei,pestle (generally made of wood),Noun,,
7819,Synreit,to sprinkle,Verb,,
7820,Synri,to be joined; united; related,Verb,,
7821,Synriang,to spread; extend; become wider,Verb,,
7822,Synrum,to gather together; assemble,Verb,,
7823,Syntiew,flower,Noun,,
7824,Syntiew-bap,a kind of flower,Noun,,
7825,Syntiew-jingmut,thought; idea; imagination,Noun,,
7826,Syntiew-khlieh,head ornament made of flowers,Noun,,
7827,Syntiew-khraw,a large flower,Noun,,
7828,Syntiew-pyrshah,opposite flower; counter decoration,Noun,,
7829,Syntiew-riew,wild flower,Noun,,
7830,Syntiew-sngi,sunflower,Noun,,
7831,Syntiew-tiar,flower used as ornament,Noun,,
7832,Synton,to be united; joined together,Verb,,
7833,Syntu,to push; press,Verb,,
7834,Syntuid,to pour down; flow,Verb,,
7835,Syntyr,to tremble; shake,Verb,,
7836,Sypa,to break into pieces; split,Verb,,
7837,Syngai,to give; offer,Verb,,
7838,Syngat,to lift; raise,Verb,,
7839,Synglap,to spread; extend,Verb,,
7840,Syngkhai,to begin; start,Verb,,
7841,Syngkyn,to meet; encounter,Verb,,
7842,Syngkyr,to tremble; shake,Verb,,
7843,Syngngiew,to shine; glitter,Verb,,
7844,Syngphong,to overflow; spill over,Verb,,
7845,Syngrang,male; masculine,Adjective,,
7846,Syngrim,foundation; base,Noun,,
7847,Syngroi,to grow; increase,Verb,,
7848,Syngsah,to remain; continue,Verb,,
7849,Syngshai,to become clear; bright,Verb,,
7851,Syngthoh-dak,handwriting; written letter,Noun,,
7852,Syngthoh-lypa,written document,Noun,,
7853,Syngthoh-shithi,written letter,Noun,,
7854,Syngtuid,to flow down; descend,Verb,,
7855,Syngtyr,to tremble; quiver,Verb,,
7856,Syngwait,to fly about; hover,Verb,,
7857,Syngwiah,to become clean; clear,Verb,,
7858,Syngwiang,to shine brightly,Verb,,
7859,Syng-ïew,market; place of trade,Noun,,
7860,Syng-kynthei,marriage ceremony,Noun,,
7861,Syng-lyngkot,shortness; brevity,Noun,,
7862,Symbai,seed,Noun,,
7863,Symboh,grain; a piece of the inside of a fruit,Noun,,
7864,Sympa,natural hive (as in crevices of rocks or hollow trees),Noun,,
7865,Sympain,to wrap; dress; caress,Verb,,
7866,Symparat,species of palm growing on precipitous places,Noun,,
7867,Symparbret,nettle-rash,Noun,,
7868,Sympat,to whip; thrash,Verb,,
7869,Sympei,heap of earth in front of the hole of a mouse,Noun,,
7870,Symphiah,whisk,Noun,,
7871,Symphlein,bloodlessly (white),Adverb,,
7872,Symphlen,destitute of hair,Adjective,,
7874,Syndam,flat; low; depressed; well beaten,Adjective,,
7875,Syndem,flat-nosed,Adjective,,
7876,Syndim,crouchingly; stealthily,Adverb,,
7877,Syndong,to roll up clothes as when wading a stream,Verb,,
7878,Syndon,finally; once for all,Adverb,,
7879,Syndot-myrsiang,having the peculiar unpleasant smell of a jackal; smelling of musk,Adjective,,
7880,Synduk,box,Noun,,
7881,Synrem,a kind of stinging nettle,Noun,,
7882,Synri,the womb,Noun,,
7883,Synriah,to sneeze,Verb,,
7884,Synrop,double; twin,Adjective,,
7885,Synrwid,to sweep or scratch past a thing,Verb,,
7886,Syntiew,flower,Noun,,
7887,Syntiew-bap,a kind of flower,Noun,,
7888,Syntiew-jingmut,thought; idea; imagination,Noun,,
7889,Syntiew-khlieh,flower ornament worn on the head,Noun,,
7890,Syntiew-khraw,a large flower,Noun,,
7891,Syntiew-pyrshah,opposite/counter flower decoration,Noun,,
7892,Syntiew-riew,wild flower,Noun,,
7893,Syntiew-sngi,sunflower,Noun,,
7894,Syntiew-tiar,ornamental flower,Noun,,
7895,Synton,to be united; joined together,Verb,,
7896,Syntu,to push; press,Verb,,
7897,Syntuid,to pour down; flow,Verb,,
7898,Syntyr,to tremble; shake,Verb,,
7899,Sypa,to break into pieces; split,Verb,,
7900,Syngai,to give; offer,Verb,,
7901,Syngat,to lift; raise,Verb,,
7902,Synglap,to spread; extend,Verb,,
7903,Syngkhai,to begin; start,Verb,,
7904,Syngkyn,to meet; encounter,Verb,,
7905,Syngkyr,to tremble; shake,Verb,,
7906,Syngngiew,to shine; glitter,Verb,,
7907,Syngphong,to overflow; spill over,Verb,,
7908,Syngrang,male; masculine,Adjective,,
7909,Syngrim,foundation; base,Noun,,
7910,Syngroi,to grow; increase,Verb,,
7911,Syngsah,to remain; continue,Verb,,
7912,Syngshai,to become clear; bright,Verb,,
7914,Syngthoh-dak,handwriting; written letter,Noun,,
7915,Syngthoh-lypa,written document,Noun,,
7916,Syngthoh-shithi,written letter,Noun,,
7917,Syngtuid,to flow down; descend,Verb,,
7918,Syngtyr,to tremble; quiver,Verb,,
7919,Syngwait,to fly about; hover,Verb,,
7920,Syngwiah,to become clean; clear,Verb,,
7921,Syngwiang,to shine brightly,Verb,,
7922,Syng-ïew,market; place of trade,Noun,,
7923,Syng-kynthei,marriage ceremony,Noun,,
7924,Syng-lyngkot,shortness; brevity,Noun,,
7925,Symbai,seed,Noun,,
7926,Symboh,grain; a piece of the inside of a fruit,Noun,,
7927,Sympa,natural hive (as in crevices of rocks or hollow trees),Noun,,
7928,Sympain,to wrap; to dress; to caress,Verb,,
7929,Symparat,species of palm which grows on precipitous places,Noun,,
7930,Symparbret,nettle-rash,Noun,,
7931,Sympat,to whip; to thrash,Verb,,
7932,Sympei,heap of earth in front of a mouse hole,Noun,,
7933,Symphiah,whisk,Noun,,
7934,Symphlein,bloodlessly; white,Adverb,,
7935,Symphlen,destitute of hair,Adjective,,
7937,Syndam,flat; low; depressed; well beaten,Adjective,,
7938,Syndem,flat-nosed,Adjective,,
7939,Syndim,crouchingly; stealthily,Adverb,,
7940,Syndong,to roll up clothes as when wading a stream,Verb,,
7941,Syndon,finally; once for all,Adverb,,
7942,Syndot-myrsiang,having the peculiar unpleasant smell of a jackal; smelling of musk,Adjective,,
7943,Synduk,box,Noun,,
7944,Syiar,to go astray; wander,Verb,,
7945,Syiar shnong,to wander from village to village,Verb,,
7946,Syiar pyrthei,to travel about the world,Verb,,
7947,Syiar shnong,traveller; wanderer,Noun,,
7948,Syiar paidbah,public wandering; roaming,Noun,,
7949,Syiar thma,soldier/scout going around in war,Noun,,
7950,Syiar jingïaid,to travel on foot,Verb,,
7926,Symboh,grain; a piece of the inside of a fruit,Noun,,
7927,Sympa,natural hive (as in crevices of rocks or hollow trees),Noun,,
7928,Sympain,to wrap; to dress; to caress,Verb,,
7929,Symparat,species of palm which grows on precipitous places,Noun,,
7930,Symparbret,nettle-rash,Noun,,
7931,Sympat,to whip; to thrash,Verb,,
7932,Sympei,heap of earth in front of a mouse hole,Noun,,
7933,Symphiah,whisk,Noun,,
7934,Symphlein,bloodlessly; white,Adverb,,
7935,Symphlen,destitute of hair,Adjective,,
7937,Syndam,flat; low; depressed; well beaten,Adjective,,
7938,Syndem,flat-nosed,Adjective,,
7939,Syndim,crouchingly; stealthily,Adverb,,
7940,Syndong,to roll up clothes as when wading a stream,Verb,,
7941,Syndon,finally; once for all,Adverb,,
7942,Syndot-myrsiang,having the peculiar unpleasant smell of a jackal; smelling of musk,Adjective,,
7943,Synduk,box,Noun,,
7944,Syiar,to go astray; wander,Verb,,
7945,Syiar shnong,to wander from village to village,Verb,,
7946,Syiar pyrthei,to travel about the world,Verb,,
7947,Syiar shnong,traveller; wanderer,Noun,,
7948,Syiar paidbah,public wandering; roaming,Noun,,
7949,Syiar thma,soldier/scout going around in war,Noun,,
7950,Syiar jingïaid,to travel on foot,Verb,,
7881,Syiang,high pitched,Adjective,,
7882,Synjap,slack; not tight,Adjective,,
7883,Synjat,pledge; earnest,Noun,,
7884,Synjor,loose; not tight; lax,Adjective,,
7885,Synjuk,to be unanimous; agree; come to an understanding,Verb,,
7886,Synlar,plain; simple (food),Adjective,,
7887,Synnia,night; darkness,Noun,,
7889,Synrang,coping of a rock or cave,Noun,,
7890,Synrdi,autumn,Noun,,
7891,Synran,disciple; follower,Noun,,
7892,Synrap,to join; to coalesce,Verb,,
7893,Synrei,pestle generally made of wood,Noun,,
7894,Synreit,to sprinkle,Verb,,
7895,Synrem,a kind of stinging nettle,Noun,,
7896,Synri,the womb,Noun,,
7897,Synriah,to sneeze,Verb,,
7898,Synrop,double; twin,Adjective,,
7899,Synrwid,to sweep or scratch past a thing,Verb,,
7900,Synrum,rubbish,Noun,,
7901,Synsar,a broom,Noun,,
7902,Synshar,to rule; to govern,Verb,,
7903,Ka Synshar,the highest goddess of the Synteng mythology,Noun,,
7904,Synshar,to ram; to drive in,Verb,,
7905,Syntai,a hunch; hump,Noun,,
7906,Syntan,a hardy or strong-minded fellow,Noun,,
7907,Syntiew,flower,Noun,,
7908,Syntiew-bap,a kind of flower,Noun,,
7909,Syntiew-jingmut,thought; idea; imagination,Noun,,
7910,Syntiew-khlieh,flower ornament worn on the head,Noun,,
7911,Syntiew-khraw,a large flower,Noun,,
7912,Syntiew-pyrshah,opposite flower; counter decoration,Noun,,
7913,Syntiew-riew,wild flower,Noun,,
7914,Syntiew-sngi,sunflower,Noun,,
7915,Syntiew-tiar,ornamental flower,Noun,,
7916,Synton,to be united; joined together,Verb,,
7917,Syntu,to push; press,Verb,,
7918,Syntuid,to pour down; flow,Verb,,
7919,Syntyr,to tremble; shake,Verb,,
7920,Sypa,to break into pieces; split,Verb,,
7921,Syngai,to give; offer,Verb,,
7922,Syngat,to lift; raise,Verb,,
7923,Syngkai,the waist; the loins,Noun,,
7924,Syngkai-bamon,"a god who causes people to die by violent death (battle, tiger, etc.)",Noun,,
7925,Syngken,maternal uncle’s wife,Noun,,
7926,Syngken-kurim,mother-in-law,Noun,,
7927,Syngket,precipice,Noun,,
7928,Syngkha,armlet,Noun,,
7930,Syngkhin,bayonet,Noun,,
7931,Syngkhlieh,pillow,Noun,,
7932,Syngkhor,to snore,Verb,,
7933,Syngngeit,to throw down to the ground with force,Verb,,
7934,Syng-iang,bright (red),Adverb,,
7935,Syng-it,tight; choking,Adjective,,
7936,Syng-it-ldm,the place or saddle where two hills meet,Noun,,
7937,Synglan,pointed-headed,Adjective,,
7938,Sylla,to consult; to conspire; to plot; to instigate,Verb,,
7939,Syllang,very hot or pungent (as from blisters),Adverb,,
7940,Syllai,cultivated land which has very recently been abandoned,Noun,,
7941,Sylli,a small species of bamboo found on the Cherra side,Noun,,
7942,Syllih,flying squirrel,Noun,,
7943,Syllok,to insinuate; to take counsel together; to have fellowship,Verb,,
7944,Syllut,from one side to another; right through; clean through,Adverb,,
7945,Symbai,seed,Noun,,
7946,Symboh,grain; piece of the inside of a fruit,Noun,,
7947,Bymboh-kpieng,a single bead,Noun,,
7948,Sympa,natural hive (as in crevices of rocks or hollow trees),Noun,,
7949,Sympain,to wrap; to dress; to caress,Verb,,
7950,Symparat,species of palm which generally grows on precipitous places,Noun,,
7951,Symparbret,nettle-rash,Noun,,
7952,Sympat,to whip; to thrash,Verb,,
7953,Sympei,a heap of earth in front of the hole of a mouse,Noun,,
7954,Symphiah,a whisk,Noun,,
7955,Symphlein,bloodlessly (white),Adverb,,
7956,Symphlen,destitute of hair,Adjective,,
7958,Syndam,flat; low; depressed; well beaten,Adjective,,
7959,Syndem,flat-nosed,Adjective,,
7960,Syndim,crouchingly; stealthily,Adverb,,
7961,Syndong,to roll up the clothes as when wading a stream,Verb,,
7962,Syndon,finally; once for all,Adverb,,
7963,Syndot-myrsiang,having the unpleasant smell as of a jackal; smelling of musk,Adjective,,
7964,Synduk,a box,Noun,,
7965,Syiang,high pitched,Adjective,,
7966,Synjap,slack; not tight,Adjective,,
7967,Synjat,a pledge; an earnest,Noun,,
7968,Synjor,loose; not tight; lax,Adjective,,
7969,Synjuk,to be unanimous; to agree; to come to an understanding,Verb,,
7970,Synlar,plain; simple (food),Adjective,,
7971,Synnia,night; darkness,Noun,,
7973,Synrang,coping of a rock or cave,Noun,,
7974,Synrdi,autumn,Noun,,
7975,Synran,disciple; follower,Noun,,
7976,Synrap,to join; to coalesce,Verb,,
7977,Synrei,pestle generally made of wood,Noun,,
7978,Synreit,to sprinkle,Verb,,
7979,Synrem,a kind of stinging nettle,Noun,,
7980,Synri,the womb,Noun,,
7981,Synriah,to sneeze,Verb,,
7982,Synrop,double; twin,Adjective,,
7983,Synrwid,to sweep or scratch past a thing,Verb,,
7984,Synrum,rubbish,Noun,,
7985,Synsar,a broom,Noun,,
7986,Synshar,to rule; to govern,Verb,,
7987,Ka Synshar,the highest goddess of the Synteng mythology,Noun,,
7988,Synshar,to ram; to drive in,Verb,,
7989,Syntai,a hunch; hump,Noun,,
7990,Syntan,a hardy or strong-minded fellow,Noun,,
7991,Synteng,people of the Jaintia Hills,Noun,,
7992,Syntiat,to lay in ambush; to spy,Verb,,
7993,Syntiew,a flower,Noun,,
7994,Syntiew-khmut,the tip of the nose,Noun,,
7995,Syntuid,to slip,Verb,,
7996,Syrbud,to imitate; to follow,Verb,,
7997,Syrdeng,a fence or wall made of bamboo or ekra; partition wall made of planks,Noun,,
7999,Syrngiew,a shadow,Noun,,
8000,Sriem,similar; like,Adjective,,
8001,Syrdoh,to make a knot; to tie in a knot,Verb,,
8003,Syrti,a razor; a blade; an iron file,Noun,,
8004,Syrtok,up to the mark; complete; justified by result,Adjective,,
8006,Syrwet,a trace; a mark; a form for ratification of an agreement; clue,Noun,,
8009,Tabah,to throw or hang across the shoulder,Verb,,
8010,Tabdi,to make the lips dirty,Verb,,
8011,Tabit,an amulet,Noun,,
8012,Tabla,the shoulder-piece of an animal; a chine; a kind of Hindustani drum,Noun,,
8013,Tabut,a car used on the funeral occasion of great men; a tazia,Noun,,
8014,Takda,urgent,Adjective,,
8015,Takhew,wretchedly poor; penurious; having scanty hair,Adjective,,
8016,Tynkhuh,to knock the head against,Verb,,
8017,Takma,a medal,Noun,,
8018,Takor,to strike with the knuckles (when cursing),Verb,,
8019,Takrain,to strike with the knuckles (variant),Verb,,
8021,Tad-tyrpeng,an armlet,Noun,,
8022,Tad-ynda,until; till; when,Adverb,,
8024,Tang (ktang),a pipe,Noun,,
8025,Tang ba’n ndam,nominally; formally,Phrase,,
8026,'tangkro,windpipe,Noun,,
8027,Tangdep,in a careless manner; done only to get rid of duty,Adverb,,
8028,'tang-duma,hookah; hubble-bubble,Noun,,
8029,'tangnguid,gullet (same as tangsaw),Noun,,
8030,'tangmuri,pipe used in a Khasi dance,Noun,,
8031,Tangon,to club; to beat with big sticks on the head or body,Verb,,
8032,Tangon-u-lymban,a form of capital punishment among ancient Khasis by beating a person to death with a club,Noun,,
8033,Tangsaw,the gullet,Noun,,
8034,Tangthari,a weaver’s shuttle,Noun,,
8035,Tang-um,a bamboo pipe or chunga for carrying water,Noun,,
8036,Tab,to use anything as an external application or ointment; to smear; to use as sauce,Verb,,
8037,Tab,snail,Noun,,
8038,Taboh,wastefully; lavishly,Adverb,,
8039,Tai,to winnow; to sift; to bring reasons to bear on an argument,Verb,,
8040,Tai-tai,very dirty,Adverb,,
8041,Taiar,to get ready; to prepare,Verb,,
8042,Taiew,a week,Noun,,
8043,Tain,stunted; dwarfish,Adjective,,
8044,Tain-tain,loudly,Adverb,,
8045,Tdin-tdin,elastic,Adjective,,
8046,Tait,to reject; to set aside,Verb,,
8047,Tait-kur,to be excommunicated from the clan,Verb,,
8048,Tala,a lock,Noun,,
8049,Talad,to manage,Verb,,
8050,Talain,to whirl; to wield,Verb,,
8051,Talasi,to search,Verb,,
8052,Talba,shoulder-piece (same as tahla),Noun,,
8053,Talbi,"to manage; to conduct (e.g., a case)",Verb,,
8055,Talep,tall and foolish,Adjective,,
8056,Talngeng,big-headed,Adjective,,
8057,Talmah,big; large,Adjective,,
8058,Talon,to belabour; to maul,Verb,,
8059,Talu,sugarcane,Noun,,
8060,Talù,blunt,Adjective,,
8061,Talwar,sword,Noun,,
8062,Tarn,to pick up; to gather,Verb,,
8063,Tarn,more; in excess,Adverb,,
8064,Tama,copper,Noun,,
8065,Tamsa,a show,Noun,,
8066,Tamsneng,wayward; wilful; disobedient,Adjective,,
8068,Tamtuin-tamtain,unevenly,Adverb,,
8069,Tan,to go and fetch a person; to go and meet a person on the way,Verb,,
8071,Tana-tani,in a precarious manner,Adverb,,
8072,Tania,frugal; economical,Adjective,,
8073,Tanoin,to come and attack simultaneously (as a pack of hungry wolves),Verb,,
8075,Tap,to overreach; to encroach upon,Verb,,
8076,Tap-khar-lyngngoh,to play blind man’s buff,Verb,,
8077,Tap-kpoh,to perform a poojah ceremony for the safe delivery of a child,Verb,,
8078,Tap-lawbei,to worship the spirit of the departed mother or maternal grandmother by means of sacrifices,Verb,,
8079,Tap-lubri,to perform the ceremony of naming a child,Verb,,
8081,Tap-mohkhlieh,a piece of cloth used by women to cover the head,Noun,,
8082,Tap-rngiew,to make sacrifices for one's own good luck,Verb,,
8083,Tap-Thawlang,to worship the original grandfather by means of sacrifices,Verb,,
8085,Tar,wire,Noun,,
8086,Tarajur,scales; a balance,Noun,,
8087,Tare,to grope,Verb,,
8088,Tari,a knife,Noun,,
8089,Tarik,date,Noun,,
8090,Taro,goddess of wealth among the Syntengs,Noun,,
8091,Tasa,a kind of drum; tambourine,Noun,,
8092,Tasam,worn-out and useless tool or wares,Noun,,
8095,Taw,intensely dark,Adverb,,
8096,Tawah,to hang; suspend; throw across,Verb,,
8097,Tawfar,to go round and round,Verb,,
8098,Tawlia,towel,Noun,,
8099,Tawoin,same as tawain,Verb,,
8101,Tba,to feel by touching,Verb,,
8102,Tbeng,"as if something is full in the mouth, or in a hollow vessel or pipe",Adverb,,
8103,Tbeh,to light,Verb,,
8104,Tbem,as if biting something in the mouth; firmly sticking,Adverb,,
8105,Tbiak,clean of,Adverb,,
8106,Tbian,floor,Noun,,
8107,Tbit,handy; skilful; tactful,Adjective,,
8108,Tkai-tkai,fat and plump,Adjective,,
8109,Tkor-tkor,fat and tender,Adjective,,
8111,Tdah,the bottom; a running-stitch,Noun,,
8112,Tdaw-tdaw,hard and tough,Adverb,,
8113,Tdem,smoke,Noun,,
8114,Tden,tenaciously; firmly,Adverb,,
8115,Tdit-tdot,at all,Adverb,,
8116,Tdong,tail,Noun,,
8117,Tdong-bohkhaila,the fag-end of a dhoti,Noun,,
8118,Tdong-sier,a meadow hay,Noun,,
8119,Tduh,the end (of a thread or anything),Noun,,
8120,Te,then; also used at the end of a sentence to denote surprise,Conjunction,,
8122,Teng-teng,occasionally,Adverb,,
8123,Teh,to bind; to fasten; used for emphasis,Verb,,
8124,Teh-kirmit,to be under a bond or agreement,Verb,,
8125,Teh-ktien,to be engaged in a marriage contract,Verb,,
8126,Teh-musorkar,to keep one under restraint or under the cognizance of authorities,Verb,,
8127,Teh-sai-iong,to be engaged in a marriage contract (for young children),Verb,,
8128,Tel,to build; to erect,Verb,,
8129,Tei-pop,to charge with; to lay the blame upon,Verb,,
8130,Teln-thap,nettle rash,Noun,,
8131,Tej-tej,adhesive; like gum,Adverb,,
8132,Tem,to play on a drum or stringed musical instrument; to extinguish,Verb,,
8133,Tern,trailing like a tail,Adverb,,
8134,Ten-ten,elastic; producing fibres; tough,Adjective,,
8135,Tep,to bury; to inter,Verb,,
8136,Tep-eitmiaw,to affect to overlook a thing,Verb,,
8137,Ter,in order; in a row,Adverb,,
8138,Ter-lter,one whole length,Adverb,,
8139,Ter-shi-ter,in a series of objects; one after another,Adverb,,
8140,Ter-ter,consecutively,Adverb,,
8141,Tew-tew,very hard,Adverb,,
8142,Tnga,a husband or wife,Noun,,
8144,Tngen,to make thin; to reduce,Verb,,
8145,Tngen-um,to lessen the amount of water,Verb,,
8146,Tngit,dirty; impure; polluted,Adjective,,
8147,Tngit mynsiem,wickedness; impurity of mind,Noun,,
8148,Tniah,to examine; to inspect carefully,Verb,,
8149,Tniah bha,to investigate thoroughly,Verb,,
8150,Tneng,to advise; to warn; to instruct,Verb,,
8151,Tneng briew,to admonish a person,Verb,,
8152,Tnoh,to stretch; to extend,Verb,,
8153,Tnohsngew,to pay attention; to listen carefully,Verb,,
8154,To,to cut; to slice,Verb,,
8155,Toh,to reach; to arrive; to touch,Verb,,
8156,Toh-jingmut,to understand; comprehend,Verb,,
8157,Toh-nong,to obtain reward; gain result,Verb,,
8158,Toh-tyrkhong,to strike against; hit,Verb,,
8159,Tok,to throw gently; to toss,Verb,,
8160,Tok-bynthei,a kind of game played with cowries,Noun,,
8161,Tnat,a branch; a twig,Noun,,
8162,Tndw,a big claw (of a crab); the wing (of a house),Noun,,
8163,Tnum,the ridge of a house,Noun,,
8165,Tok,just; merely,Adverb,,
8166,Tong,"to draw (water from a well or vessel, or fish from a river); to fish",Verb,,
8167,Toh,to peck; to bite,Verb,,
8168,Tohkhat,very occasionally,Adverb,,
8169,Tohkit,to enquire; to investigate,Verb,,
8170,Tohjaw,a boil,Noun,,
8171,Tohmet,roughly; without consideration or mercy,Adverb,,
8172,Toi,otherwise; but; now at any rate; as a matter of fact,Adverb,,
8173,Toin-toin,easily; without resistance,Adverb,,
8174,Top,just; only,Adverb,,
8176,Torti,careless; not doing up to the mark,Adjective,,
8177,Trai,root; Lord; master; owner,Noun,,
8178,Ka trai,principal money,Noun,,
8179,Trai-shnong,a native of a place; a citizen,Noun,,
8180,Trait,at once (catch); firmly,Adverb,,
8181,Tram,to wither; to die (of trees and bamboos),Verb,,
8182,Tram,a disease of the pan leaves,Noun,,
8183,Trang,bachelor's house,Noun,,
8184,Trap,a small circular rain-proof frame used by the Khasis,Noun,,
8185,Traw,sun-grass,Noun,,
8186,Treig,a mane,Noun,,
8187,Treh,to consent; to agree,Verb,,
8188,Trei,to work; to labour,Verb,,
8189,Treikta,to work hard; to labour continuously,Verb,,
8190,Treibeng,to work without care; to work imperfectly,Verb,,
8191,Treilang,to work together; to cooperate,Verb,,
8192,Treilang-shim,mutual help; cooperation,Noun,,
8193,Trei paidbah,public work; work done collectively,Noun,,
8194,Trei shnong,village work; community service,Noun,,
8195,Tret,to crush; to grind; to squeeze,Verb,,
8196,Tret-sawdong,to press or crush completely,Verb,,
8197,Trew,to tremble; to shiver,Verb,,
8198,Trew-trew,trembling; shivering,Adjective,,
8199,Tri,three,Numeral,,
8200,Tri bynta,three parts; three shares,Noun,,
8201,Tri tylli,three pieces; three objects,Numeral,,
8202,Triang,a triangle; three-sided figure,Noun,,
8203,Trih,to drip; to fall drop by drop,Verb,,
8204,Trik,trick; deceit; skill,Noun,,
8205,Trik-trik,cunningly; by tricks,Adverb,,
8206,Trit,a little; slightly,Adverb,,
8207,Triw,to fall down; to drop,Verb,,
8208,Troh,to sink; to descend,Verb,,
8209,Trok,a cart; carriage,Noun,,
8210,Troit,to turn; to twist,Verb,,
8211,Troit-troit,crookedly; windingly,Adverb,,
8212,Trot,to tread; to trample,Verb,,
8213,Trot-lypa,to stamp upon,Verb,,
8214,Trow,to become dry; to wither,Verb,,
8215,Tuid,to pour; to flow down,Verb,,
8216,Tuid-um,a stream; running water,Noun,,
8217,Tuh,to hit; to strike,Verb,,
8218,Tuh-bah,to strike hard; beat severely,Verb,,
8219,Tuh-lynti,to push; to shove,Verb,,
8220,Tuh-shoh,to strike with force,Verb,,
8221,Tule,to chide with obscene words,Verb,,
8223,Tulu,having a big knob; blunt,Adjective,,
8224,Tum-ki-tam,articles of furniture,Noun,,
8225,Tuma-tuma,in pieces (to chop),Adverb,,
8226,Tun,"thou (used at the end of a sentence, applicable to women in colloquial language)",Pronoun,,
8227,Tup,a cannon,Noun,,
8228,Tuphan,a gale; a cyclone,Noun,,
8229,Tupia,a cap; a hat,Noun,,
8230,Tur,to advance; to rush; to butt,Verb,,
8231,Tur,mouth (abbreviation of shyntur),Noun,,
8233,Tusbir,a picture; a likeness,Noun,,
8234,Turoi,a trumpet,Noun,,
8235,T’ut,a quail (same as tyut),Noun,,
8236,Tuta,a parrot,Noun,,
8237,Tutia,sulphate of copper; blue vitriol,Noun,,
8238,Twa,to fall down as a wall; to subside,Verb,,
8239,Twad,to feel by means of the hand,Verb,,
8240,Tybian,floor (same as tbian),Noun,,
8241,Tybit,handy; skilful; tactful (same as tbit),Adjective,,
8242,Tyng-ab,a raven; a crow,Noun,,
8243,Tyng-am,the jawbone; a loud harsh voice,Noun,,
8244,Tyng-am-duh,the wisdom tooth,Noun,,
8245,Tyngka,money; rupee,Noun,,
8246,Tyngkai,to reserve; to keep in store; to economize,Verb,,
8247,Tyngkai-soh-thad,to preserve a thing carefully (used sarcastically for what ought not to be done),Verb,,
8248,Tyngkan,to suppress; to reserve,Verb,,
8249,Tyngkeng,as if caught up between some obstacles,Adverb,,
8250,Tyngkhap,to insert; to infix; to hide,Verb,,
8251,Niang-tynkhap,a tick,Noun,,
8252,Tyngkhap-maw,crevice of a rock,Noun,,
8253,Tyngkhip-tyngkhap,behind or unnoticed; carefully set aside or hidden,Adverb,,
8254,Tyngkhuh,to hit or get the head knocked against something,Verb,,
8255,Tyngkong,a platform next to the door of the second room in a Khasi house,Noun,,
8256,Tyngkoh,limping,Adverb,,
8257,Tyngkra,a small fish with sharp fins close to the gills,Noun,,
8258,Tyngkrein,vividly displayed,Adverb,,
8259,Tyngkrong,"a dao having two supporters at the back of the edge used for cutting and dressing fish, etc.",Noun,,
8260,Tyngkdun,nicely dressed; gracefully,Adverb,,
8261,Tyngden,firmly; strongly,Adverb,,
8262,Tyng-eh,roughly; harshly; severely,Adverb,,
8263,Tynghong,agape; spell-bound,Adverb,,
8264,Tynghong (peit-),agape (said of a small mouth),Adverb,,
8265,Tyngngian,to stuff; to cram,Verb,,
8266,Tyngwai,to be hidden; concealed,Verb,,
8267,Tyngwhai,to be scattered; dispersed,Verb,,
8268,Tyngwieng,to be entangled; involved,Verb,,
8269,Tynrai,origin; root; source,Noun,,
8270,Tynrai shnong,original inhabitant of a village,Noun,,
8271,Tynriang,triangular; three-cornered,Adjective,,
8272,Tynroh,to spread; to extend,Verb,,
8273,Tynsat,firmly fixed; attached,Adjective,,
8274,Tyntang,empty; hollow,Adjective,,
8275,Tyntang-tyntang,completely empty,Adverb,,
8276,Tyntiew,to lift; raise; elevate,Verb,,
8277,Tyntiew shnong,to establish or build up a village,Verb,,
8278,Tyntung,to poke; to pierce,Verb,,
8279,Tyntur,mouth; opening,Noun,,
8280,Tynrai-ktien,root word; original word,Noun,,
8266,Tyng-in,to flirt; to court,Verb,,
8267,Tyng-ier,a platform suspended just above the hearth in a Khasi house where firewood is kept,Noun,,
8268,Tyngjlang,completely (taken by surprise),Adverb,,
8269,Tynglong,completely (taken by surprise),Adverb,,
8270,Tyngmep,full of leaves,Adjective,,
8271,Tyngmup,to speak or deal harshly,Verb,,
8272,Tyngnan,slender; small and thin,Adjective,,
8273,Tyngniaw,slender; small and thin,Adjective,,
8274,Tyngnin,slender; small and thin,Adjective,,
8275,Tyngshai,to shine; to glare; to reflect,Verb,,
8276,Tyngshop,an effigy of a man made of bamboo work representing the first maternal uncle in a Khasi ceremonial dance,Noun,,
8277,Tyngwoin,to go round and round,Verb,,
8278,Tyllai,a rope,Noun,,
8279,Tyllai-snwali,a rope in a plough by which the neck of an ox is fastened,Noun,,
8280,Tyllan,entirely; wholly; without reserve,Adverb,,
8281,Tyllawdieng,a firebrand,Noun,,
8282,Tyllep,to cover completely; to hide,Verb,,
8284,Tylli-tyllan,exactly alike,Adverb,,
8285,Tylliat,to grind; to bruise,Verb,,
8286,Tyllong,"the stock (of maize, etc.); the handle of a dao; the source of a stream",Noun,,
8287,Tyllun,to revolve; to roll; to tumble,Verb,,
8289,Tymblong,like an idiot or dumb man; bewildered,Adverb,,
8290,Tymbuit,the elbow,Noun,,
8292,Tympan,a machan in a Khasi house overhead where odds and ends are kept,Noun,,
8293,Tympom,"one of the three arrows shot from the funeral pyre towards the north, west and south to keep off evil spirits",Noun,,
8294,Tympew,a betel leaf,Noun,,
8295,Tympha,a shoulder,Noun,,
8296,Tymphu,"a tree resembling a papaya tree, the branches of which are used as pipes in a liquor distillery",Noun,,
8297,Tyndah,along with; together,Adverb,,
8298,Tyndai,the inside of the roof,Noun,,
8299,Tyndam,bluntly,Adverb,,
8300,Tyndaw,blunt; not pointed,Adjective,,
8301,Tyndep,"to forget or lose one's memory, as if enchanted",Verb,,
8302,Tyndi-tynda,perchance,Adverb,,
8303,Tyndong,a short pipe; a case,Noun,,
8304,Tyndung,to poke; to thrust; to goad,Verb,,
8305,Tynjang,a lame demon who haunts the jungle,Noun,,
8306,Tynjuh,to try; to test; to tempt,Verb,,
8307,Tynnad,moderately,Adverb,,
8309,Tynneng,to imitate,Verb,,
8310,Tynnuh,to pull; to draw,Verb,,
8311,Tynnung,to stretch; to extend,Verb,,
8312,Tynrai,origin; root; source,Noun,,
8313,Tynrai briew,original inhabitant; ancestor,Noun,,
8314,Tynrim,deep-rooted; firm,Adjective,,
8315,Tynrong,to carry on the head; to bear a load,Verb,,
8316,Tynsat,firmly fixed; attached,Adjective,,
8317,Tyntang,empty; hollow,Adjective,,
8318,Tyntiew,to lift; raise,Verb,,
8319,Tyntung,to pierce; to stab,Verb,,
8320,Tyntur,mouth; opening,Noun,,
8321,Tyrkhong,empty; vacant; hollow,Adjective,,
8322,Tyrphin,turpentine,Noun,,
8323,Tyrphut,nasty (wet),Adjective,,
8324,Tyrpud,a big lizard,Noun,,
8325,Tyrsain,to have cramp or a creeping cold sensation (generally of the feet),Verb,,
8326,Tyr-saw,to faint out of hunger or thirst,Verb,,
8327,Tyrsem,nicely (dressed),Adverb,,
8328,Tyrshait,having the appearance of many fruits hanging on a tree,Adjective,,
8329,Tyrsiang,smooth; slippery,Adjective,,
8330,Tyrsim,the nail; the hoof; the claw,Noun,,
8331,Tyrsuh,to poke; to incite; to urge vehemently,Verb,,
8332,Tyrtai,very dirty,Adverb,,
8333,Tyrtew,in ragged clothes,Adverb,,
8335,Tyrthup-um,foam,Noun,,
8336,Tyr-ut,"the demoness who brings misfortune to a man, especially violent death",Noun,,
8337,Tyrwa,to propose; to offer; to tender,Verb,,
8338,Tyrwieng,a potsherd,Noun,,
8340,U,"sign of masculine; he, it, an, the",Pronoun,,
8341,Uba,who; which; that,Pronoun,,
8342,Ud,to groan; to complain; to hum,Verb,,
8343,U-ei?,who?,Pronoun,,
8344,Uei-uet,any; anyone,Pronoun,,
8345,U-ei-re-u-ei,somebody; someone,Pronoun,,
8347,Um,water; juice,Noun,,
8348,Um,to melt; to dissolve,Verb,,
8350,Um-biah,saliva; spittle,Noun,,
8351,Um-koi,a well where sacrifices and oaths are performed,Noun,,
8352,Umja,conjee,Noun,,
8353,Um-jakar,the humours of the body; human seed,Noun,,
8354,Um-jam,water mixed with rice; rice water,Noun,,
8355,Um-jing,water from a spring,Noun,,
8356,Um-jngam,water that has reached the brim; overflowing water,Noun,,
8357,Um-lieh,clear water,Noun,,
8358,Um-poh,perspiration; sweat,Noun,,
8359,Um-risa,urine,Noun,,
8360,Um-rong,stagnant water,Noun,,
8361,Um-saw,blood,Noun,,
8362,Um-sien,a kind of medicinal water; a sacred water,Noun,,
8363,Um-swet,rain water,Noun,,
8364,Um-tong,water from a vessel or pipe,Noun,,
8365,Um-tung,a waterfall,Noun,,
8366,Um-jah,cold water,Noun,,
8367,Um-jar,dew,Noun,,
8368,Umjiat,water which drains from the crevices of rocks through marshy places,Noun,,
8369,Um-jung,mine,Noun,,
8370,Um-mat,tears,Noun,,
8371,Um-mluh,salt spring; salt water,Noun,,
8372,Umpohliew,a spring; a fountain,Noun,,
8373,Um-pyrdeng,"water in a well used in oath, libation and sacrificial ceremonies",Noun,,
8374,Um-reit (long-),lively and dark (complexion),Adjective,,
8375,Um-rieng,fresh or pure water,Noun,,
8376,Um-rmuh,water applied on a wound or sore,Noun,,
8377,Um-saw,a flood,Noun,,
8378,Um-shar,cold water poured into hot water to lower its temperature,Noun,,
8379,Um-shit,hot water; soup,Noun,,
8380,Um-shitja,conjee,Noun,,
8381,Um-snam,to shed one's blood,Verb,,
8382,Um-syep,sweat; personal income,Noun,,
8383,Um-thet,water with which hands have been washed,Noun,,
8384,Um-thlong,water which gathers in a pot-hole of a stream,Noun,,
8385,Um-thra,water which issues before the delivery of a child,Noun,,
8386,Um-umj (said-),lukewarm; warm,Adjective,,
8387,Umwi,people living in the country through which the stream Umwi near Jarain passes,Noun,,
8388,U'n,he will,Phrase,,
8389,Une,this (near me),Pronoun,,
8390,Uno?,which?,Pronoun,,
8391,Uno-re-uno,someone; somebody,Pronoun,,
8392,Uno-uno,whoever; anyone,Pronoun,,
8393,Ur,to slip; to fall; with a rumbling noise; with a warm sensation,Verb,,
8394,Urlong,to happen; to come to pass (as predicted or expected),Verb,,
8395,Ur-met,menstruation,Noun,,
8396,Urwir-urhap,to reside as an alien in a place,Verb,,
8397,Usa,to dress and smooth the plastering of a wall by means of a piece of board,Verb,,
8398,Ut,camel,Noun,,
8399,Ut-shi-ut,slowly; hesitatingly; procrastinating; dilatory,Adverb,,
8400,Uta,he (out of sight),Pronoun,,
8401,Utai,he (within sight),Pronoun,,
8402,Utai-tai,he (there within sight),Pronoun,,
8403,Utei,he (up there),Pronoun,,
8404,Uthie,he (down there),Pronoun,,
8405,Uto,he (near you),Pronoun,,
8406,Uwei,one,Adjective,,
8407,Uwei-la-uwei,someone else,Pronoun,,
8408,Uwei-u-briew,some other person,Pronoun,,
8409,Uwei pat,another,Phrase,,
8411,Wa,denoting surprise; hallo!,Interjection,,
8412,Wah-wah,flexibly; pliably,Adverb,,
8413,Wak,abruptly; asunder,Adverb,,
8414,Wad,to seek; to search; to look for,Verb,,
8415,Wadnr,a Wahadadar; a president or ruler of the Shillong confederacy,Noun,,
8416,Wad-buit,"to find out the secret, plan, trick, etc.",Verb,,
8417,Wad-dong,to seek an excuse,Verb,,
8418,Wad-lad,to seek a means or opportunity,Verb,,
8419,Wad-nia,to seek a pretext for controversy; find arguments for a case,Verb,,
8420,Wad-phoi,to seek a quarrel,Verb,,
8421,Wad-shisha,to seek the truth; investigate,Verb,,
8422,Wad-tynnad,to seek peace or reconciliation,Verb,,
8423,Wah,a river; stream,Noun,,
8424,Wah-ar,a stream above; upper stream,Noun,,
8425,Wah-bah,a large river,Noun,,
8426,Wah-byneng,the milky way,Noun,,
8427,Wah-dieng,a stream bordered by trees,Noun,,
8428,Wah-jyrmi,a stream with steep banks,Noun,,
8429,Wah-lyngdoh,a sacred stream,Noun,,
8430,Wah-lyngngam,a deep stream,Noun,,
8431,Wah-mluh,a salt stream,Noun,,
8432,Wah-pyndeng,a stream where sacrifices are performed,Noun,,
8433,Wah-riat,a stream with a waterfall,Noun,,
8434,Wah-saw,a red-coloured stream (from iron deposits),Noun,,
8435,Wah-shnong,a village stream,Noun,,
8436,Wah-tung,a waterfall stream,Noun,,
8437,Wai,to wait; remain,Verb,,
8438,Wai-lad,to give opportunity; allow,Verb,,
8439,Wai-lynti,to make way; give passage,Verb,,
8440,Waid,to throw away; discard,Verb,,
8441,Waw,alas! dear me!,Interjection,,
8442,Weng,to remove; to take away,Verb,,
8444,'Wei,a pool (abbreviation of thwei),Noun,,
8445,Wer,to invite; to hire,Verb,,
8446,Wer-kynbat,to weed,Verb,,
8447,Wer-wer,to invite repeatedly; continuously,Adverb,,
8448,Wia,where?,Adverb,,
8449,Wia-wia,wherever,Adverb,,
8450,Wiah,to make; to create,Verb,,
8451,Wiah-buit,to devise; to invent a plan,Verb,,
8452,Wiah-lynti,to prepare a way; arrange means,Verb,,
8453,Wiah-shisha,to establish truth; verify,Verb,,
8454,Wiet,to wait; remain,Verb,,
8455,Wit,weak; feeble,Adjective,,
8456,Wit-wit,weakly; feebly,Adverb,,
8458,Ym,not,Adverb,,
8459,Ym banse,to be obliged; it cannot be helped,Phrase,,
8460,Ym don bak,not to have authority to do anything; not to dare,Phrase,,
8461,Ym laplieng,to be in a mighty hurry,Phrase,,
8462,Ym lei-lei,it will not fare ill; it will not go wrong,Phrase,,
8464,Yn lei,it will do no harm; it will be all right,Phrase,,
8465,Yn sa,it will,Phrase,,
8466,Ynda,after; when; till,Conjunction,,
8467,Yn-nai,no; not; I do not want it,Adverb,,
8468,Yngkuid (sati-),a magic ring,Noun,,
